"scenario","replicate","method","n","regret","rpsel","unique_doses","total_cost"
4,1,"AB-GP",90,0.0514927972665615,0.164704144090805,24,450
4,2,"AB-GP",120,0.0514927972665615,0.108289686927905,20,420
4,3,"AB-GP",120,0.174357546462441,0.206661850893277,22,450
4,4,"AB-GP",120,0.0257463986332808,0.164250793024481,18,390
4,5,"AB-GP",120,0.0514927972665615,0.0932856416861208,16,360
4,6,"AB-GP",120,0.0514927972665615,0.0981067615410588,19,405
4,7,"AB-GP",120,0.0514927972665615,0.0876533399426208,16,360
4,8,"AB-GP",120,0.200103945095721,0.211258990396712,21,435
4,9,"AB-GP",120,0.0514927972665615,0.127824264239003,19,405
4,10,"AB-GP",120,0.0514927972665615,0.10284847076653,19,405
4,11,"AB-GP",120,0.0257463986332808,0.160640146597113,19,405
4,12,"AB-GP",120,0.0514927972665615,0.132201224145513,17,375
4,13,"AB-GP",120,0.561226918711652,0.51541283112547,11,285
4,14,"AB-GP",120,0.0514927972665615,0.0820483288185235,21,435
4,15,"AB-GP",104,0.0514927972665615,0.218270538297336,23,449
4,16,"AB-GP",120,0.0257463986332808,0.123729326496331,14,330
4,17,"AB-GP",120,0.174357546462441,0.213036428913034,13,315
4,18,"AB-GP",120,0.0257463986332808,0.12800242272508,18,390
4,19,"AB-GP",120,0.174357546462441,0.217471315610281,14,330
4,20,"AB-GP",120,0.200103945095721,0.175840255378539,22,450
4,21,"AB-GP",120,0.174357546462441,0.20862674720206,13,315
4,22,"AB-GP",120,0.0514927972665615,0.216073394970938,16,360
4,23,"AB-GP",90,0.174357546462441,0.26228990678789,24,450
4,24,"AB-GP",120,0.0514927972665615,0.154373165985653,19,405
4,25,"AB-GP",120,0,0.213921393404042,20,420
4,26,"AB-GP",120,0.157495621242869,0.285402103137385,18,390
4,27,"AB-GP",104,0.0514927972665615,0.0991756753292456,23,449
4,28,"AB-GP",120,0.0257463986332808,0.185425657710008,19,405
4,29,"AB-GP",120,0.0257463986332808,0.194262914083127,18,390
4,30,"AB-GP",120,0,0.322075794500065,20,420
4,31,"AB-GP",120,0.0257463986332808,0.163929337682541,15,345
4,32,"AB-GP",120,0.0514927972665615,0.1112407692639,14,330
4,33,"AB-GP",104,0.0514927972665615,0.0924822712746816,23,449
4,34,"AB-GP",120,0.921613320735482,0.118767067838953,12,300
4,35,"AB-GP",90,0.0514927972665615,0.134967866778189,24,450
4,36,"AB-GP",120,0.0514927972665615,0.118552907818788,20,420
4,37,"AB-GP",120,0.0514927972665615,0.351843271644436,19,405
4,38,"AB-GP",90,0.0514927972665615,0.203883414043901,24,450
4,39,"AB-GP",120,0.0257463986332808,0.10457094046591,13,315
4,40,"AB-GP",120,0.183242019876149,0.232777622336873,15,345
4,41,"AB-GP",120,0.0514927972665615,0.108936052583648,18,390
4,42,"AB-GP",120,0.0514927972665615,0.126925403137373,20,420
4,43,"AB-GP",120,0.0514927972665615,0.0703619311497673,14,330
4,44,"AB-GP",120,0,0.144437328445177,16,360
4,45,"AB-GP",120,0.0514927972665615,0.1325447142687,14,330
4,46,"AB-GP",120,0.0514927972665615,0.0821968299841083,15,345
4,47,"AB-GP",120,0.0514927972665615,0.094270812684866,20,420
4,48,"AB-GP",104,0.0514927972665615,0.14780960869627,23,449
4,49,"AB-GP",120,0.0514927972665615,0.231576774738624,15,345
4,50,"AB-GP",120,0.0514927972665615,0.0909623634653429,19,405
4,51,"AB-GP",120,0.0514927972665615,0.0995520632488106,21,435
4,52,"AB-GP",120,0.0514927972665615,0.140708713393634,11,285
4,53,"AB-GP",120,0.0257463986332808,0.191093557693254,15,345
4,54,"AB-GP",120,0.0514927972665615,0.180668972219453,20,420
4,55,"AB-GP",120,0.0514927972665615,0.0804730970829911,17,375
4,56,"AB-GP",120,0.174357546462441,0.192678095938049,15,345
4,57,"AB-GP",120,0.0514927972665615,0.109342000960674,20,420
4,58,"AB-GP",120,0.0514927972665615,0.108143488382303,16,360
4,59,"AB-GP",120,0.0514927972665615,0.105437472637653,14,330
4,60,"AB-GP",120,0.174357546462441,0.162684756379762,22,450
4,61,"AB-GP",120,0.0514927972665615,0.154387016772466,18,390
4,62,"AB-GP",120,0.0514927972665615,0.0968440046430577,16,360
4,63,"AB-GP",104,0.0514927972665615,0.147421467278844,23,449
4,64,"AB-GP",120,0.174357546462441,0.203105259536717,16,360
4,65,"AB-GP",120,0.255685929226585,0.289624036781272,20,420
4,66,"AB-GP",120,0.0514927972665615,0.183538917659186,22,450
4,67,"AB-GP",120,0,0.190122756367693,20,420
4,68,"AB-GP",120,0.0257463986332808,0.22849239534443,17,375
4,69,"AB-GP",120,0.174357546462441,0.201723915453113,16,360
4,70,"AB-GP",120,0.0514927972665615,0.179642910262152,21,435
4,71,"AB-GP",120,0.229939530593304,0.192341810488308,19,405
4,72,"AB-GP",120,0.0514927972665615,0.0921283591134607,20,420
4,73,"AB-GP",104,0.174357546462441,0.243484536796095,23,449
4,74,"AB-GP",120,0.0514927972665615,0.10349061571947,20,420
4,75,"AB-GP",120,0.0514927972665615,0.142094437582371,22,450
4,76,"AB-GP",120,0.0514927972665615,0.24157941283157,15,345
4,77,"AB-GP",120,0.0514927972665615,0.0908071860674375,14,330
4,78,"AB-GP",120,0.200103945095721,0.165550774388487,18,390
4,79,"AB-GP",120,0.0514927972665615,0.0965910336011849,18,390
4,80,"AB-GP",120,0.0257463986332808,0.127677679044369,20,420
4,81,"AB-GP",120,0.157495621242869,0.201115299181738,21,435
4,82,"AB-GP",104,0.0257463986332808,0.247637820871453,23,449
4,83,"AB-GP",120,0.0514927972665615,0.161918879292976,17,375
4,84,"AB-GP",120,0.0514927972665615,0.0884974908810391,17,375
4,85,"AB-GP",120,0.314991242485737,0.254067024235087,19,405
4,86,"AB-GP",120,0.174357546462441,0.359847078597255,15,345
4,87,"AB-GP",120,0.0514927972665615,0.102115637519086,15,345
4,88,"AB-GP",90,0.0514927972665615,0.178797241873287,24,450
4,89,"AB-GP",120,0.0514927972665615,0.114781334145541,15,345
4,90,"AB-GP",120,0.0514927972665615,0.0777126229044552,14,330
4,91,"AB-GP",120,0.0514927972665615,0.0990451888030512,17,375
4,92,"AB-GP",104,0.0514927972665615,0.109783348578109,23,449
4,93,"AB-GP",120,0.0257463986332808,0.160741861144408,16,360
4,94,"AB-GP",120,0.174357546462441,0.198406865022023,19,405
4,95,"AB-GP",120,0.200103945095721,0.161053196765888,18,390
4,96,"AB-GP",120,0.0514927972665615,0.0906161474357981,16,360
4,97,"AB-GP",120,0.0257463986332808,0.221474721444195,17,375
4,98,"AB-GP",90,0.0514927972665615,0.214250737945481,24,450
4,99,"AB-GP",120,0.200103945095721,0.160436814026996,17,375
4,100,"AB-GP",120,0,0.208320947865613,17,375
4,101,"AB-GP",120,0.0514927972665615,0.0955829322713971,14,330
4,102,"AB-GP",90,0.174357546462441,0.289023427075983,24,450
4,103,"AB-GP",90,0.0514927972665615,0.132844839328543,24,450
4,104,"AB-GP",120,0.0514927972665615,0.124100884807073,21,435
4,105,"AB-GP",120,0.0257463986332808,0.168038490305342,15,345
4,106,"AB-GP",104,0.174357546462441,0.23505918510502,23,449
4,107,"AB-GP",120,0.174357546462441,0.234480676616678,17,375
4,108,"AB-GP",120,0.0514927972665615,0.11079096698596,17,375
4,109,"AB-GP",120,0.174357546462441,0.720602773144801,12,300
4,110,"AB-GP",120,0.0257463986332808,0.157333520562087,16,360
4,111,"AB-GP",90,0.0514927972665615,0.210025798266487,24,450
4,112,"AB-GP",104,0.0257463986332808,0.281703933634594,23,449
4,113,"AB-GP",104,0.0514927972665615,0.147719959425085,23,449
4,114,"AB-GP",120,0.0514927972665615,0.121217442327594,14,330
4,115,"AB-GP",90,0.174357546462441,0.218252717814292,24,450
4,116,"AB-GP",90,0.0514927972665615,0.187046255761408,24,450
4,117,"AB-GP",120,0.0514927972665615,0.109436927116899,17,375
4,118,"AB-GP",120,0.0514927972665615,0.134094735445272,13,315
4,119,"AB-GP",90,0.0514927972665615,0.137150989799235,24,450
4,120,"AB-GP",120,0.0514927972665615,0.0839064590287476,21,435
4,121,"AB-GP",120,0.0514927972665615,0.0884291232347815,17,375
4,122,"AB-GP",120,0.157495621242869,0.145936408317945,18,390
4,123,"AB-GP",120,0.174357546462441,0.220308132231508,13,315
4,124,"AB-GP",120,0.243327186935991,0.381666962646279,18,390
4,125,"AB-GP",90,0.174357546462441,0.287978015269588,24,450
4,126,"AB-GP",120,0.174357546462441,0.210746783510085,15,345
4,127,"AB-GP",104,0.157495621242869,0.187351104608302,23,449
4,128,"AB-GP",120,0.0514927972665615,0.193106027294911,15,345
4,129,"AB-GP",120,0.0514927972665615,0.304230895992839,17,375
4,130,"AB-GP",120,0.0514927972665615,0.102250567553237,20,420
4,131,"AB-GP",120,0.0257463986332808,0.270361832438965,18,390
4,132,"AB-GP",120,0,0.112356650785343,14,330
4,133,"AB-GP",120,0.174357546462441,0.248362935166728,19,405
4,134,"AB-GP",120,0.0257463986332808,0.118921895833181,13,315
4,135,"AB-GP",120,0.0514927972665615,0.148582812663401,21,435
4,136,"AB-GP",120,0.0514927972665615,0.0875083013314322,22,450
4,137,"AB-GP",120,0.314991242485737,0.335158776867204,17,375
4,138,"AB-GP",120,0.174357546462441,0.234614365608994,22,450
4,139,"AB-GP",120,0.0514927972665615,0.131287750477186,16,360
4,140,"AB-GP",120,0.0514927972665615,0.13761150815794,14,330
4,141,"AB-GP",90,0.0514927972665615,0.13746468920161,24,450
4,142,"AB-GP",90,0.0514927972665615,0.138749745570416,24,450
4,143,"AB-GP",120,0.0514927972665615,0.0917688652971311,16,360
4,144,"AB-GP",90,0.183242019876149,0.19802211611237,24,450
4,145,"AB-GP",120,0.0257463986332808,0.128963841539939,13,315
4,146,"AB-GP",120,0.0257463986332808,0.118981761361875,15,345
4,147,"AB-GP",120,0.174357546462441,0.260566371432667,20,420
4,148,"AB-GP",104,0.0514927972665615,0.256965393306769,23,449
4,149,"AB-GP",104,0.0514927972665615,0.117582956950474,23,449
4,150,"AB-GP",120,0.0514927972665615,0.118326831252157,16,360
4,151,"AB-GP",120,0,0.191664723585151,21,435
4,152,"AB-GP",120,0.0514927972665615,0.121954879800372,12,300
4,153,"AB-GP",120,0.0514927972665615,0.147404449335367,16,360
4,154,"AB-GP",120,0.174357546462441,0.192752880998011,15,345
4,155,"AB-GP",120,0.0514927972665615,0.100916014000844,14,330
4,156,"AB-GP",120,0.0514927972665615,0.199844890647764,12,300
4,157,"AB-GP",120,0.0514927972665615,0.11806792813934,13,315
4,158,"AB-GP",120,0.174357546462441,0.265936357731093,12,300
4,159,"AB-GP",120,0.839612167375785,0.205423174545981,11,285
4,160,"AB-GP",120,0.0514927972665615,0.152765742433606,15,345
4,161,"AB-GP",104,0.200103945095721,0.312569421696079,23,449
4,162,"AB-GP",104,0.314991242485737,0.184133956263558,23,449
4,163,"AB-GP",120,0,0.248269005655862,14,330
4,164,"AB-GP",120,0.0514927972665615,0.221846962829098,22,450
4,165,"AB-GP",120,0.0257463986332808,0.116431426384764,15,345
4,166,"AB-GP",120,0.183242019876149,0.155533042756749,19,405
4,167,"AB-GP",120,0.174357546462441,0.213692783970765,22,450
4,168,"AB-GP",120,0.0514927972665615,0.160788152655121,18,390
4,169,"AB-GP",120,0.0514927972665615,0.0919895038210848,15,345
4,170,"AB-GP",90,0.174357546462441,0.264228018820322,24,450
4,171,"AB-GP",120,0.174357546462441,0.227027646612014,18,390
4,172,"AB-GP",120,0.0257463986332808,0.145327396873655,17,375
4,173,"AB-GP",120,0.0514927972665615,0.114367019091045,14,330
4,174,"AB-GP",120,0.174357546462441,0.220131157096338,22,450
4,175,"AB-GP",120,0.0514927972665615,0.0983760721389919,17,375
4,176,"AB-GP",104,0.0514927972665615,0.134081198032154,23,449
4,177,"AB-GP",120,0.0514927972665615,0.170231285112433,15,345
4,178,"AB-GP",90,0.620295747957849,0.453111874498746,24,450
4,179,"AB-GP",74,0.0514927972665615,0.289355184046809,25,449
4,180,"AB-GP",120,0.243327186935991,0.142022927893751,18,390
4,181,"AB-GP",120,0.0514927972665615,0.125058823298166,16,360
4,182,"AB-GP",120,0.839612167375785,0.219018743762672,13,315
4,183,"AB-GP",120,0.0514927972665615,0.157879117180109,19,405
4,184,"AB-GP",120,0.174357546462441,0.224175748022591,21,435
4,185,"AB-GP",120,0.0514927972665615,0.115104529326966,15,345
4,186,"AB-GP",120,0.0514927972665615,0.0918626377001068,17,375
4,187,"AB-GP",120,0.447520318896014,0.136365944935905,19,405
4,188,"AB-GP",120,0.0514927972665615,0.116667566621305,18,390
4,189,"AB-GP",90,0.174357546462441,0.242594743172293,24,450
4,190,"AB-GP",120,0,0.200345689069253,18,390
4,191,"AB-GP",120,0.174357546462441,0.217158636791847,18,390
4,192,"AB-GP",104,0,0.191037424515625,23,449
4,193,"AB-GP",120,0.157495621242869,0.174697365097686,17,375
4,194,"AB-GP",120,0.174357546462441,0.203767237167413,19,405
4,195,"AB-GP",120,0.0514927972665615,0.146311974637794,21,435
4,196,"AB-GP",104,0.0514927972665615,0.125922343906442,23,449
4,197,"AB-GP",120,0.157495621242869,0.169202665319041,22,450
4,198,"AB-GP",120,0.0514927972665615,0.144146102122131,14,330
4,199,"AB-GP",120,0.0514927972665615,0.0826760608548666,19,405
4,200,"AB-GP",120,0.0257463986332808,0.137717175172877,15,345
4,201,"AB-GP",120,0.0514927972665615,0.0813057108272808,14,330
4,202,"AB-GP",120,0.0514927972665615,0.108021659262641,16,360
4,203,"AB-GP",120,0.0514927972665615,0.131713168463726,18,390
4,204,"AB-GP",120,0.174357546462441,0.218457641551583,22,450
4,205,"AB-GP",104,0.314991242485737,0.157424478831311,23,449
4,206,"AB-GP",120,0.174357546462441,0.356270100278845,17,375
4,207,"AB-GP",120,0.0514927972665615,0.152293550050316,19,405
4,208,"AB-GP",120,0.174357546462441,0.37620398326632,15,345
4,209,"AB-GP",120,0.0514927972665615,0.181746394111391,17,375
4,210,"AB-GP",120,0.183242019876149,0.179686987283288,21,435
4,211,"AB-GP",120,0.0514927972665615,0.0829233742322656,13,315
4,212,"AB-GP",120,0.0514927972665615,0.141395402708091,17,375
4,213,"AB-GP",120,0.174357546462441,0.224659029817547,20,420
4,214,"AB-GP",120,0.0257463986332808,0.18649354962756,18,390
4,215,"AB-GP",120,0.0514927972665615,0.0982183515940377,17,375
4,216,"AB-GP",120,0.0514927972665615,0.0839159887414118,21,435
4,217,"AB-GP",120,0.0514927972665615,0.139738593002047,12,300
4,218,"AB-GP",104,0.0257463986332808,0.17048902584288,23,449
4,219,"AB-GP",120,0.174357546462441,0.247689906561018,22,450
4,220,"AB-GP",120,0.0514927972665615,0.151308647162855,12,300
4,221,"AB-GP",120,0.0514927972665615,0.122563652411023,19,405
4,222,"AB-GP",120,0.0257463986332808,0.143775434938201,18,390
4,223,"AB-GP",120,0.229939530593304,0.163200351239044,19,405
4,224,"AB-GP",120,0.174357546462441,0.216036579866635,14,330
4,225,"AB-GP",120,0.0514927972665615,0.0867784277441444,19,405
4,226,"AB-GP",120,0.0514927972665615,0.122182177969867,15,345
4,227,"AB-GP",120,0,0.207788464245576,19,405
4,228,"AB-GP",120,0.0514927972665615,0.114676316568614,19,405
4,229,"AB-GP",120,0.174357546462441,0.147669808116198,15,345
4,230,"AB-GP",120,0,0.143830104769422,20,420
4,231,"AB-GP",120,0.0514927972665615,0.0964315876125015,14,330
4,232,"AB-GP",120,0.0514927972665615,0.0947338798720633,14,330
4,233,"AB-GP",120,0.0257463986332808,0.142349648814364,18,390
4,234,"AB-GP",74,0.0514927972665615,0.35243633640832,25,449
4,235,"AB-GP",120,0.0514927972665615,0.178802544533188,19,405
4,236,"AB-GP",120,0.0514927972665615,0.0841540147797169,15,345
4,237,"AB-GP",120,0.174357546462441,0.199272753677307,16,360
4,238,"AB-GP",120,0,0.185379761984822,17,375
4,239,"AB-GP",120,0.0514927972665615,0.115798122823003,16,360
4,240,"AB-GP",120,0,0.185023714982309,22,450
4,241,"AB-GP",120,0.174357546462441,0.117902673353712,17,375
4,242,"AB-GP",120,0.0514927972665615,0.132161911469307,22,450
4,243,"AB-GP",120,0.0514927972665615,0.0840494148011678,16,360
4,244,"AB-GP",120,0.174357546462441,0.217813298821158,12,300
4,245,"AB-GP",104,0.0257463986332808,0.19384757536932,23,449
4,246,"AB-GP",120,0.0514927972665615,0.212822463959725,17,375
4,247,"AB-GP",120,0.0514927972665615,0.250473326679926,12,300
4,248,"AB-GP",120,0,0.218187689026461,21,435
4,249,"AB-GP",120,0.0514927972665615,0.0908655256537796,14,330
4,250,"AB-GP",120,0.829192011314632,0.183079249477119,10,270
4,251,"AB-GP",120,0.0514927972665615,0.0880902008421587,13,315
4,252,"AB-GP",120,0.0514927972665615,0.255398790462128,19,405
4,253,"AB-GP",120,0.174357546462441,0.200236512185464,17,375
4,254,"AB-GP",120,0,0.226081239936438,19,405
4,255,"AB-GP",120,0.229939530593304,0.207711055819067,18,390
4,256,"AB-GP",120,0.0514927972665615,0.0826290237219812,20,420
4,257,"AB-GP",104,0.21758078830271,0.290345018539997,23,449
4,258,"AB-GP",120,0.183242019876149,0.281725113318178,22,450
4,259,"AB-GP",90,0.0514927972665615,0.160320885672205,24,450
4,260,"AB-GP",120,0.0514927972665615,0.0845658655698838,16,360
4,261,"AB-GP",120,0.174357546462441,0.751604295623147,11,285
4,262,"AB-GP",120,0.0257463986332808,0.200403683784645,19,405
4,263,"AB-GP",120,0.0257463986332808,0.174181273781557,13,315
4,264,"AB-GP",120,0.0257463986332808,0.18431841006472,17,375
4,265,"AB-GP",120,0.0257463986332808,0.108453043127594,11,285
4,266,"AB-GP",104,0.0514927972665615,0.228081414880956,23,449
4,267,"AB-GP",120,0.0514927972665615,0.0763551069307635,11,285
4,268,"AB-GP",120,0.0514927972665615,0.12053842998709,15,345
4,269,"AB-GP",104,0.183242019876149,0.261437221297517,23,449
4,270,"AB-GP",90,0.0514927972665615,0.124268884739235,24,450
4,271,"AB-GP",120,0.0514927972665615,0.138622734405393,15,345
4,272,"AB-GP",120,0.0257463986332808,0.235932451846448,20,420
4,273,"AB-GP",104,0.0514927972665615,0.246150392976219,23,449
4,274,"AB-GP",104,0.0514927972665615,0.16908436095718,23,449
4,275,"AB-GP",120,0.0514927972665615,0.0863204373620608,18,390
4,276,"AB-GP",90,0.183242019876149,0.192911576456476,24,450
4,277,"AB-GP",120,0.0514927972665615,0.0862800109776874,15,345
4,278,"AB-GP",120,0.174357546462441,0.210266875368894,16,360
4,279,"AB-GP",104,0.0514927972665615,0.166397910037119,23,449
4,280,"AB-GP",120,0.0514927972665615,0.102671656661979,14,330
4,281,"AB-GP",120,0.21758078830271,0.169792843199677,16,360
4,282,"AB-GP",120,0.174357546462441,0.279882169950427,19,405
4,283,"AB-GP",120,0.174357546462441,0.272814875797628,18,390
4,284,"AB-GP",90,0.174357546462441,0.477281670952532,24,450
4,285,"AB-GP",120,0.0257463986332808,0.243699426558905,16,360
4,286,"AB-GP",90,0.174357546462441,0.33669809028353,24,450
4,287,"AB-GP",120,0.0514927972665615,0.13182877147755,13,315
4,288,"AB-GP",90,0.174357546462441,0.313023124803111,24,450
4,289,"AB-GP",120,0.0514927972665615,0.12879525288956,13,315
4,290,"AB-GP",120,0.0514927972665615,0.127311375402707,22,450
4,291,"AB-GP",120,0.0514927972665615,0.154136482433928,17,375
4,292,"AB-GP",120,0.0514927972665615,0.207820828344262,18,390
4,293,"AB-GP",120,0.0257463986332808,0.174922744904004,12,300
4,294,"AB-GP",120,0.357033786751628,0.62332436734905,16,360
4,295,"AB-GP",120,0,0.203724795520026,18,390
4,296,"AB-GP",120,0.0514927972665615,0.0897507689034305,15,345
4,297,"AB-GP",120,0.0514927972665615,0.165654595482093,21,435
4,298,"AB-GP",104,0.0514927972665615,0.125018937859977,23,449
4,299,"AB-GP",120,0.0514927972665615,0.166972993063416,13,315
4,300,"AB-GP",120,0.0514927972665615,0.127542882293832,14,330
4,301,"AB-GP",120,0.0514927972665615,0.13785774124919,20,420
4,302,"AB-GP",120,0.200103945095721,0.202963324358205,19,405
4,303,"AB-GP",120,0.174357546462441,0.20145454446397,18,390
4,304,"AB-GP",90,0.0514927972665615,0.15703480621291,24,450
4,305,"AB-GP",90,0.0514927972665615,0.102092547480885,24,450
4,306,"AB-GP",120,0.0514927972665615,0.078835740372375,14,330
4,307,"AB-GP",120,0.0514927972665615,0.147998096595597,16,360
4,308,"AB-GP",120,0.0514927972665615,0.122976246072839,22,450
4,309,"AB-GP",90,0.0514927972665615,0.14759283254541,24,450
4,310,"AB-GP",104,0.157495621242869,0.261137200123127,23,449
4,311,"AB-GP",120,0.0514927972665615,0.108378618664136,14,330
4,312,"AB-GP",104,0.21758078830271,0.282899399167276,23,449
4,313,"AB-GP",90,0.0514927972665615,0.247161002091605,24,450
4,314,"AB-GP",120,0.0257463986332808,0.145146975311905,14,330
4,315,"AB-GP",120,0.314991242485737,0.159494768269398,20,420
4,316,"AB-GP",120,0.174357546462441,0.21230634792071,18,390
4,317,"AB-GP",120,0.174357546462441,0.254010374023714,18,390
4,318,"AB-GP",120,0.0514927972665615,0.0757915927103353,15,345
4,319,"AB-GP",120,0.0514927972665615,0.112247334284718,18,390
4,320,"AB-GP",120,0.174357546462441,0.144721985043354,18,390
4,321,"AB-GP",120,0.0514927972665615,0.081768963970462,19,405
4,322,"AB-GP",120,0.157495621242869,0.203590815202494,22,450
4,323,"AB-GP",120,0.0514927972665615,0.437117615386419,12,300
4,324,"AB-GP",104,0.174357546462441,0.175283062364847,23,449
4,325,"AB-GP",120,0.839612167375785,0.153133888956757,12,300
4,326,"AB-GP",120,0.0514927972665615,0.108150407001516,16,360
4,327,"AB-GP",120,0.0257463986332808,0.238389738511275,19,405
4,328,"AB-GP",120,0.0257463986332808,0.148240150468294,13,315
4,329,"AB-GP",120,0.0514927972665615,0.205080111048846,18,390
4,330,"AB-GP",120,0.174357546462441,0.232294696624629,14,330
4,331,"AB-GP",120,0.174357546462441,0.163492656168586,18,390
4,332,"AB-GP",120,0.0257463986332808,0.144861401539018,16,360
4,333,"AB-GP",120,0.0514927972665615,0.102541231537176,15,345
4,334,"AB-GP",120,0.0514927972665615,0.10637987672201,15,345
4,335,"AB-GP",104,0.174357546462441,0.216981594230799,23,449
4,336,"AB-GP",120,0.0514927972665615,0.145608439081687,16,360
4,337,"AB-GP",120,0.0257463986332808,0.169195275771871,15,345
4,338,"AB-GP",120,0.0514927972665615,0.0770344114855952,16,360
4,339,"AB-GP",104,0.0514927972665615,0.227316871155822,23,449
4,340,"AB-GP",120,0.0514927972665615,0.12587198432761,18,390
4,341,"AB-GP",120,0.0514927972665615,0.113623892438939,13,315
4,342,"AB-GP",104,0,0.26331282016657,23,449
4,343,"AB-GP",120,0.0514927972665615,0.113955754401932,17,375
4,344,"AB-GP",120,0.0514927972665615,0.143444575915794,22,450
4,345,"AB-GP",120,0.0514927972665615,0.11402544540711,17,375
4,346,"AB-GP",120,0,0.236855834452454,17,375
4,347,"AB-GP",104,0.200103945095721,0.218263688784332,23,449
4,348,"AB-GP",120,0,0.239736790349839,15,345
4,349,"AB-GP",120,0.0514927972665615,0.116117588582438,19,405
4,350,"AB-GP",120,0.0514927972665615,0.130523025255539,12,300
4,351,"AB-GP",120,0.0514927972665615,0.149766608097251,20,420
4,352,"AB-GP",120,0.0257463986332808,0.17380212568597,18,390
4,353,"AB-GP",120,0.0514927972665615,0.104307960271969,12,300
4,354,"AB-GP",120,0.0514927972665615,0.0852202990430672,21,435
4,355,"AB-GP",120,0.174357546462441,0.209258416269333,21,435
4,356,"AB-GP",104,0.0514927972665615,0.120439651136284,23,449
4,357,"AB-GP",120,0.0514927972665615,0.0846815755017919,15,345
4,358,"AB-GP",90,0.682237159383961,0.414053657383422,24,450
4,359,"AB-GP",120,0.0257463986332808,0.324942296103489,15,345
4,360,"AB-GP",120,0.174357546462441,0.208126366959092,14,330
4,361,"AB-GP",120,0.174357546462441,0.183642851271608,17,375
4,362,"AB-GP",120,0.0514927972665615,0.17321995665861,21,435
4,363,"AB-GP",120,0.0514927972665615,0.0836674893991679,13,315
4,364,"AB-GP",120,0.229939530593304,0.222215081976739,14,330
4,365,"AB-GP",120,0.0514927972665615,0.0956515621305286,16,360
4,366,"AB-GP",120,0.0257463986332808,0.146343347321026,15,345
4,367,"AB-GP",104,0.0514927972665615,0.129613572148246,23,449
4,368,"AB-GP",120,0.0514927972665615,0.13349229177423,11,285
4,369,"AB-GP",120,0.183242019876149,0.209311073586597,18,390
4,370,"AB-GP",120,0.174357546462441,0.216097495404198,16,360
4,371,"AB-GP",120,0.0257463986332808,0.159020369574038,18,390
4,372,"AB-GP",120,0.0514927972665615,0.0868771809272867,16,360
4,373,"AB-GP",120,0.0514927972665615,0.113545263837342,13,315
4,374,"AB-GP",120,0.0514927972665615,0.105739113711967,22,450
4,375,"AB-GP",104,0.174357546462441,0.258488090378195,23,449
4,376,"AB-GP",90,0.174357546462441,0.239905932237235,24,450
4,377,"AB-GP",120,0.0257463986332808,0.191230123799951,20,420
4,378,"AB-GP",120,0.174357546462441,0.214360766536039,22,450
4,379,"AB-GP",120,0.0514927972665615,0.122443250716489,16,360
4,380,"AB-GP",120,0.0514927972665615,0.110132674885046,13,315
4,381,"AB-GP",120,0.0514927972665615,0.253077645884652,16,360
4,382,"AB-GP",104,0.183242019876149,0.189182729577793,23,449
4,383,"AB-GP",120,0.174357546462441,0.199234850582078,14,330
4,384,"AB-GP",120,0.0514927972665615,0.435053234014334,18,390
4,385,"AB-GP",120,0,0.143076257952168,15,345
4,386,"AB-GP",120,0.0514927972665615,0.238619430891038,17,375
4,387,"AB-GP",120,0,0.237192135272504,18,390
4,388,"AB-GP",104,0.0514927972665615,0.139477155258461,23,449
4,389,"AB-GP",120,0.0257463986332808,0.20961056294621,17,375
4,390,"AB-GP",120,0.0514927972665615,0.111207752367556,16,360
4,391,"AB-GP",120,0,0.192663612226351,17,375
4,392,"AB-GP",120,0.0514927972665615,0.167650349998145,18,390
4,393,"AB-GP",120,0.174357546462441,0.208311779242657,14,330
4,394,"AB-GP",120,0.0514927972665615,0.106521742474107,14,330
4,395,"AB-GP",120,0.0514927972665615,0.142979751412451,19,405
4,396,"AB-GP",120,0.0514927972665615,0.0922126604336964,17,375
4,397,"AB-GP",120,0,0.148800284256284,18,390
4,398,"AB-GP",120,0.0514927972665615,0.165407355443615,15,345
4,399,"AB-GP",120,0.0514927972665615,0.155565818153201,22,450
4,400,"AB-GP",120,0.0514927972665615,0.188960016582006,19,405
4,401,"AB-GP",120,0.0514927972665615,0.0876902754746428,22,450
4,402,"AB-GP",120,0.314991242485737,0.38102893609946,19,405
4,403,"AB-GP",120,0.0514927972665615,0.214860987181626,17,375
4,404,"AB-GP",120,0.0514927972665615,0.117199266976085,14,330
4,405,"AB-GP",120,0.174357546462441,0.194549401978814,17,375
4,406,"AB-GP",120,0.0514927972665615,0.166375501413958,17,375
4,407,"AB-GP",120,0.174357546462441,0.196850852995881,21,435
4,408,"AB-GP",120,0.0514927972665615,0.123905026158903,14,330
4,409,"AB-GP",120,0.0257463986332808,0.12546478130574,18,390
4,410,"AB-GP",120,0.243327186935991,0.227373147024205,19,405
4,411,"AB-GP",120,0.0514927972665615,0.248466143182981,22,450
4,412,"AB-GP",120,0.174357546462441,0.252484221942115,14,330
4,413,"AB-GP",120,0.0514927972665615,0.113858550962967,18,390
4,414,"AB-GP",90,0.0514927972665615,0.152847633731511,24,450
4,415,"AB-GP",120,0.174357546462441,0.220320841143969,15,345
4,416,"AB-GP",120,0,0.176327097420572,18,390
4,417,"AB-GP",120,0.0514927972665615,0.161910089766713,18,390
4,418,"AB-GP",120,0.0514927972665615,0.138533296960069,15,345
4,419,"AB-GP",120,0.474233440942742,0.470355783239009,17,375
4,420,"AB-GP",120,0.0514927972665615,0.152182380633804,13,315
4,421,"AB-GP",120,0.0514927972665615,0.0874853611791563,14,330
4,422,"AB-GP",120,0.0514927972665615,0.100845752905695,22,450
4,423,"AB-GP",90,0.174357546462441,0.170733949379215,24,450
4,424,"AB-GP",120,0.174357546462441,0.201543738655017,17,375
4,425,"AB-GP",120,0.0514927972665615,0.11587068411296,21,435
4,426,"AB-GP",120,0.0514927972665615,0.145859744173098,15,345
4,427,"AB-GP",104,0.183242019876149,0.23419858914068,23,449
4,428,"AB-GP",120,0.174357546462441,0.201787132235486,15,345
4,429,"AB-GP",120,0.0514927972665615,0.12669729869704,16,360
4,430,"AB-GP",120,0.174357546462441,0.228786011432352,18,390
4,431,"AB-GP",120,0.174357546462441,0.247085308634304,16,360
4,432,"AB-GP",104,0.0514927972665615,0.102605247190942,23,449
4,433,"AB-GP",120,0,0.224626842478074,17,375
4,434,"AB-GP",120,0.174357546462441,0.22410917656267,19,405
4,435,"AB-GP",120,0.0514927972665615,0.0907719897312699,16,360
4,436,"AB-GP",120,0.0514927972665615,0.181110605281917,17,375
4,437,"AB-GP",90,0.0514927972665615,0.154757736772874,24,450
4,438,"AB-GP",104,0.174357546462441,0.232686315082912,23,449
4,439,"AB-GP",120,0.839612167375785,0.202537264034092,13,315
4,440,"AB-GP",120,0.0514927972665615,0.175173329959694,19,405
4,441,"AB-GP",120,0.0514927972665615,0.137801720206878,14,330
4,442,"AB-GP",120,0.0514927972665615,0.118478755763847,16,360
4,443,"AB-GP",120,0.0514927972665615,0.246671117673446,16,360
4,444,"AB-GP",120,0.0257463986332808,0.119038591152798,13,315
4,445,"AB-GP",120,0.174357546462441,0.211902612432402,19,405
4,446,"AB-GP",120,0.0514927972665615,0.0709695538903466,16,360
4,447,"AB-GP",120,0.0257463986332808,0.207077100115041,18,390
4,448,"AB-GP",120,0.474233440942742,0.5894669597901,13,315
4,449,"AB-GP",120,0.0514927972665615,0.129440199357644,22,450
4,450,"AB-GP",120,0.0514927972665615,0.144073194098085,14,330
4,451,"AB-GP",120,0.174357546462441,0.219281704354331,17,375
4,452,"AB-GP",74,0.0514927972665615,0.41087082672273,25,449
4,453,"AB-GP",120,0.0514927972665615,0.114231065445509,16,360
4,454,"AB-GP",120,0.0257463986332808,0.185165649168624,22,450
4,455,"AB-GP",120,0.174357546462441,0.250667993022302,22,450
4,456,"AB-GP",120,0.0514927972665615,0.200154602674441,19,405
4,457,"AB-GP",120,0.0514927972665615,0.0956136531680165,22,450
4,458,"AB-GP",120,0.0514927972665615,0.118864611991447,17,375
4,459,"AB-GP",90,0.174357546462441,0.372288388273847,24,450
4,460,"AB-GP",120,0.0514927972665615,0.254356257983764,14,330
4,461,"AB-GP",120,0.0514927972665615,0.0870629266014986,16,360
4,462,"AB-GP",120,0.0257463986332808,0.162496235783516,19,405
4,463,"AB-GP",120,0.0514927972665615,0.259927864211687,19,405
4,464,"AB-GP",120,0.0514927972665615,0.113685133194661,14,330
4,465,"AB-GP",120,0.174357546462441,0.229119633176977,18,390
4,466,"AB-GP",104,0.0514927972665615,0.163184791689129,23,449
4,467,"AB-GP",104,0.0514927972665615,0.145646028528196,23,449
4,468,"AB-GP",120,0.157495621242869,0.177372891135479,16,360
4,469,"AB-GP",120,0.0514927972665615,0.115185484022091,14,330
4,470,"AB-GP",120,0.0514927972665615,0.0778869415366394,14,330
4,471,"AB-GP",120,0.0514927972665615,0.108851508760365,17,375
4,472,"AB-GP",120,0.174357546462441,0.208789078513519,13,315
4,473,"AB-GP",120,0.174357546462441,0.211218637207052,14,330
4,474,"AB-GP",120,0.314991242485737,0.330374873169063,21,435
4,475,"AB-GP",120,0.243327186935991,0.285681150661289,13,315
4,476,"AB-GP",120,0.174357546462441,0.154805707086754,15,345
4,477,"AB-GP",120,0.0514927972665615,0.0999247098844117,12,300
4,478,"AB-GP",120,0.0514927972665615,0.0847136362141445,16,360
4,479,"AB-GP",120,0.0257463986332808,0.142333209914899,18,390
4,480,"AB-GP",120,0,0.136435241827734,17,375
4,481,"AB-GP",120,0.0257463986332808,0.267003933318051,12,300
4,482,"AB-GP",120,0.0514927972665615,0.152819935482214,15,345
4,483,"AB-GP",120,0.0514927972665615,0.156424533800877,13,315
4,484,"AB-GP",120,0.0514927972665615,0.111670137983818,16,360
4,485,"AB-GP",120,0.0514927972665615,0.0918487302926451,22,450
4,486,"AB-GP",120,0.0514927972665615,0.206314522539067,15,345
4,487,"AB-GP",104,0.174357546462441,0.231670823787808,23,449
4,488,"AB-GP",104,0.0514927972665615,0.238385808120709,23,449
4,489,"AB-GP",120,0.0514927972665615,0.0920625311748397,18,390
4,490,"AB-GP",120,0.0257463986332808,0.174049160602726,14,330
4,491,"AB-GP",120,0.174357546462441,0.197105572477521,15,345
4,492,"AB-GP",120,0.0257463986332808,0.187460106333532,22,450
4,493,"AB-GP",120,0.0514927972665615,0.0887957908996446,22,450
4,494,"AB-GP",120,0.0257463986332808,0.194548532280456,17,375
4,495,"AB-GP",120,0.0514927972665615,0.176592332627593,19,405
4,496,"AB-GP",104,0.0514927972665615,0.216446184496341,23,449
4,497,"AB-GP",120,0.174357546462441,0.162767549384963,17,375
4,498,"AB-GP",120,0.0257463986332808,0.15175007223996,21,435
4,499,"AB-GP",120,0.0257463986332808,0.129530041803426,19,405
4,500,"AB-GP",120,0.0514927972665615,0.1636002932717,19,405
4,501,"AB-GP",120,0.0514927972665615,0.101207407149486,17,375
4,502,"AB-GP",120,0.0257463986332808,0.22952040565657,18,390
4,503,"AB-GP",120,0.0257463986332808,0.166207868301858,15,345
4,504,"AB-GP",120,0.255685929226585,0.238745916400626,17,375
4,505,"AB-GP",120,0.0514927972665615,0.149958797839807,19,405
4,506,"AB-GP",90,0.243327186935991,0.338044174863115,24,450
4,507,"AB-GP",120,0.0257463986332808,0.147005682535646,18,390
4,508,"AB-GP",120,0.0257463986332808,0.139270914253125,20,420
4,509,"AB-GP",120,0.157495621242869,0.178169191858333,18,390
4,510,"AB-GP",104,0.0514927972665615,0.157814538993655,23,449
4,511,"AB-GP",104,0.0514927972665615,0.121377754376133,23,449
4,512,"AB-GP",90,0.183242019876149,0.216981825600092,24,450
4,513,"AB-GP",120,0.0514927972665615,0.0940944324820887,18,390
4,514,"AB-GP",120,0.200103945095721,0.200878856029461,22,450
4,515,"AB-GP",120,0.174357546462441,0.371328198570519,18,390
4,516,"AB-GP",120,0.0514927972665615,0.0928342056035352,20,420
4,517,"AB-GP",120,0.0514927972665615,0.121929418864464,16,360
4,518,"AB-GP",90,0.0514927972665615,0.160918265680757,24,450
4,519,"AB-GP",120,0.0514927972665615,0.09324492403208,15,345
4,520,"AB-GP",120,0,0.199012399754751,17,375
4,521,"AB-GP",104,0.0514927972665615,0.114462193613921,23,449
4,522,"AB-GP",120,0.0514927972665615,0.121568837995209,16,360
4,523,"AB-GP",120,0.0514927972665615,0.0949540172037037,18,390
4,524,"AB-GP",120,0.0514927972665615,0.257832425875093,16,360
4,525,"AB-GP",120,0.0257463986332808,0.230095088545876,16,360
4,526,"AB-GP",104,0.174357546462441,0.236388714010249,23,449
4,527,"AB-GP",120,0.174357546462441,0.144515782392789,16,360
4,528,"AB-GP",120,0.174357546462441,0.245944478944513,13,315
4,529,"AB-GP",120,0.0514927972665615,0.282770714321773,22,450
4,530,"AB-GP",120,0.314991242485737,0.174924795766092,12,300
4,531,"AB-GP",90,0.174357546462441,0.264335339141583,24,450
4,532,"AB-GP",120,0.157495621242869,0.218180927427297,22,450
4,533,"AB-GP",120,0.0514927972665615,0.177379638339359,21,435
4,534,"AB-GP",120,0,0.186809093265073,17,375
4,535,"AB-GP",120,0.174357546462441,0.236038035032108,20,420
4,536,"AB-GP",120,0.0257463986332808,0.118516399584449,22,450
4,537,"AB-GP",120,0,0.211346356500514,15,345
4,538,"AB-GP",120,0.0514927972665615,0.0939587061550677,14,330
4,539,"AB-GP",120,0.0514927972665615,0.148268678459822,16,360
4,540,"AB-GP",120,0.0257463986332808,0.209619984229874,16,360
4,541,"AB-GP",120,0.174357546462441,0.218561446102514,17,375
4,542,"AB-GP",120,0.174357546462441,0.200403312800115,17,375
4,543,"AB-GP",120,0.0514927972665615,0.11131287296655,22,450
4,544,"AB-GP",120,0.0514927972665615,0.346453467087385,20,420
4,545,"AB-GP",120,0.0514927972665615,0.151925288347124,12,300
4,546,"AB-GP",120,0.0514927972665615,0.119763302568965,13,315
4,547,"AB-GP",120,0.0514927972665615,0.166747467837673,18,390
4,548,"AB-GP",120,0.174357546462441,0.223409071575817,15,345
4,549,"AB-GP",120,0.0514927972665615,0.127037437709314,20,420
4,550,"AB-GP",120,0.0514927972665615,0.160250671429728,22,450
4,551,"AB-GP",90,0.0514927972665615,0.124462722671297,24,450
4,552,"AB-GP",120,0.0257463986332808,0.133696797184245,13,315
4,553,"AB-GP",90,0.0514927972665615,0.269039457629909,24,450
4,554,"AB-GP",120,0.174357546462441,0.201785394766398,17,375
4,555,"AB-GP",120,0.0514927972665615,0.118634852590525,13,315
4,556,"AB-GP",120,0,0.275624720326591,18,390
4,557,"AB-GP",120,0.0257463986332808,0.205482610998957,13,315
4,558,"AB-GP",104,0.255685929226585,0.230881583396197,23,449
4,559,"AB-GP",90,0,0.278305778307524,24,450
4,560,"AB-GP",120,0.0514927972665615,0.102533215320634,12,300
4,561,"AB-GP",120,0.0514927972665615,0.104588935613549,17,375
4,562,"AB-GP",120,0.0514927972665615,0.0837686977401618,16,360
4,563,"AB-GP",120,0.0514927972665615,0.114984913719599,22,450
4,564,"AB-GP",120,0.0257463986332808,0.153816835814195,16,360
4,565,"AB-GP",120,0.0514927972665615,0.158043110566196,14,330
4,566,"AB-GP",120,0.0514927972665615,0.216017126395809,19,405
4,567,"AB-GP",120,0.0514927972665615,0.149235953082999,18,390
4,568,"AB-GP",90,0.0514927972665615,0.223605567933926,24,450
4,569,"AB-GP",120,0.0257463986332808,0.152769755404787,17,375
4,570,"AB-GP",120,0.0514927972665615,0.0880263174787462,13,315
4,571,"AB-GP",120,0.0514927972665615,0.14784177167981,22,450
4,572,"AB-GP",104,0.0514927972665615,0.123931500003903,23,449
4,573,"AB-GP",120,0.0514927972665615,0.11196488663205,15,345
4,574,"AB-GP",120,0.174357546462441,0.247104667079351,22,450
4,575,"AB-GP",120,0.0514927972665615,0.142370464996243,17,375
4,576,"AB-GP",120,0.0514927972665615,0.0832863011049542,15,345
4,577,"AB-GP",120,0.0514927972665615,0.119918829318144,18,390
4,578,"AB-GP",120,0.0514927972665615,0.0762199754778257,18,390
4,579,"AB-GP",120,0.0514927972665615,0.192797121278288,19,405
4,580,"AB-GP",120,0.174357546462441,0.199778530402967,19,405
4,581,"AB-GP",120,0.174357546462441,0.206784814839788,19,405
4,582,"AB-GP",90,0.0514927972665615,0.111268045369316,24,450
4,583,"AB-GP",120,0.0257463986332808,0.238538991550526,19,405
4,584,"AB-GP",120,0.0514927972665615,0.107115567193371,16,360
4,585,"AB-GP",120,0.0514927972665615,0.0877324538736685,18,390
4,586,"AB-GP",120,0.229939530593304,0.358046406925775,12,300
4,587,"AB-GP",120,0.0257463986332808,0.162388275687047,15,345
4,588,"AB-GP",120,0.0257463986332808,0.148037599606459,22,450
4,589,"AB-GP",90,0.0514927972665615,0.295649426138723,24,450
4,590,"AB-GP",90,0.200103945095721,0.194450283163873,24,450
4,591,"AB-GP",120,0.0514927972665615,0.132920346265031,13,315
4,592,"AB-GP",120,0.174357546462441,0.198043404650499,16,360
4,593,"AB-GP",120,0.0257463986332808,0.211799779952841,19,405
4,594,"AB-GP",90,0.174357546462441,0.238140446444475,24,450
4,595,"AB-GP",120,0.174357546462441,0.235282679568304,18,390
4,596,"AB-GP",120,0.0514927972665615,0.137532460837118,22,450
4,597,"AB-GP",120,0.0514927972665615,0.176503392071904,18,390
4,598,"AB-GP",120,0.0257463986332808,0.224733421411632,22,450
4,599,"AB-GP",120,0.174357546462441,0.205608718499865,15,345
4,600,"AB-GP",120,0.0257463986332808,0.148638188713222,14,330
4,601,"AB-GP",120,0.0514927972665615,0.111258832459547,15,345
4,602,"AB-GP",120,0.0514927972665615,0.104093478516584,14,330
4,603,"AB-GP",120,0.21758078830271,0.224658275412161,21,435
4,604,"AB-GP",90,0.0514927972665615,0.148938346653143,24,450
4,605,"AB-GP",120,0.0257463986332808,0.167144131173609,22,450
4,606,"AB-GP",120,1.29678236457752,0.135339924128427,5,195
4,607,"AB-GP",120,0.0514927972665615,0.0887274417734913,18,390
4,608,"AB-GP",120,0.0257463986332808,0.561749153024679,16,360
4,609,"AB-GP",120,0.255685929226585,0.166375752923491,17,375
4,610,"AB-GP",120,0.0514927972665615,0.0821679594231838,17,375
4,611,"AB-GP",120,0.0514927972665615,0.147796525340374,13,315
4,612,"AB-GP",120,0.0514927972665615,0.112264471490598,16,360
4,613,"AB-GP",120,0.839612167375785,0.952726384426339,15,345
4,614,"AB-GP",90,0.0514927972665615,0.210275911453322,24,450
4,615,"AB-GP",120,0.0514927972665615,0.0999855922486401,20,420
4,616,"AB-GP",120,0.0257463986332808,0.181643404296888,18,390
4,617,"AB-GP",120,0.314991242485737,0.121859557240967,22,450
4,618,"AB-GP",120,0.833274385069511,0.23504008914413,13,315
4,619,"AB-GP",120,0.174357546462441,0.219814187494941,13,315
4,620,"AB-GP",120,0.0514927972665615,0.191857752902094,16,360
4,621,"AB-GP",120,0.0514927972665615,0.314540015464181,12,300
4,622,"AB-GP",120,0.0514927972665615,0.0875767504027929,17,375
4,623,"AB-GP",120,0.0514927972665615,0.283290371687384,22,450
4,624,"AB-GP",120,0.0514927972665615,0.120895450900576,14,330
4,625,"AB-GP",120,0.0514927972665615,0.0803473286012449,13,315
4,626,"AB-GP",120,0.0257463986332808,0.189974918251338,22,450
4,627,"AB-GP",120,0.0257463986332808,0.131899290004901,19,405
4,628,"AB-GP",90,0.0514927972665615,0.138675805505036,24,450
4,629,"AB-GP",120,0,0.25422221483973,21,435
4,630,"AB-GP",120,0.0514927972665615,0.280270899215267,13,315
4,631,"AB-GP",90,0.174357546462441,0.238395419142101,24,450
4,632,"AB-GP",120,0.0257463986332808,0.172858410746816,15,345
4,633,"AB-GP",120,0.174357546462441,0.178236040142639,22,450
4,634,"AB-GP",120,0,0.248752048628051,22,450
4,635,"AB-GP",120,0.174357546462441,0.236530009857974,21,435
4,636,"AB-GP",120,0.0514927972665615,0.123900569299183,14,330
4,637,"AB-GP",104,0,0.235673241706044,23,449
4,638,"AB-GP",120,0.174357546462441,0.19885334929586,13,315
4,639,"AB-GP",120,0.174357546462441,0.238377195722246,12,300
4,640,"AB-GP",120,0.174357546462441,0.215860866170231,22,450
4,641,"AB-GP",120,0.0514927972665615,0.0861391430232433,14,330
4,642,"AB-GP",90,0.0514927972665615,0.201167506398617,24,450
4,643,"AB-GP",120,0.839612167375785,0.193024697158108,12,300
4,644,"AB-GP",120,0,0.148897211384934,16,360
4,645,"AB-GP",120,0,0.209715841138526,20,420
4,646,"AB-GP",90,0.0514927972665615,0.181965633637951,24,450
4,647,"AB-GP",120,0.0257463986332808,0.225425046078922,12,300
4,648,"AB-GP",120,0.0514927972665615,0.0745302706244178,16,360
4,649,"AB-GP",104,0.0514927972665615,0.247401098544509,23,449
4,650,"AB-GP",120,0,0.159058965419733,20,420
4,651,"AB-GP",120,0.0514927972665615,0.110500785085876,19,405
4,652,"AB-GP",120,0.0514927972665615,0.115819165036908,19,405
4,653,"AB-GP",120,0.0514927972665615,0.0876538507150445,14,330
4,654,"AB-GP",120,0.174357546462441,0.257713950708266,14,330
4,655,"AB-GP",120,0.0257463986332808,0.124728284225395,15,345
4,656,"AB-GP",120,0.174357546462441,0.216342135208428,19,405
4,657,"AB-GP",120,0.174357546462441,0.21370466365867,17,375
4,658,"AB-GP",120,0.0514927972665615,0.281359533481323,20,420
4,659,"AB-GP",120,0,0.1323772105648,20,420
4,660,"AB-GP",120,0.174357546462441,0.602882095451216,14,330
4,661,"AB-GP",120,0.0514927972665615,0.0858307361451518,17,375
4,662,"AB-GP",120,0.0514927972665615,0.226576539523192,16,360
4,663,"AB-GP",120,0.174357546462441,0.212947213582488,17,375
4,664,"AB-GP",120,0.174357546462441,0.19714427021833,13,315
4,665,"AB-GP",90,0.0257463986332808,0.271952116099788,24,450
4,666,"AB-GP",120,0.174357546462441,0.189464941828948,14,330
4,667,"AB-GP",120,0.174357546462441,0.211090655950777,15,345
4,668,"AB-GP",90,0.174357546462441,0.262504088905788,24,450
4,669,"AB-GP",120,0.0514927972665615,0.0822887796371273,15,345
4,670,"AB-GP",120,0.0514927972665615,0.147835968977426,18,390
4,671,"AB-GP",120,0.459879061186608,0.17013144021024,18,390
4,672,"AB-GP",120,0,0.12134084595803,17,375
4,673,"AB-GP",104,0.174357546462441,0.215675683369016,23,449
4,674,"AB-GP",120,0.839612167375785,0.242731388398819,13,315
4,675,"AB-GP",120,0.0514927972665615,0.321834344698203,13,315
4,676,"AB-GP",120,0.0257463986332808,0.167268935715139,16,360
4,677,"AB-GP",120,0.0514927972665615,0.125150777455315,22,450
4,678,"AB-GP",120,0.0257463986332808,0.196088521042936,18,390
4,679,"AB-GP",120,0.0514927972665615,0.117810100674761,22,450
4,680,"AB-GP",120,0.0514927972665615,0.236960897150605,16,360
4,681,"AB-GP",120,0.0514927972665615,0.150701808400833,14,330
4,682,"AB-GP",120,0.0514927972665615,0.104037363958441,19,405
4,683,"AB-GP",120,0.0514927972665615,0.114501585474776,22,450
4,684,"AB-GP",120,0.0257463986332808,0.184874394344382,19,405
4,685,"AB-GP",120,0.0514927972665615,0.0935749483718617,22,450
4,686,"AB-GP",90,0.0514927972665615,0.159665174432169,24,450
4,687,"AB-GP",120,0.0257463986332808,0.137901572544607,15,345
4,688,"AB-GP",120,0.0514927972665615,0.0766286340757346,19,405
4,689,"AB-GP",120,0.174357546462441,0.224139441112438,13,315
4,690,"AB-GP",120,0.174357546462441,0.212975914891385,14,330
4,691,"AB-GP",104,0.0514927972665615,0.205209168518833,23,449
4,692,"AB-GP",120,0,0.132711901010914,22,450
4,693,"AB-GP",120,0.0257463986332808,0.300939973533342,14,330
4,694,"AB-GP",120,0.0514927972665615,0.163130648520995,12,300
4,695,"AB-GP",120,0.0514927972665615,0.0854170335542873,16,360
4,696,"AB-GP",120,0.174357546462441,0.202558134339201,17,375
4,697,"AB-GP",120,0.174357546462441,0.234991519579207,21,435
4,698,"AB-GP",104,0.200103945095721,0.29203474694839,23,449
4,699,"AB-GP",90,0.682237159383961,0.710241300479865,24,450
4,700,"AB-GP",120,0.0257463986332808,0.144352009079065,20,420
4,701,"AB-GP",104,0.174357546462441,0.241084267418918,23,449
4,702,"AB-GP",104,0.0514927972665615,0.141696287459614,23,449
4,703,"AB-GP",120,0.0514927972665615,0.101212766322164,17,375
4,704,"AB-GP",120,0.0257463986332808,0.187672630426061,18,390
4,705,"AB-GP",120,0.0514927972665615,0.294125811234682,21,435
4,706,"AB-GP",104,0.174357546462441,0.266772159910785,23,449
4,707,"AB-GP",120,0.0257463986332808,0.192634284212621,22,450
4,708,"AB-GP",120,0.0514927972665615,0.122049857485119,13,315
4,709,"AB-GP",120,0.0257463986332808,0.166079410515385,16,360
4,710,"AB-GP",120,0.0514927972665615,0.20753414683539,12,300
4,711,"AB-GP",120,0.0514927972665615,0.134660704981349,22,450
4,712,"AB-GP",120,0.0514927972665615,0.158591722025257,12,300
4,713,"AB-GP",120,0.0257463986332808,0.219924661945894,16,360
4,714,"AB-GP",120,0.0514927972665615,0.112618892766135,11,285
4,715,"AB-GP",120,0.157495621242869,0.223066068488839,18,390
4,716,"AB-GP",120,0,0.222402529492004,22,450
4,717,"AB-GP",120,0.0514927972665615,0.249065293466395,17,375
4,718,"AB-GP",120,0.0257463986332808,0.133700040470179,19,405
4,719,"AB-GP",90,0.0514927972665615,0.11469982693375,24,450
4,720,"AB-GP",120,0.0514927972665615,0.0911352788328199,15,345
4,721,"AB-GP",120,0.839612167375785,0.195913127971229,14,330
4,722,"AB-GP",120,0.0514927972665615,0.238122946773474,18,390
4,723,"AB-GP",120,0.814554198215931,0.348042923817352,17,375
4,724,"AB-GP",120,0.0514927972665615,0.12698250081515,14,330
4,725,"AB-GP",120,0.0514927972665615,0.0833285981518704,13,315
4,726,"AB-GP",120,0.0514927972665615,0.19525910207263,18,390
4,727,"AB-GP",90,0.0514927972665615,0.128265578610048,24,450
4,728,"AB-GP",104,0,0.19991911814921,23,449
4,729,"AB-GP",120,0.0257463986332808,0.200783552887775,20,420
4,730,"AB-GP",104,0.0514927972665615,0.100907866937278,23,449
4,731,"AB-GP",120,0.174357546462441,0.145704287421183,19,405
4,732,"AB-GP",120,0.839612167375785,0.198049592613914,11,285
4,733,"AB-GP",120,0.0514927972665615,0.110399811053595,14,330
4,734,"AB-GP",120,0.0514927972665615,0.144677222649263,13,315
4,735,"AB-GP",120,0.174357546462441,0.228431515732784,15,345
4,736,"AB-GP",120,0.0257463986332808,0.146295341043438,20,420
4,737,"AB-GP",90,0.0514927972665615,0.169147042411827,24,450
4,738,"AB-GP",120,0.0514927972665615,0.120506278513146,14,330
4,739,"AB-GP",120,0.174357546462441,0.196771896966151,15,345
4,740,"AB-GP",120,0.0514927972665615,0.116025727860484,16,360
4,741,"AB-GP",120,0.0514927972665615,0.0920086898997712,13,315
4,742,"AB-GP",104,0.0514927972665615,0.201610262422318,23,449
4,743,"AB-GP",120,0.0514927972665615,0.100779365909183,14,330
4,744,"AB-GP",120,0.0257463986332808,0.177812297216393,17,375
4,745,"AB-GP",120,0.0514927972665615,0.216158613302247,19,405
4,746,"AB-GP",120,0,0.488242312769155,14,330
4,747,"AB-GP",120,0.200103945095721,0.167781985382035,19,405
4,748,"AB-GP",120,0.839612167375785,0.121362301956522,14,330
4,749,"AB-GP",120,0.0257463986332808,0.130674642220073,17,375
4,750,"AB-GP",120,0.0514927972665615,0.229820993673869,20,420
4,751,"AB-GP",120,0.0514927972665615,0.103738896534428,19,405
4,752,"AB-GP",104,0.174357546462441,0.259917003700483,23,449
4,753,"AB-GP",120,0.0514927972665615,0.170773135564385,14,330
4,754,"AB-GP",120,0.0514927972665615,0.134287099913381,16,360
4,755,"AB-GP",120,0.0514927972665615,0.241795631465985,17,375
4,756,"AB-GP",120,0.174357546462441,0.207720904221723,17,375
4,757,"AB-GP",120,0.0514927972665615,0.162838279216456,19,405
4,758,"AB-GP",120,0.0514927972665615,0.17201491838929,22,450
4,759,"AB-GP",120,0.0514927972665615,0.217212910192613,22,450
4,760,"AB-GP",120,0.0514927972665615,0.119991954805135,14,330
4,761,"AB-GP",120,0.0514927972665615,0.129139991813362,19,405
4,762,"AB-GP",120,0.0514927972665615,0.140895287478323,19,405
4,763,"AB-GP",90,0.314991242485737,0.314929726683613,24,450
4,764,"AB-GP",104,0,0.176628491753915,23,449
4,765,"AB-GP",120,0.0514927972665615,0.0919756808525793,15,345
4,766,"AB-GP",120,0.0514927972665615,0.0997943235655789,13,315
4,767,"AB-GP",120,0.0514927972665615,0.104947148345496,11,285
4,768,"AB-GP",120,0.0514927972665615,0.180819511876011,20,420
4,769,"AB-GP",120,0.0514927972665615,0.146250391060686,17,375
4,770,"AB-GP",120,0.0514927972665615,0.121223463743734,18,390
4,771,"AB-GP",120,0.0514927972665615,0.10946920469765,19,405
4,772,"AB-GP",120,0.0514927972665615,0.157152525409502,12,300
4,773,"AB-GP",104,0.0257463986332808,0.269349331911732,23,449
4,774,"AB-GP",120,0.174357546462441,0.198598120422375,20,420
4,775,"AB-GP",120,0.0257463986332808,0.16391180201065,13,315
4,776,"AB-GP",90,0,0.353210092482673,24,450
4,777,"AB-GP",120,0.174357546462441,0.205960957814095,22,450
4,778,"AB-GP",120,0.0514927972665615,0.136219034477768,17,375
4,779,"AB-GP",104,0.0257463986332808,0.278999418041233,23,449
4,780,"AB-GP",120,0.0514927972665615,0.124298039898203,13,315
4,781,"AB-GP",120,0,0.135177177234492,17,375
4,782,"AB-GP",90,0.174357546462441,0.221349262976411,24,450
4,783,"AB-GP",120,0.174357546462441,0.251455763561801,22,450
4,784,"AB-GP",104,0.174357546462441,0.421656340998571,23,449
4,785,"AB-GP",120,0.0257463986332808,0.184115359784184,15,345
4,786,"AB-GP",120,0.0257463986332808,0.157615336120381,18,390
4,787,"AB-GP",120,0.174357546462441,0.19664233546601,14,330
4,788,"AB-GP",120,0.0257463986332808,0.138829371165893,19,405
4,789,"AB-GP",120,0.0514927972665615,0.112279130906675,17,375
4,790,"AB-GP",120,0.157495621242869,0.144048190760213,20,420
4,791,"AB-GP",120,0.0257463986332808,0.198740145115653,16,360
4,792,"AB-GP",120,0.0257463986332808,0.241128494554347,17,375
4,793,"AB-GP",120,0.174357546462441,0.190482799565376,17,375
4,794,"AB-GP",120,0.0257463986332808,0.184729351268392,12,300
4,795,"AB-GP",120,0.0514927972665615,0.0871902404252322,16,360
4,796,"AB-GP",120,0.0514927972665615,0.112081749798449,17,375
4,797,"AB-GP",120,0.0514927972665615,0.113358733068719,18,390
4,798,"AB-GP",120,0.0514927972665615,0.236011795754746,19,405
4,799,"AB-GP",120,0.833274385069511,0.189966269876044,14,330
4,800,"AB-GP",90,0.0514927972665615,0.208689943559983,24,450
4,801,"AB-GP",120,0.174357546462441,0.207432134143217,15,345
4,802,"AB-GP",120,0.174357546462441,0.121327166501039,19,405
4,803,"AB-GP",120,0.0257463986332808,0.183794393169349,18,390
4,804,"AB-GP",120,0.0257463986332808,0.139609640463019,16,360
4,805,"AB-GP",120,0.174357546462441,0.210802500396492,14,330
4,806,"AB-GP",104,0.0514927972665615,0.20815972602898,23,449
4,807,"AB-GP",120,0.0514927972665615,0.121795801299306,18,390
4,808,"AB-GP",120,0.0514927972665615,0.132224665502929,22,450
4,809,"AB-GP",90,0.174357546462441,0.274165646362529,24,450
4,810,"AB-GP",120,0.0514927972665615,0.0909109444650761,15,345
4,811,"AB-GP",104,0.0514927972665615,0.216364235475465,23,449
4,812,"AB-GP",120,0.0514927972665615,0.0972950312641999,14,330
4,813,"AB-GP",120,0.0257463986332808,0.144450137667292,16,360
4,814,"AB-GP",120,0.0257463986332808,0.17952166319094,21,435
4,815,"AB-GP",120,0.839612167375785,0.135608161148855,13,315
4,816,"AB-GP",120,0.0257463986332808,0.14501825204298,14,330
4,817,"AB-GP",120,0.0514927972665615,0.180859862547167,22,450
4,818,"AB-GP",120,0.0514927972665615,0.249074570224916,17,375
4,819,"AB-GP",120,0.0514927972665615,0.114532622758599,17,375
4,820,"AB-GP",90,0.0514927972665615,0.167783785308629,24,450
4,821,"AB-GP",120,0.174357546462441,0.241376082390619,19,405
4,822,"AB-GP",104,0.0514927972665615,0.119587156654615,23,449
4,823,"AB-GP",104,0.0514927972665615,0.143369446518662,23,449
4,824,"AB-GP",120,0.174357546462441,0.199693593808718,17,375
4,825,"AB-GP",120,0.0257463986332808,0.147970890890622,19,405
4,826,"AB-GP",120,0.0514927972665615,0.103610538089406,14,330
4,827,"AB-GP",120,0.0514927972665615,0.127777591207275,20,420
4,828,"AB-GP",120,0,0.246545467121073,18,390
4,829,"AB-GP",120,0.0514927972665615,0.120755296482525,18,390
4,830,"AB-GP",120,0.0257463986332808,0.161092667699479,14,330
4,831,"AB-GP",120,0,0.149655574924744,20,420
4,832,"AB-GP",120,0.0514927972665615,0.437898910570305,18,390
4,833,"AB-GP",104,0.0514927972665615,0.136026731853762,23,449
4,834,"AB-GP",104,0.174357546462441,0.260298826373466,23,449
4,835,"AB-GP",90,0.0514927972665615,0.119433355962889,24,450
4,836,"AB-GP",120,0.0257463986332808,0.165158564247542,16,360
4,837,"AB-GP",120,0.229939530593304,0.180752497514162,18,390
4,838,"AB-GP",120,0.200103945095721,0.198787872153718,22,450
4,839,"AB-GP",90,0.0514927972665615,0.180241136400435,24,450
4,840,"AB-GP",90,0.174357546462441,0.263430803907977,24,450
4,841,"AB-GP",120,0.0514927972665615,0.145125748301207,17,375
4,842,"AB-GP",120,0.0514927972665615,0.154352992856194,15,345
4,843,"AB-GP",120,0.0514927972665615,0.134871294622779,19,405
4,844,"AB-GP",120,0.0514927972665615,0.189887359741204,20,420
4,845,"AB-GP",120,0,0.158934807232421,19,405
4,846,"AB-GP",120,0.0257463986332808,0.159914435887371,21,435
4,847,"AB-GP",120,0,0.250663105692369,22,450
4,848,"AB-GP",120,0.0514927972665615,0.138076837580256,16,360
4,849,"AB-GP",120,0.0514927972665615,0.104022910604141,17,375
4,850,"AB-GP",120,0.0514927972665615,0.0849357825480249,22,450
4,851,"AB-GP",120,0.0257463986332808,0.18266489541922,16,360
4,852,"AB-GP",120,0.0514927972665615,0.136371512986323,22,450
4,853,"AB-GP",120,0.0514927972665615,0.101255182866872,16,360
4,854,"AB-GP",120,0,0.174828747317716,19,405
4,855,"AB-GP",90,0.0514927972665615,0.149162256106349,24,450
4,856,"AB-GP",120,0.0514927972665615,0.141391670821219,16,360
4,857,"AB-GP",120,0.0514927972665615,0.107769236014666,17,375
4,858,"AB-GP",120,0.0257463986332808,0.126207194738268,18,390
4,859,"AB-GP",120,0.0514927972665615,0.126928218489292,14,330
4,860,"AB-GP",90,0.0514927972665615,0.14022984740066,24,450
4,861,"AB-GP",120,0.0514927972665615,0.216594524714991,19,405
4,862,"AB-GP",120,0.0257463986332808,0.128131651395312,20,420
4,863,"AB-GP",120,0.0257463986332808,0.175680130005457,18,390
4,864,"AB-GP",120,0.0514927972665615,0.109080639478821,20,420
4,865,"AB-GP",120,0.0514927972665615,0.198896739204369,20,420
4,866,"AB-GP",120,0.183242019876149,0.145244550279036,16,360
4,867,"AB-GP",120,0.0514927972665615,0.136014625195817,18,390
4,868,"AB-GP",120,0.200103945095721,0.289448997643288,16,360
4,869,"AB-GP",104,0.0257463986332808,0.161473773375612,23,449
4,870,"AB-GP",120,0.0257463986332808,0.249997570621101,14,330
4,871,"AB-GP",120,0.174357546462441,0.233371869604406,19,405
4,872,"AB-GP",120,0.0514927972665615,0.141170068874908,20,420
4,873,"AB-GP",120,0.0257463986332808,0.160187069932461,16,360
4,874,"AB-GP",120,0.0514927972665615,0.105320147392176,16,360
4,875,"AB-GP",120,0.174357546462441,0.212303752622734,19,405
4,876,"AB-GP",120,0.0514927972665615,0.13792232736974,15,345
4,877,"AB-GP",90,0.0514927972665615,0.141192708082067,24,450
4,878,"AB-GP",120,0.200103945095721,0.411939823522923,13,315
4,879,"AB-GP",120,0.0514927972665615,0.106274221428976,19,405
4,880,"AB-GP",120,0.0514927972665615,0.169648707462422,15,345
4,881,"AB-GP",120,0.229939530593304,0.232220591957645,19,405
4,882,"AB-GP",120,0.0514927972665615,0.149370966325461,16,360
4,883,"AB-GP",120,0.0514927972665615,0.0799985389126819,22,450
4,884,"AB-GP",120,0.0514927972665615,0.258417327979984,16,360
4,885,"AB-GP",120,0.0514927972665615,0.0925132456218715,18,390
4,886,"AB-GP",120,0.0257463986332808,0.166624017918558,13,315
4,887,"AB-GP",120,0.0514927972665615,0.120523849726635,12,300
4,888,"AB-GP",120,0.0514927972665615,0.1231988026226,18,390
4,889,"AB-GP",120,0.0257463986332808,0.13698861333254,16,360
4,890,"AB-GP",120,0.174357546462441,0.278538946982324,15,345
4,891,"AB-GP",120,0.174357546462441,0.226500064283606,20,420
4,892,"AB-GP",120,0.0514927972665615,0.0837226798897311,18,390
4,893,"AB-GP",120,0.0514927972665615,0.17423613488076,22,450
4,894,"AB-GP",120,0.0514927972665615,0.104966993332942,19,405
4,895,"AB-GP",120,0.174357546462441,0.209720125768849,21,435
4,896,"AB-GP",74,0.243327186935991,0.26157890638106,25,449
4,897,"AB-GP",120,0.0514927972665615,0.104268807758059,13,315
4,898,"AB-GP",120,0.0514927972665615,0.116705545617065,17,375
4,899,"AB-GP",120,0.0257463986332808,0.215822738670831,18,390
4,900,"AB-GP",120,0.0514927972665615,0.159651884548216,14,330
4,901,"AB-GP",120,0.0514927972665615,0.103932266372693,14,330
4,902,"AB-GP",104,0.0514927972665615,0.132035433359869,23,449
4,903,"AB-GP",120,0.0514927972665615,0.101479248793014,13,315
4,904,"AB-GP",120,0.0514927972665615,0.130307958419973,18,390
4,905,"AB-GP",120,0.21758078830271,0.24733294789025,18,390
4,906,"AB-GP",120,0.0514927972665615,0.155539000886968,19,405
4,907,"AB-GP",120,0.0514927972665615,0.102184165322438,17,375
4,908,"AB-GP",120,0,0.145487780854165,16,360
4,909,"AB-GP",120,0.0514927972665615,0.10496155743411,18,390
4,910,"AB-GP",104,0.174357546462441,0.216843707540044,23,449
4,911,"AB-GP",120,0.174357546462441,0.203071860266062,16,360
4,912,"AB-GP",104,0.0514927972665615,0.148079223982753,23,449
4,913,"AB-GP",120,0.0514927972665615,0.0886975241638968,17,375
4,914,"AB-GP",120,0.0257463986332808,0.164861375337345,20,420
4,915,"AB-GP",120,0.0514927972665615,0.126792804238311,19,405
4,916,"AB-GP",120,0.0257463986332808,0.178837914224754,18,390
4,917,"AB-GP",120,0.174357546462441,0.194426865260032,14,330
4,918,"AB-GP",90,0.183242019876149,0.236562141294642,24,450
4,919,"AB-GP",120,0.0514927972665615,0.213813998495413,19,405
4,920,"AB-GP",120,0.174357546462441,0.215788101796481,22,450
4,921,"AB-GP",90,0.255685929226585,0.204820421374588,24,450
4,922,"AB-GP",104,0.0514927972665615,0.220402633369634,23,449
4,923,"AB-GP",104,0.0257463986332808,0.271774102034678,23,449
4,924,"AB-GP",120,0,0.177521405155019,18,390
4,925,"AB-GP",120,0.200103945095721,0.170760748281155,16,360
4,926,"AB-GP",120,0.0514927972665615,0.129129292019835,17,375
4,927,"AB-GP",74,0.183242019876149,0.3592601014256,25,449
4,928,"AB-GP",104,0.0514927972665615,0.155767361158315,23,449
4,929,"AB-GP",120,0.839612167375785,0.200451799933552,13,315
4,930,"AB-GP",120,0.0514927972665615,0.204133973011587,19,405
4,931,"AB-GP",120,0.174357546462441,0.190156556888288,12,300
4,932,"AB-GP",120,0.0257463986332808,0.18950553161016,18,390
4,933,"AB-GP",120,0.0514927972665615,0.143994614475883,15,345
4,934,"AB-GP",120,0.0514927972665615,0.101042074718349,13,315
4,935,"AB-GP",120,0.0257463986332808,0.230395843827575,21,435
4,936,"AB-GP",120,0.0514927972665615,0.131671966572305,13,315
4,937,"AB-GP",120,0.0257463986332808,0.159645874425666,19,405
4,938,"AB-GP",120,0.0514927972665615,0.097731754686373,18,390
4,939,"AB-GP",120,0.0514927972665615,0.15112524836784,21,435
4,940,"AB-GP",120,0,0.19088362004108,19,405
4,941,"AB-GP",120,0.0257463986332808,0.130461114782178,14,330
4,942,"AB-GP",120,0.0514927972665615,0.128319368804716,18,390
4,943,"AB-GP",120,0.0257463986332808,0.144438532112374,17,375
4,944,"AB-GP",120,0.0514927972665615,0.0805883373875501,13,315
4,945,"AB-GP",120,0.0514927972665615,0.0846390295414792,13,315
4,946,"AB-GP",120,0.0257463986332808,0.232965543427472,22,450
4,947,"AB-GP",104,0.174357546462441,0.20660422682767,23,449
4,948,"AB-GP",120,0,0.334403647534513,20,420
4,949,"AB-GP",120,0.0514927972665615,0.170021013634281,18,390
4,950,"AB-GP",120,0.0514927972665615,0.138153702064807,16,360
4,951,"AB-GP",120,0.0514927972665615,0.181406468857112,16,360
4,952,"AB-GP",120,0.174357546462441,0.261722519738397,19,405
4,953,"AB-GP",120,0.0257463986332808,0.178993827018972,13,315
4,954,"AB-GP",120,0.0514927972665615,0.154898761393803,22,450
4,955,"AB-GP",104,0.0514927972665615,0.169183231661106,23,449
4,956,"AB-GP",120,0.0514927972665615,0.128874552625758,21,435
4,957,"AB-GP",120,0,0.14758974734724,21,435
4,958,"AB-GP",120,0.0257463986332808,0.185844082178026,13,315
4,959,"AB-GP",104,0.0514927972665615,0.139118101914799,23,449
4,960,"AB-GP",120,0.839612167375785,0.198519724194628,12,300
4,961,"AB-GP",120,0.0514927972665615,0.167279298397133,13,315
4,962,"AB-GP",120,0.0514927972665615,0.155334751107186,16,360
4,963,"AB-GP",120,0.0514927972665615,0.159511430395941,22,450
4,964,"AB-GP",120,0.174357546462441,0.179146092866369,14,330
4,965,"AB-GP",120,0.0514927972665615,0.183509947901721,16,360
4,966,"AB-GP",120,0.620295747957849,0.443642139381471,18,390
4,967,"AB-GP",120,0.0257463986332808,0.195984948462559,13,315
4,968,"AB-GP",120,0.0257463986332808,0.19967445380972,17,375
4,969,"AB-GP",104,0.0514927972665615,0.154367468168182,23,449
4,970,"AB-GP",120,0.0257463986332808,0.183027210495595,20,420
4,971,"AB-GP",120,0,0.14696967149089,20,420
4,972,"AB-GP",120,0.0514927972665615,0.107818372916288,15,345
4,973,"AB-GP",120,0.174357546462441,0.22460789469925,18,390
4,974,"AB-GP",120,0.0257463986332808,0.1162340673859,18,390
4,975,"AB-GP",90,0.0514927972665615,0.15746836593758,24,450
4,976,"AB-GP",120,0.0514927972665615,0.099834985239293,15,345
4,977,"AB-GP",120,0,0.271642757775573,22,450
4,978,"AB-GP",120,0.0514927972665615,0.169587675373135,12,300
4,979,"AB-GP",90,0.174357546462441,0.488584431358493,24,450
4,980,"AB-GP",120,0.0257463986332808,0.113152270230115,14,330
4,981,"AB-GP",120,0.0257463986332808,0.258047158222493,22,450
4,982,"AB-GP",120,0.0257463986332808,0.152734380687536,14,330
4,983,"AB-GP",120,0.174357546462441,0.17730041833304,21,435
4,984,"AB-GP",104,0.0514927972665615,0.0989596083933788,23,449
4,985,"AB-GP",120,0.0514927972665615,0.148766392720999,16,360
4,986,"AB-GP",120,0.0514927972665615,0.287755342489151,12,300
4,987,"AB-GP",120,0.0257463986332808,0.144043374421822,18,390
4,988,"AB-GP",120,0.0514927972665615,0.176673880074743,16,360
4,989,"AB-GP",120,0.0514927972665615,0.0803919773170218,15,345
4,990,"AB-GP",120,0.839612167375785,0.205667634574889,12,300
4,991,"AB-GP",120,0.0257463986332808,0.302686720889501,19,405
4,992,"AB-GP",120,0.174357546462441,0.14642779430965,21,435
4,993,"AB-GP",104,0.0514927972665615,0.122099929230818,23,449
4,994,"AB-GP",120,0.0514927972665615,0.223140193910062,15,345
4,995,"AB-GP",90,0.0514927972665615,0.230734399611325,24,450
4,996,"AB-GP",120,0.174357546462441,0.205317465634937,14,330
4,997,"AB-GP",120,0.0514927972665615,0.179021905368855,18,390
4,998,"AB-GP",90,0.0514927972665615,0.13781986196653,24,450
4,999,"AB-GP",120,0.0514927972665615,0.119921811013996,14,330
4,1000,"AB-GP",90,0.174357546462441,0.264897899865888,24,450
4,1,"CA-AB-GP",120,0.0514927972665615,0.110724886541936,21,435
4,2,"CA-AB-GP",120,0.0514927972665615,0.0768163671142982,14,330
4,3,"CA-AB-GP",120,0.200103945095721,0.271239667728728,16,360
4,4,"CA-AB-GP",120,0.0257463986332808,0.174354418908538,11,285
4,5,"CA-AB-GP",120,0.0514927972665615,0.0895703510195562,10,270
4,6,"CA-AB-GP",120,0.0514927972665615,0.125191640022529,7,225
4,7,"CA-AB-GP",120,0.0514927972665615,0.102501636377761,12,300
4,8,"CA-AB-GP",120,0.174357546462441,0.210744917793322,16,360
4,9,"CA-AB-GP",120,0.0514927972665615,0.100066077051851,13,315
4,10,"CA-AB-GP",120,0.0514927972665615,0.158462267217078,13,315
4,11,"CA-AB-GP",120,0.0257463986332808,0.175277411068335,11,285
4,12,"CA-AB-GP",120,0.174357546462441,0.2016449050694,11,285
4,13,"CA-AB-GP",120,0.174357546462441,0.297212900584224,12,300
4,14,"CA-AB-GP",120,0.0514927972665615,0.0843336461610001,12,300
4,15,"CA-AB-GP",120,0.174357546462441,0.287847334554207,20,420
4,16,"CA-AB-GP",120,0.200103945095721,0.12015430756899,13,315
4,17,"CA-AB-GP",120,0.174357546462441,0.209258007672248,12,300
4,18,"CA-AB-GP",120,0.0514927972665615,0.126266817075767,15,345
4,19,"CA-AB-GP",120,0.174357546462441,0.216057862938349,10,270
4,20,"CA-AB-GP",120,0.0257463986332808,0.290372199615482,10,270
4,21,"CA-AB-GP",120,0.0514927972665615,0.103041687672504,10,270
4,22,"CA-AB-GP",120,0.0514927972665615,0.225558321562181,13,315
4,23,"CA-AB-GP",120,0.174357546462441,0.140501090226472,13,315
4,24,"CA-AB-GP",120,0.0514927972665615,0.0929672868857866,12,300
4,25,"CA-AB-GP",120,0.0257463986332808,0.163259985955324,12,300
4,26,"CA-AB-GP",120,0.174357546462441,0.210719429290356,12,300
4,27,"CA-AB-GP",120,0.0514927972665615,0.120212326737663,13,315
4,28,"CA-AB-GP",120,0.0514927972665615,0.16653354217432,13,315
4,29,"CA-AB-GP",120,0.0257463986332808,0.19647888121697,10,270
4,30,"CA-AB-GP",120,0.0514927972665615,0.155610195213567,7,225
4,31,"CA-AB-GP",120,0.0257463986332808,0.159037094474886,14,330
4,32,"CA-AB-GP",120,0.0514927972665615,0.112274139391762,13,315
4,33,"CA-AB-GP",120,0.0514927972665615,0.110153202192798,18,390
4,34,"CA-AB-GP",120,0.174357546462441,0.216985041771823,15,345
4,35,"CA-AB-GP",120,0.0514927972665615,0.126114609999613,22,450
4,36,"CA-AB-GP",120,0.0514927972665615,0.123877552235359,12,300
4,37,"CA-AB-GP",120,0.200103945095721,0.176958247619076,13,315
4,38,"CA-AB-GP",120,0.0514927972665615,0.196182846305096,21,435
4,39,"CA-AB-GP",120,0.0257463986332808,0.123693445281879,13,315
4,40,"CA-AB-GP",120,0.0257463986332808,0.155632947722956,12,300
4,41,"CA-AB-GP",120,0.0514927972665615,0.102112064955763,10,270
4,42,"CA-AB-GP",120,0.0514927972665615,0.119237050229157,12,300
4,43,"CA-AB-GP",120,0.0514927972665615,0.133077229406377,13,315
4,44,"CA-AB-GP",120,0.0257463986332808,0.126419668474155,9,255
4,45,"CA-AB-GP",120,0,0.211828301007175,13,315
4,46,"CA-AB-GP",120,0.0514927972665615,0.0811373303450472,11,285
4,47,"CA-AB-GP",120,0.174357546462441,0.190320917241786,12,300
4,48,"CA-AB-GP",120,0.0514927972665615,0.123973753391525,19,405
4,49,"CA-AB-GP",120,0,0.198155828555117,15,345
4,50,"CA-AB-GP",120,0.0514927972665615,0.0822342049262192,13,315
4,51,"CA-AB-GP",120,0.0514927972665615,0.0867258919269809,12,300
4,52,"CA-AB-GP",120,0.0514927972665615,0.101037161041064,11,285
4,53,"CA-AB-GP",120,0.0257463986332808,0.170650403874946,14,330
4,54,"CA-AB-GP",120,0.0514927972665615,0.125013423595016,12,300
4,55,"CA-AB-GP",120,0.0514927972665615,0.0791500629513994,14,330
4,56,"CA-AB-GP",120,0.174357546462441,0.258542494506116,12,300
4,57,"CA-AB-GP",120,0.0514927972665615,0.106914816293686,11,285
4,58,"CA-AB-GP",120,0.0514927972665615,0.135939201971538,13,315
4,59,"CA-AB-GP",120,0.0514927972665615,0.0996728029090664,13,315
4,60,"CA-AB-GP",120,0.314991242485737,0.314000057510373,12,300
4,61,"CA-AB-GP",120,0.0257463986332808,0.137819981045301,17,375
4,62,"CA-AB-GP",120,0.0514927972665615,0.0844970057016741,10,270
4,63,"CA-AB-GP",120,0.174357546462441,0.207708959165237,17,375
4,64,"CA-AB-GP",120,0.243327186935991,0.1582763478792,14,330
4,65,"CA-AB-GP",120,0.0257463986332808,0.195361282859171,20,420
4,66,"CA-AB-GP",120,0.0514927972665615,0.115283483274213,7,225
4,67,"CA-AB-GP",120,0.0514927972665615,0.269055182301414,19,405
4,68,"CA-AB-GP",120,0.0257463986332808,0.241037453526213,11,285
4,69,"CA-AB-GP",120,0.0514927972665615,0.094446213784856,13,315
4,70,"CA-AB-GP",120,0.0257463986332808,0.154317193353885,7,225
4,71,"CA-AB-GP",120,0.21758078830271,0.378205862595327,9,255
4,72,"CA-AB-GP",120,0.0514927972665615,0.0984163231391841,13,315
4,73,"CA-AB-GP",120,0.0257463986332808,0.195131851855987,14,330
4,74,"CA-AB-GP",120,0.0514927972665615,0.0930183128135391,13,315
4,75,"CA-AB-GP",120,0.0514927972665615,0.159397628962997,11,285
4,76,"CA-AB-GP",120,0.0514927972665615,0.229247440125917,12,300
4,77,"CA-AB-GP",120,0.0514927972665615,0.0819753693222912,11,285
4,78,"CA-AB-GP",120,0.0257463986332808,0.179358278973831,12,300
4,79,"CA-AB-GP",120,0.0514927972665615,0.0987405905497368,15,345
4,80,"CA-AB-GP",120,0.0257463986332808,0.137485779619964,16,360
4,81,"CA-AB-GP",120,0.0514927972665615,0.177628015015943,16,360
4,82,"CA-AB-GP",120,0.357033786751628,0.174581444680453,14,330
4,83,"CA-AB-GP",120,0.0514927972665615,0.0906390642281541,12,300
4,84,"CA-AB-GP",120,0.0514927972665615,0.0914190769572497,13,315
4,85,"CA-AB-GP",120,0.0514927972665615,0.142616474007809,9,255
4,86,"CA-AB-GP",120,0.174357546462441,0.247310635068791,15,345
4,87,"CA-AB-GP",120,0.0257463986332808,0.234749099009979,9,255
4,88,"CA-AB-GP",120,0.0514927972665615,0.209560812195964,22,450
4,89,"CA-AB-GP",120,0.174357546462441,0.213811905002784,13,315
4,90,"CA-AB-GP",120,0.0514927972665615,0.114207723824834,12,300
4,91,"CA-AB-GP",120,0.0514927972665615,0.221608024685122,11,285
4,92,"CA-AB-GP",120,0.0514927972665615,0.127638298520946,17,375
4,93,"CA-AB-GP",120,0.314991242485737,0.173069861418994,12,300
4,94,"CA-AB-GP",120,0.0514927972665615,0.107537537237195,12,300
4,95,"CA-AB-GP",120,0.0514927972665615,0.109869320450703,14,330
4,96,"CA-AB-GP",120,0.0514927972665615,0.0966124724616153,12,300
4,97,"CA-AB-GP",120,0.0514927972665615,0.208497335463572,10,270
4,98,"CA-AB-GP",104,0.0514927972665615,0.239418670921228,23,449
4,99,"CA-AB-GP",120,0.174357546462441,0.118479216177987,11,285
4,100,"CA-AB-GP",120,0.0514927972665615,0.145113634248298,14,330
4,101,"CA-AB-GP",120,0.0514927972665615,0.122455329091608,12,300
4,102,"CA-AB-GP",120,0.174357546462441,0.276665974965991,16,360
4,103,"CA-AB-GP",120,0.0514927972665615,0.0904707969374763,15,345
4,104,"CA-AB-GP",120,0.0514927972665615,0.0746564633006972,14,330
4,105,"CA-AB-GP",120,0.174357546462441,0.197441056728238,12,300
4,106,"CA-AB-GP",120,0.0514927972665615,0.17907459876092,18,390
4,107,"CA-AB-GP",120,0.174357546462441,0.213689129315242,13,315
4,108,"CA-AB-GP",120,0.0514927972665615,0.1116945950209,11,285
4,109,"CA-AB-GP",120,0.0514927972665615,0.108818214360702,13,315
4,110,"CA-AB-GP",120,0.0257463986332808,0.129923158591973,12,300
4,111,"CA-AB-GP",120,0.0514927972665615,0.179720405137284,22,450
4,112,"CA-AB-GP",120,0.0514927972665615,0.112985644335594,12,300
4,113,"CA-AB-GP",120,0.0514927972665615,0.0730220689280452,16,360
4,114,"CA-AB-GP",120,0.0514927972665615,0.126232049544576,15,345
4,115,"CA-AB-GP",120,0.0257463986332808,0.195605713320676,20,420
4,116,"CA-AB-GP",120,0.174357546462441,0.257518662696662,21,435
4,117,"CA-AB-GP",120,0.0257463986332808,0.167460351887102,12,300
4,118,"CA-AB-GP",120,0.0514927972665615,0.113348588644501,12,300
4,119,"CA-AB-GP",120,0.0514927972665615,0.106625653637789,18,390
4,120,"CA-AB-GP",120,0.0514927972665615,0.141049468141756,22,450
4,121,"CA-AB-GP",120,0.0257463986332808,0.132285998833483,10,270
4,122,"CA-AB-GP",120,0.0514927972665615,0.187850645518223,18,390
4,123,"CA-AB-GP",120,0.0514927972665615,0.115058149219455,13,315
4,124,"CA-AB-GP",120,0.0514927972665615,0.0682319246675681,12,300
4,125,"CA-AB-GP",120,0,0.264179359950408,16,360
4,126,"CA-AB-GP",120,0.0514927972665615,0.144327106199339,13,315
4,127,"CA-AB-GP",120,0.0514927972665615,0.215241644768176,18,390
4,128,"CA-AB-GP",120,0.0514927972665615,0.147022101001445,11,285
4,129,"CA-AB-GP",120,0.0514927972665615,0.195619540815222,12,300
4,130,"CA-AB-GP",120,0.0514927972665615,0.067981497742563,13,315
4,131,"CA-AB-GP",120,0,0.249780476101572,10,270
4,132,"CA-AB-GP",120,0.0514927972665615,0.112733064114657,12,300
4,133,"CA-AB-GP",120,0.174357546462441,0.280435803370041,11,285
4,134,"CA-AB-GP",120,0.0514927972665615,0.148747301266595,10,270
4,135,"CA-AB-GP",120,0.0514927972665615,0.145229612272657,18,390
4,136,"CA-AB-GP",120,0.0514927972665615,0.0919318430858317,17,375
4,137,"CA-AB-GP",120,0.314991242485737,0.286769898421231,15,345
4,138,"CA-AB-GP",120,0.0257463986332808,0.176520094409479,14,330
4,139,"CA-AB-GP",120,0.200103945095721,0.276424960325178,14,330
4,140,"CA-AB-GP",120,0.0514927972665615,0.102656918728468,11,285
4,141,"CA-AB-GP",120,0.0514927972665615,0.117996841579231,22,450
4,142,"CA-AB-GP",104,0.0514927972665615,0.150216798725262,23,449
4,143,"CA-AB-GP",120,0.0514927972665615,0.14328858350296,11,285
4,144,"CA-AB-GP",120,0.0514927972665615,0.201616938260392,9,255
4,145,"CA-AB-GP",120,0.174357546462441,0.234992238559108,11,285
4,146,"CA-AB-GP",120,0.0257463986332808,0.165629834509806,20,420
4,147,"CA-AB-GP",120,0.0514927972665615,0.0904085887409257,13,315
4,148,"CA-AB-GP",120,0.0514927972665615,0.178145782439204,20,420
4,149,"CA-AB-GP",120,0.0514927972665615,0.0907496492438144,15,345
4,150,"CA-AB-GP",120,0.0514927972665615,0.147504163492764,7,225
4,151,"CA-AB-GP",120,0.0257463986332808,0.190356204055784,13,315
4,152,"CA-AB-GP",120,0.0514927972665615,0.109350661940716,17,375
4,153,"CA-AB-GP",120,0.0514927972665615,0.204948839181837,12,300
4,154,"CA-AB-GP",120,0.0514927972665615,0.428365450160022,9,255
4,155,"CA-AB-GP",120,0.0514927972665615,0.111747403142045,11,285
4,156,"CA-AB-GP",120,0.0514927972665615,0.079083827142143,13,315
4,157,"CA-AB-GP",120,0.174357546462441,0.273187776916823,11,285
4,158,"CA-AB-GP",120,0.0257463986332808,0.155486743456442,10,270
4,159,"CA-AB-GP",120,0.0514927972665615,0.208701568079132,13,315
4,160,"CA-AB-GP",120,0.0514927972665615,0.12586193547095,11,285
4,161,"CA-AB-GP",120,0.174357546462441,0.223903853410325,22,450
4,162,"CA-AB-GP",120,0.0514927972665615,0.123017734732688,19,405
4,163,"CA-AB-GP",120,0.0514927972665615,0.188597838933136,13,315
4,164,"CA-AB-GP",120,0.0514927972665615,0.175470212441074,12,300
4,165,"CA-AB-GP",120,0.0514927972665615,0.0997325017181051,12,300
4,166,"CA-AB-GP",120,0.0514927972665615,0.0995219250072907,16,360
4,167,"CA-AB-GP",120,0.0514927972665615,0.161005428443362,14,330
4,168,"CA-AB-GP",120,0.0514927972665615,0.151430836621156,15,345
4,169,"CA-AB-GP",120,0.0257463986332808,0.124949048927493,11,285
4,170,"CA-AB-GP",120,0.174357546462441,0.21156215167519,20,420
4,171,"CA-AB-GP",120,0.0514927972665615,0.0892941602349569,11,285
4,172,"CA-AB-GP",120,0.174357546462441,0.228466837619631,12,300
4,173,"CA-AB-GP",120,0.0514927972665615,0.131182981309351,11,285
4,174,"CA-AB-GP",120,0.0514927972665615,0.0980932103466729,12,300
4,175,"CA-AB-GP",120,0.0514927972665615,0.12529496595189,12,300
4,176,"CA-AB-GP",120,0.0514927972665615,0.108607521020543,20,420
4,177,"CA-AB-GP",120,0.0514927972665615,0.0785824862441502,17,375
4,178,"CA-AB-GP",120,0.0514927972665615,0.110430205074237,22,450
4,179,"CA-AB-GP",120,0.0257463986332808,0.191662345131655,18,390
4,180,"CA-AB-GP",120,0.0514927972665615,0.130290834055663,12,300
4,181,"CA-AB-GP",120,0.0514927972665615,0.125215626146928,10,270
4,182,"CA-AB-GP",120,0.0514927972665615,0.213850640304797,9,255
4,183,"CA-AB-GP",120,0.0514927972665615,0.15524858770297,16,360
4,184,"CA-AB-GP",120,0.174357546462441,0.195990530387973,12,300
4,185,"CA-AB-GP",120,0.620295747957849,0.415061746836784,9,255
4,186,"CA-AB-GP",120,0.0257463986332808,0.103826668323663,12,300
4,187,"CA-AB-GP",120,0.0514927972665615,0.122711384479637,12,300
4,188,"CA-AB-GP",120,0.0514927972665615,0.122204126073037,13,315
4,189,"CA-AB-GP",104,0.174357546462441,0.23838177026815,23,449
4,190,"CA-AB-GP",120,0.0514927972665615,0.102131461173692,15,345
4,191,"CA-AB-GP",120,0.0257463986332808,0.25555487802874,12,300
4,192,"CA-AB-GP",120,0.174357546462441,0.205231133887765,12,300
4,193,"CA-AB-GP",120,0.174357546462441,0.194849570092373,14,330
4,194,"CA-AB-GP",120,0.0257463986332808,0.140532614868704,7,225
4,195,"CA-AB-GP",120,0.174357546462441,0.240683562807451,11,285
4,196,"CA-AB-GP",120,0.0514927972665615,0.0768529767826848,14,330
4,197,"CA-AB-GP",120,0.174357546462441,0.210581888153538,11,285
4,198,"CA-AB-GP",120,0.174357546462441,0.200052302850017,22,450
4,199,"CA-AB-GP",120,0.0514927972665615,0.0772319223903885,9,255
4,200,"CA-AB-GP",120,0.0514927972665615,0.0934478437503632,12,300
4,201,"CA-AB-GP",120,0.0514927972665615,0.0773652584297866,11,285
4,202,"CA-AB-GP",120,0.0514927972665615,0.0957617656836022,13,315
4,203,"CA-AB-GP",120,0.0514927972665615,0.0859386724460335,11,285
4,204,"CA-AB-GP",120,0.314991242485737,0.375675971016737,17,375
4,205,"CA-AB-GP",120,0.314991242485737,0.364254535249882,22,450
4,206,"CA-AB-GP",120,0.0514927972665615,0.112090025829815,10,270
4,207,"CA-AB-GP",120,0.0514927972665615,0.134111490477514,13,315
4,208,"CA-AB-GP",120,0.174357546462441,0.241283494001613,13,315
4,209,"CA-AB-GP",120,0.0257463986332808,0.223420458069777,13,315
4,210,"CA-AB-GP",120,0.174357546462441,0.21195370004061,11,285
4,211,"CA-AB-GP",120,0.0514927972665615,0.209238788828294,11,285
4,212,"CA-AB-GP",120,0.0514927972665615,0.135174403968279,10,270
4,213,"CA-AB-GP",120,0.0257463986332808,0.11894882988732,12,300
4,214,"CA-AB-GP",120,0.157495621242869,0.26282524861604,12,300
4,215,"CA-AB-GP",120,0.0514927972665615,0.146030190006803,12,300
4,216,"CA-AB-GP",120,0.0514927972665615,0.0848793627270216,13,315
4,217,"CA-AB-GP",120,0.0514927972665615,0.123242352881545,11,285
4,218,"CA-AB-GP",120,0.0514927972665615,0.101102711112133,12,300
4,219,"CA-AB-GP",120,0.0514927972665615,0.250310498979948,16,360
4,220,"CA-AB-GP",120,0.0514927972665615,0.135719702694099,12,300
4,221,"CA-AB-GP",120,0.0514927972665615,0.0836715672996229,11,285
4,222,"CA-AB-GP",120,0.0257463986332808,0.156540312564966,14,330
4,223,"CA-AB-GP",120,0.255685929226585,0.186075676582582,11,285
4,224,"CA-AB-GP",120,0.314991242485737,0.170192606647014,14,330
4,225,"CA-AB-GP",120,0.0514927972665615,0.0807277781041738,16,360
4,226,"CA-AB-GP",120,0.0514927972665615,0.122540412159661,11,285
4,227,"CA-AB-GP",120,0.174357546462441,0.248817795339245,11,285
4,228,"CA-AB-GP",120,0.0514927972665615,0.110319173349239,19,405
4,229,"CA-AB-GP",120,0.174357546462441,0.234386628840574,13,315
4,230,"CA-AB-GP",120,0.0257463986332808,0.205478115779951,16,360
4,231,"CA-AB-GP",120,0.0514927972665615,0.112742098124531,10,270
4,232,"CA-AB-GP",120,0.0514927972665615,0.0827921764451922,10,270
4,233,"CA-AB-GP",120,0.0514927972665615,0.0670003219532286,8,240
4,234,"CA-AB-GP",120,0.0257463986332808,0.139675267426686,15,345
4,235,"CA-AB-GP",120,0.0257463986332808,0.17924570294349,13,315
4,236,"CA-AB-GP",120,0.0514927972665615,0.08122815461084,13,315
4,237,"CA-AB-GP",120,0.0514927972665615,0.0988149094533075,11,285
4,238,"CA-AB-GP",120,0.0257463986332808,0.145480342175735,12,300
4,239,"CA-AB-GP",120,0.0514927972665615,0.131733298923318,16,360
4,240,"CA-AB-GP",120,0.229939530593304,0.218681465684278,10,270
4,241,"CA-AB-GP",120,0.0514927972665615,0.201706303289755,12,300
4,242,"CA-AB-GP",120,0.0514927972665615,0.0915147534110585,16,360
4,243,"CA-AB-GP",120,0.0514927972665615,0.137292753734333,8,240
4,244,"CA-AB-GP",120,0.0514927972665615,0.124444876305779,12,300
4,245,"CA-AB-GP",120,0.0257463986332808,0.160138396335374,14,330
4,246,"CA-AB-GP",120,0.0514927972665615,0.163336326315388,15,345
4,247,"CA-AB-GP",120,0.174357546462441,0.198344460371891,11,285
4,248,"CA-AB-GP",120,0,0.186404968104183,16,360
4,249,"CA-AB-GP",120,0.0514927972665615,0.104366211396716,13,315
4,250,"CA-AB-GP",120,0.0514927972665615,0.176496048452015,12,300
4,251,"CA-AB-GP",120,0.0514927972665615,0.0737780038852027,10,270
4,252,"CA-AB-GP",120,0.0514927972665615,0.191888058695816,12,300
4,253,"CA-AB-GP",120,0.174357546462441,0.197341621997267,12,300
4,254,"CA-AB-GP",120,0.0514927972665615,0.172177280389622,10,270
4,255,"CA-AB-GP",120,0.0514927972665615,0.0763442004687779,14,330
4,256,"CA-AB-GP",120,0.0514927972665615,0.0803195473475268,13,315
4,257,"CA-AB-GP",120,0.0514927972665615,0.074213805161013,13,315
4,258,"CA-AB-GP",120,0.0514927972665615,0.249009829642177,15,345
4,259,"CA-AB-GP",120,0.0514927972665615,0.0752669476149448,18,390
4,260,"CA-AB-GP",120,0.0514927972665615,0.083988931473318,13,315
4,261,"CA-AB-GP",120,0.174357546462441,0.290021108721451,11,285
4,262,"CA-AB-GP",120,0.183242019876149,0.137990269128774,17,375
4,263,"CA-AB-GP",120,0.0257463986332808,0.134638413953798,10,270
4,264,"CA-AB-GP",120,0.0257463986332808,0.162359271841708,12,300
4,265,"CA-AB-GP",120,0.0257463986332808,0.110845317738845,11,285
4,266,"CA-AB-GP",120,0.0514927972665615,0.172771784637184,19,405
4,267,"CA-AB-GP",120,0.0514927972665615,0.159892891371985,11,285
4,268,"CA-AB-GP",120,0.0514927972665615,0.205886854131129,10,270
4,269,"CA-AB-GP",120,0.157495621242869,0.249895357240612,14,330
4,270,"CA-AB-GP",104,0.0514927972665615,0.16766095565775,23,449
4,271,"CA-AB-GP",120,0.0514927972665615,0.173743071040017,10,270
4,272,"CA-AB-GP",120,0.0514927972665615,0.132493858657855,14,330
4,273,"CA-AB-GP",120,0.0514927972665615,0.198872699388651,17,375
4,274,"CA-AB-GP",120,0.0514927972665615,0.0981243409714917,17,375
4,275,"CA-AB-GP",120,0.0514927972665615,0.0700897033966693,13,315
4,276,"CA-AB-GP",120,0.183242019876149,0.140514492620547,16,360
4,277,"CA-AB-GP",120,0.0514927972665615,0.0872671431353437,13,315
4,278,"CA-AB-GP",120,0.0514927972665615,0.135337319535729,11,285
4,279,"CA-AB-GP",120,0.0514927972665615,0.181698402069362,15,345
4,280,"CA-AB-GP",120,0.0514927972665615,0.171998084464538,9,255
4,281,"CA-AB-GP",120,0.174357546462441,0.21174566927584,13,315
4,282,"CA-AB-GP",120,0.0514927972665615,0.088793469234774,16,360
4,283,"CA-AB-GP",120,0.0514927972665615,0.113735498225862,11,285
4,284,"CA-AB-GP",120,0.0257463986332808,0.166857854133936,22,450
4,285,"CA-AB-GP",120,0.200103945095721,0.321842476015572,14,330
4,286,"CA-AB-GP",120,0.0514927972665615,0.12225532141762,20,420
4,287,"CA-AB-GP",120,0.0514927972665615,0.0956252509531593,13,315
4,288,"CA-AB-GP",120,0.0514927972665615,0.254488572189878,17,375
4,289,"CA-AB-GP",120,0.174357546462441,0.296680391663397,14,330
4,290,"CA-AB-GP",120,0.0514927972665615,0.101791077183759,19,405
4,291,"CA-AB-GP",120,0.0514927972665615,0.167588909888665,12,300
4,292,"CA-AB-GP",120,0.0514927972665615,0.154269029958765,13,315
4,293,"CA-AB-GP",120,0.0514927972665615,0.101738816092127,16,360
4,294,"CA-AB-GP",120,0.255685929226585,0.176220861384489,11,285
4,295,"CA-AB-GP",120,0,0.188675283059667,15,345
4,296,"CA-AB-GP",120,0.0257463986332808,0.14372127316354,14,330
4,297,"CA-AB-GP",120,0.0514927972665615,0.0730749994188192,15,345
4,298,"CA-AB-GP",120,0.0514927972665615,0.0828997275103086,16,360
4,299,"CA-AB-GP",120,0.0514927972665615,0.141524227886158,13,315
4,300,"CA-AB-GP",120,0.174357546462441,0.359837374596342,12,300
4,301,"CA-AB-GP",120,0.0514927972665615,0.153570243266615,11,285
4,302,"CA-AB-GP",120,0.0514927972665615,0.156302791239292,11,285
4,303,"CA-AB-GP",120,0.0514927972665615,0.131182300487112,12,300
4,304,"CA-AB-GP",120,0.0514927972665615,0.109861732074732,22,450
4,305,"CA-AB-GP",120,0.0514927972665615,0.120253077298746,22,450
4,306,"CA-AB-GP",120,0.0514927972665615,0.128554249562219,11,285
4,307,"CA-AB-GP",120,0.174357546462441,0.191746655504547,9,255
4,308,"CA-AB-GP",120,0.0514927972665615,0.126987448412045,16,360
4,309,"CA-AB-GP",120,0.0514927972665615,0.106047130310145,20,420
4,310,"CA-AB-GP",120,0.0257463986332808,0.149855534030166,10,270
4,311,"CA-AB-GP",120,0.0514927972665615,0.122902764842172,10,270
4,312,"CA-AB-GP",120,0.0257463986332808,0.30799517798355,14,330
4,313,"CA-AB-GP",120,0.0514927972665615,0.173786819496979,21,435
4,314,"CA-AB-GP",120,0.0514927972665615,0.130996703558927,12,300
4,315,"CA-AB-GP",120,0.0257463986332808,0.15791398165749,11,285
4,316,"CA-AB-GP",120,0.174357546462441,0.225347877242355,14,330
4,317,"CA-AB-GP",120,0,0.191233367548529,10,270
4,318,"CA-AB-GP",120,0.0514927972665615,0.0695990404729022,13,315
4,319,"CA-AB-GP",120,0.0514927972665615,0.10993203077406,11,285
4,320,"CA-AB-GP",120,0.0257463986332808,0.224634824800535,13,315
4,321,"CA-AB-GP",120,0.0514927972665615,0.0835232945091724,16,360
4,322,"CA-AB-GP",120,0.229939530593304,0.180213862264149,13,315
4,323,"CA-AB-GP",120,0.0257463986332808,0.262005877768949,10,270
4,324,"CA-AB-GP",120,0.0514927972665615,0.273500223696041,7,225
4,325,"CA-AB-GP",120,0.0514927972665615,0.112718464591852,11,285
4,326,"CA-AB-GP",120,0.0514927972665615,0.107398136076547,18,390
4,327,"CA-AB-GP",120,0.0514927972665615,0.111299704227863,17,375
4,328,"CA-AB-GP",120,0.0257463986332808,0.137985373931086,11,285
4,329,"CA-AB-GP",120,0.0514927972665615,0.194247435740077,10,270
4,330,"CA-AB-GP",120,0.174357546462441,0.253685788425824,10,270
4,331,"CA-AB-GP",120,0,0.211662921428547,14,330
4,332,"CA-AB-GP",120,0.0257463986332808,0.133696495908347,13,315
4,333,"CA-AB-GP",120,0.0257463986332808,0.116203558203271,11,285
4,334,"CA-AB-GP",120,0.174357546462441,0.215212671348182,11,285
4,335,"CA-AB-GP",120,0.174357546462441,0.236685201923858,20,420
4,336,"CA-AB-GP",120,0.839612167375785,0.490860308228806,9,255
4,337,"CA-AB-GP",120,0.0514927972665615,0.112402265729756,10,270
4,338,"CA-AB-GP",120,0.0514927972665615,0.0711161005714384,10,270
4,339,"CA-AB-GP",120,0.0514927972665615,0.153371949002835,7,225
4,340,"CA-AB-GP",120,0.0514927972665615,0.140259321469259,7,225
4,341,"CA-AB-GP",120,0.0514927972665615,0.117381088532602,12,300
4,342,"CA-AB-GP",120,0.229939530593304,0.50052765504384,13,315
4,343,"CA-AB-GP",120,0.174357546462441,0.188995432927267,13,315
4,344,"CA-AB-GP",120,0.0514927972665615,0.078512843425531,12,300
4,345,"CA-AB-GP",120,0.174357546462441,0.242144933931177,9,255
4,346,"CA-AB-GP",120,0.0257463986332808,0.210680875717794,16,360
4,347,"CA-AB-GP",120,0.0514927972665615,0.196290364929499,13,315
4,348,"CA-AB-GP",120,0.0257463986332808,0.225657116373445,14,330
4,349,"CA-AB-GP",120,0.0514927972665615,0.0958301646377548,16,360
4,350,"CA-AB-GP",120,0.0514927972665615,0.13767100759469,10,270
4,351,"CA-AB-GP",120,0.0514927972665615,0.0760672572428003,10,270
4,352,"CA-AB-GP",120,0.174357546462441,0.121078018295854,10,270
4,353,"CA-AB-GP",120,0.0514927972665615,0.122308816697552,9,255
4,354,"CA-AB-GP",120,0.0514927972665615,0.0849996652010048,14,330
4,355,"CA-AB-GP",120,0.0514927972665615,0.530146266149738,9,255
4,356,"CA-AB-GP",120,0.174357546462441,0.20210388360378,9,255
4,357,"CA-AB-GP",120,0.0514927972665615,0.106642883241716,9,255
4,358,"CA-AB-GP",120,0.0514927972665615,0.216525949928182,14,330
4,359,"CA-AB-GP",120,0.0514927972665615,0.20979680837505,12,300
4,360,"CA-AB-GP",120,0.314991242485737,0.398783915175247,12,300
4,361,"CA-AB-GP",120,0.200103945095721,0.139599561844078,10,270
4,362,"CA-AB-GP",120,0.200103945095721,0.257820154847312,11,285
4,363,"CA-AB-GP",120,0.0514927972665615,0.128827727091529,8,240
4,364,"CA-AB-GP",120,0.0514927972665615,0.13241202587361,22,450
4,365,"CA-AB-GP",120,0.0514927972665615,0.0807404760760502,14,330
4,366,"CA-AB-GP",120,0.0514927972665615,0.103444448551211,13,315
4,367,"CA-AB-GP",120,0.0514927972665615,0.0755812258574269,16,360
4,368,"CA-AB-GP",120,0.0514927972665615,0.136731178599633,11,285
4,369,"CA-AB-GP",120,0.0257463986332808,0.145832249527494,8,240
4,370,"CA-AB-GP",120,0.0514927972665615,0.0768182028282637,14,330
4,371,"CA-AB-GP",120,0.0514927972665615,0.203329957067068,10,270
4,372,"CA-AB-GP",120,0.0514927972665615,0.110113002279781,11,285
4,373,"CA-AB-GP",120,0.0514927972665615,0.10499521930032,11,285
4,374,"CA-AB-GP",120,0.0514927972665615,0.119328192035909,10,270
4,375,"CA-AB-GP",120,0.174357546462441,0.214362489309868,22,450
4,376,"CA-AB-GP",120,0.174357546462441,0.209673227434779,18,390
4,377,"CA-AB-GP",120,0.0514927972665615,0.0691402383832976,13,315
4,378,"CA-AB-GP",120,0.174357546462441,0.206477536249327,22,450
4,379,"CA-AB-GP",120,0.0514927972665615,0.0914159452792686,11,285
4,380,"CA-AB-GP",120,0.0514927972665615,0.120282390580085,12,300
4,381,"CA-AB-GP",120,0.0514927972665615,0.298505434643478,13,315
4,382,"CA-AB-GP",120,0.0514927972665615,0.152355444060172,19,405
4,383,"CA-AB-GP",120,0.0514927972665615,0.0933561403979291,14,330
4,384,"CA-AB-GP",120,0.255685929226585,0.166520761834938,7,225
4,385,"CA-AB-GP",120,0,0.154073698350659,13,315
4,386,"CA-AB-GP",120,0.0514927972665615,0.175104906306577,12,300
4,387,"CA-AB-GP",120,0.0514927972665615,0.157557085098934,10,270
4,388,"CA-AB-GP",120,0.0514927972665615,0.0968124364955736,16,360
4,389,"CA-AB-GP",120,0,0.30391443564984,16,360
4,390,"CA-AB-GP",120,0.0514927972665615,0.0992598436019917,12,300
4,391,"CA-AB-GP",120,0.21758078830271,0.213990661033136,11,285
4,392,"CA-AB-GP",120,0.0514927972665615,0.198127984429694,15,345
4,393,"CA-AB-GP",120,0.0514927972665615,0.156653699383877,10,270
4,394,"CA-AB-GP",120,0.174357546462441,0.192247143366212,12,300
4,395,"CA-AB-GP",120,0.0514927972665615,0.159922118311905,12,300
4,396,"CA-AB-GP",120,0.174357546462441,0.200922261681666,15,345
4,397,"CA-AB-GP",120,0.0514927972665615,0.104403769748994,12,300
4,398,"CA-AB-GP",120,0,0.220300762585005,14,330
4,399,"CA-AB-GP",120,0.0514927972665615,0.159546849106522,18,390
4,400,"CA-AB-GP",120,0.0514927972665615,0.186902589405462,10,270
4,401,"CA-AB-GP",120,0.0514927972665615,0.10419956572444,16,360
4,402,"CA-AB-GP",120,0.0514927972665615,0.0831763681355397,16,360
4,403,"CA-AB-GP",120,0.200103945095721,0.147001469803031,10,270
4,404,"CA-AB-GP",120,0.174357546462441,0.263700764241541,13,315
4,405,"CA-AB-GP",120,0.0514927972665615,0.0860262418272615,12,300
4,406,"CA-AB-GP",120,0.174357546462441,0.206419994044567,11,285
4,407,"CA-AB-GP",120,0.174357546462441,0.202045117396157,13,315
4,408,"CA-AB-GP",120,0.0514927972665615,0.191549093111456,14,330
4,409,"CA-AB-GP",120,0.200103945095721,0.167935757851789,16,360
4,410,"CA-AB-GP",120,0.0257463986332808,0.187815939569444,16,360
4,411,"CA-AB-GP",120,0.0257463986332808,0.137765075743605,7,225
4,412,"CA-AB-GP",120,0.0514927972665615,0.108229392165309,12,300
4,413,"CA-AB-GP",120,0.0514927972665615,0.141004620458303,10,270
4,414,"CA-AB-GP",120,0.0514927972665615,0.100346251964175,16,360
4,415,"CA-AB-GP",120,0.0514927972665615,0.0995458073387805,10,270
4,416,"CA-AB-GP",120,0.174357546462441,0.187674589534797,9,255
4,417,"CA-AB-GP",120,0.0514927972665615,0.156200825291609,12,300
4,418,"CA-AB-GP",120,0.0514927972665615,0.145596193710431,9,255
4,419,"CA-AB-GP",120,0.0514927972665615,0.25326723041901,9,255
4,420,"CA-AB-GP",120,0.0514927972665615,0.156861814552581,13,315
4,421,"CA-AB-GP",120,0.0514927972665615,0.0789317123214429,15,345
4,422,"CA-AB-GP",120,0.0514927972665615,0.0928244799226248,14,330
4,423,"CA-AB-GP",120,0.174357546462441,0.239197644358187,22,450
4,424,"CA-AB-GP",120,0.174357546462441,0.187340207596022,13,315
4,425,"CA-AB-GP",120,0.0514927972665615,0.128414580233202,13,315
4,426,"CA-AB-GP",120,0.0514927972665615,0.160079257108054,15,345
4,427,"CA-AB-GP",120,0.0514927972665615,0.107844058019666,22,450
4,428,"CA-AB-GP",120,0.0514927972665615,0.126956369315709,9,255
4,429,"CA-AB-GP",120,0.0514927972665615,0.107076848909714,13,315
4,430,"CA-AB-GP",120,0.0257463986332808,0.134928930833614,12,300
4,431,"CA-AB-GP",120,0.157495621242869,0.14190506298913,13,315
4,432,"CA-AB-GP",120,0.174357546462441,0.369002407279071,14,330
4,433,"CA-AB-GP",120,0.0257463986332808,0.123472585962826,11,285
4,434,"CA-AB-GP",120,0.0514927972665615,0.231042496378213,12,300
4,435,"CA-AB-GP",120,0.0514927972665615,0.126974863699194,11,285
4,436,"CA-AB-GP",120,0.0257463986332808,0.185700401681741,7,225
4,437,"CA-AB-GP",120,0.0257463986332808,0.125109828644958,16,360
4,438,"CA-AB-GP",120,0.0514927972665615,0.253969456742249,12,300
4,439,"CA-AB-GP",120,0.0514927972665615,0.156964405928492,14,330
4,440,"CA-AB-GP",120,0.0514927972665615,0.0822293983540262,9,255
4,441,"CA-AB-GP",120,0.0514927972665615,0.106878837706324,13,315
4,442,"CA-AB-GP",120,0.0257463986332808,0.194403225074004,13,315
4,443,"CA-AB-GP",120,0.0257463986332808,0.147941795176683,12,300
4,444,"CA-AB-GP",120,0.0257463986332808,0.168876715100975,13,315
4,445,"CA-AB-GP",120,0.0514927972665615,0.0923568413809537,14,330
4,446,"CA-AB-GP",120,0.0514927972665615,0.146882079078163,11,285
4,447,"CA-AB-GP",120,0.0514927972665615,0.0903958152465756,12,300
4,448,"CA-AB-GP",120,0.0257463986332808,0.144260278384872,12,300
4,449,"CA-AB-GP",120,0.0514927972665615,0.181293083123005,12,300
4,450,"CA-AB-GP",120,0.0514927972665615,0.129658594461216,18,390
4,451,"CA-AB-GP",120,0.0514927972665615,0.154890639985754,15,345
4,452,"CA-AB-GP",120,0.0514927972665615,0.123636921976422,22,450
4,453,"CA-AB-GP",120,0.0514927972665615,0.120748658407354,16,360
4,454,"CA-AB-GP",120,0.0257463986332808,0.193756084747033,11,285
4,455,"CA-AB-GP",120,0.0514927972665615,0.175664342345673,15,345
4,456,"CA-AB-GP",120,0.0514927972665615,0.10351993651177,12,300
4,457,"CA-AB-GP",120,0.0514927972665615,0.103945397492611,13,315
4,458,"CA-AB-GP",120,0.0514927972665615,0.17490921692186,13,315
4,459,"CA-AB-GP",120,0.0514927972665615,0.0930503096399633,12,300
4,460,"CA-AB-GP",120,0.839612167375785,0.59377971103927,9,255
4,461,"CA-AB-GP",120,0.0514927972665615,0.0890335258750555,11,285
4,462,"CA-AB-GP",120,0.0257463986332808,0.140177244529267,11,285
4,463,"CA-AB-GP",120,0.0514927972665615,0.158957868665961,12,300
4,464,"CA-AB-GP",120,0.0514927972665615,0.0943270251701111,11,285
4,465,"CA-AB-GP",120,0.174357546462441,0.204912046955948,16,360
4,466,"CA-AB-GP",120,0.174357546462441,0.246334728319844,19,405
4,467,"CA-AB-GP",120,0.0514927972665615,0.156475111788494,21,435
4,468,"CA-AB-GP",120,0.0514927972665615,0.158760377345992,12,300
4,469,"CA-AB-GP",120,0.0257463986332808,0.242284621368994,10,270
4,470,"CA-AB-GP",120,0.0514927972665615,0.0808427938608054,14,330
4,471,"CA-AB-GP",120,0.0257463986332808,0.142653667927981,11,285
4,472,"CA-AB-GP",120,0.0257463986332808,0.128643531577355,10,270
4,473,"CA-AB-GP",120,0.174357546462441,0.25562982962052,11,285
4,474,"CA-AB-GP",120,0.0514927972665615,0.0873356249261597,16,360
4,475,"CA-AB-GP",120,0.0514927972665615,0.123976117663518,12,300
4,476,"CA-AB-GP",120,0.0257463986332808,0.199200361334211,7,225
4,477,"CA-AB-GP",120,0.0514927972665615,0.168278819947194,11,285
4,478,"CA-AB-GP",120,0.0257463986332808,0.137161848063252,7,225
4,479,"CA-AB-GP",120,0.0514927972665615,0.0869721810655127,15,345
4,480,"CA-AB-GP",120,0.0257463986332808,0.147575677285007,11,285
4,481,"CA-AB-GP",120,0.0514927972665615,0.142566619348884,13,315
4,482,"CA-AB-GP",120,0.0514927972665615,0.135682412566811,13,315
4,483,"CA-AB-GP",120,0.0257463986332808,0.152297776030681,12,300
4,484,"CA-AB-GP",120,0.0514927972665615,0.103792751484985,19,405
4,485,"CA-AB-GP",120,0.0514927972665615,0.0880039654136485,13,315
4,486,"CA-AB-GP",120,0.0257463986332808,0.193605141070396,10,270
4,487,"CA-AB-GP",120,0.174357546462441,0.209938075440157,18,390
4,488,"CA-AB-GP",120,0.0514927972665615,0.0739640346615042,12,300
4,489,"CA-AB-GP",120,0.0514927972665615,0.0868606357256076,13,315
4,490,"CA-AB-GP",120,1.14566816261412,0.706788128308972,9,255
4,491,"CA-AB-GP",120,0.0257463986332808,0.137672712044545,12,300
4,492,"CA-AB-GP",120,0.0514927972665615,0.0910415540548308,14,330
4,493,"CA-AB-GP",120,0.0514927972665615,0.106698506619208,20,420
4,494,"CA-AB-GP",120,0.174357546462441,0.22161368686433,13,315
4,495,"CA-AB-GP",120,0.0514927972665615,0.120702385406281,12,300
4,496,"CA-AB-GP",120,0.0514927972665615,0.0969029550486793,18,390
4,497,"CA-AB-GP",120,0.0514927972665615,0.079247558304807,12,300
4,498,"CA-AB-GP",120,0.0257463986332808,0.189002607563204,11,285
4,499,"CA-AB-GP",120,0.0257463986332808,0.145918582760087,22,450
4,500,"CA-AB-GP",120,0.0514927972665615,0.142029382720308,11,285
4,501,"CA-AB-GP",120,0.0514927972665615,0.0946294362463709,13,315
4,502,"CA-AB-GP",120,0.0514927972665615,0.11164285147091,19,405
4,503,"CA-AB-GP",120,0.0257463986332808,0.167330252609112,9,255
4,504,"CA-AB-GP",120,0.0514927972665615,0.107595136252307,13,315
4,505,"CA-AB-GP",120,0.0514927972665615,0.0856277837913984,13,315
4,506,"CA-AB-GP",120,0,0.19447261201674,12,300
4,507,"CA-AB-GP",120,0.183242019876149,0.132736483058409,12,300
4,508,"CA-AB-GP",120,0.0514927972665615,0.0909878328004984,16,360
4,509,"CA-AB-GP",120,0.314991242485737,0.25390132686199,14,330
4,510,"CA-AB-GP",120,0.0514927972665615,0.113792240040876,17,375
4,511,"CA-AB-GP",120,0.0514927972665615,0.105256388597419,21,435
4,512,"CA-AB-GP",120,0.314991242485737,0.319508344573478,14,330
4,513,"CA-AB-GP",120,0.0257463986332808,0.17033748962952,13,315
4,514,"CA-AB-GP",120,0.255685929226585,0.183021351058761,12,300
4,515,"CA-AB-GP",120,0.0514927972665615,0.157432662230798,14,330
4,516,"CA-AB-GP",120,0.0514927972665615,0.128028781506322,12,300
4,517,"CA-AB-GP",120,0.0514927972665615,0.111885892459618,10,270
4,518,"CA-AB-GP",120,0.0514927972665615,0.0759223789500657,16,360
4,519,"CA-AB-GP",120,0.0514927972665615,0.0813086394657563,12,300
4,520,"CA-AB-GP",120,0.174357546462441,0.203767042300035,14,330
4,521,"CA-AB-GP",120,0.0514927972665615,0.0861131577098265,17,375
4,522,"CA-AB-GP",120,0.0514927972665615,0.139569194554165,10,270
4,523,"CA-AB-GP",120,0.0514927972665615,0.120105031914671,11,285
4,524,"CA-AB-GP",120,0.0514927972665615,0.0825257269401399,12,300
4,525,"CA-AB-GP",120,0.174357546462441,0.216073234563274,13,315
4,526,"CA-AB-GP",120,0.0514927972665615,0.114547205192627,22,450
4,527,"CA-AB-GP",120,0.174357546462441,0.141430165547019,12,300
4,528,"CA-AB-GP",120,0.0514927972665615,0.185243278002159,7,225
4,529,"CA-AB-GP",120,0.174357546462441,0.223073656331449,12,300
4,530,"CA-AB-GP",120,0.839612167375785,0.65721880338712,11,285
4,531,"CA-AB-GP",120,0.174357546462441,0.270693798051623,22,450
4,532,"CA-AB-GP",120,0.157495621242869,0.2728372582549,14,330
4,533,"CA-AB-GP",120,0.0514927972665615,0.0841676107936031,14,330
4,534,"CA-AB-GP",120,0.174357546462441,0.234479544654256,15,345
4,535,"CA-AB-GP",120,0.0257463986332808,0.167520436188244,12,300
4,536,"CA-AB-GP",120,0.0257463986332808,0.114837301079162,11,285
4,537,"CA-AB-GP",120,0.0257463986332808,0.190145197988004,10,270
4,538,"CA-AB-GP",120,0.0514927972665615,0.118702718026307,11,285
4,539,"CA-AB-GP",120,0.0514927972665615,0.139115263829256,13,315
4,540,"CA-AB-GP",120,0,0.203732646599372,14,330
4,541,"CA-AB-GP",120,0,0.159918495583287,11,285
4,542,"CA-AB-GP",120,0.314991242485737,0.201791477084396,12,300
4,543,"CA-AB-GP",120,0.0514927972665615,0.100525391412131,16,360
4,544,"CA-AB-GP",120,0.839612167375785,0.576328734013546,8,240
4,545,"CA-AB-GP",120,0.174357546462441,0.201606590353227,10,270
4,546,"CA-AB-GP",120,0.0514927972665615,0.158935896269409,13,315
4,547,"CA-AB-GP",120,0.0514927972665615,0.194364576163036,13,315
4,548,"CA-AB-GP",120,0.0257463986332808,0.200407160769321,10,270
4,549,"CA-AB-GP",120,0.0514927972665615,0.153997391968918,15,345
4,550,"CA-AB-GP",120,0.0514927972665615,0.177199392562241,15,345
4,551,"CA-AB-GP",120,0.0514927972665615,0.149874560452305,20,420
4,552,"CA-AB-GP",120,0.0514927972665615,0.117938925106252,12,300
4,553,"CA-AB-GP",120,0.0514927972665615,0.16664652733164,22,450
4,554,"CA-AB-GP",120,0.0514927972665615,0.121198839589384,21,435
4,555,"CA-AB-GP",120,0.0514927972665615,0.114751197248475,11,285
4,556,"CA-AB-GP",120,0.174357546462441,0.204366337045728,13,315
4,557,"CA-AB-GP",120,0.0514927972665615,0.121678538760589,11,285
4,558,"CA-AB-GP",120,0,0.21010172017917,13,315
4,559,"CA-AB-GP",120,0,0.266659541721704,15,345
4,560,"CA-AB-GP",120,0.174357546462441,0.200058793844921,12,300
4,561,"CA-AB-GP",120,0.0514927972665615,0.123807018016126,10,270
4,562,"CA-AB-GP",120,0.0514927972665615,0.0888964052891792,14,330
4,563,"CA-AB-GP",120,0.0514927972665615,0.128369147574725,20,420
4,564,"CA-AB-GP",120,0.0257463986332808,0.159125647872406,15,345
4,565,"CA-AB-GP",120,0.0514927972665615,0.0729283932275396,13,315
4,566,"CA-AB-GP",120,0.0514927972665615,0.227620318497907,9,255
4,567,"CA-AB-GP",120,0.0514927972665615,0.150074962219161,14,330
4,568,"CA-AB-GP",120,0.0514927972665615,0.100314071347831,16,360
4,569,"CA-AB-GP",120,0.0257463986332808,0.120722741891242,12,300
4,570,"CA-AB-GP",120,0.0514927972665615,0.0945466700181561,12,300
4,571,"CA-AB-GP",120,0.0514927972665615,0.0832898286402653,14,330
4,572,"CA-AB-GP",120,0.174357546462441,0.194955472774992,11,285
4,573,"CA-AB-GP",120,0.174357546462441,0.290359018440134,11,285
4,574,"CA-AB-GP",120,0.174357546462441,0.374007928902672,15,345
4,575,"CA-AB-GP",120,0.0514927972665615,0.114341596317639,11,285
4,576,"CA-AB-GP",120,0.0514927972665615,0.0859842551731501,14,330
4,577,"CA-AB-GP",120,0.0514927972665615,0.0897311234463452,12,300
4,578,"CA-AB-GP",120,0.0514927972665615,0.0949178382286202,12,300
4,579,"CA-AB-GP",120,0.0514927972665615,0.18619713697411,13,315
4,580,"CA-AB-GP",120,0.0514927972665615,0.110331495555783,11,285
4,581,"CA-AB-GP",120,0.0514927972665615,0.10332923577291,13,315
4,582,"CA-AB-GP",104,0.0514927972665615,0.135348835674668,23,449
4,583,"CA-AB-GP",120,0.561226918711652,0.319620969471701,8,240
4,584,"CA-AB-GP",120,0.0514927972665615,0.127539215308807,10,270
4,585,"CA-AB-GP",120,0.174357546462441,0.303843979260007,9,255
4,586,"CA-AB-GP",120,0.174357546462441,0.20392024274436,15,345
4,587,"CA-AB-GP",120,0.0514927972665615,0.106126395312456,16,360
4,588,"CA-AB-GP",120,0.0514927972665615,0.105611305383387,18,390
4,589,"CA-AB-GP",120,0.0514927972665615,0.150968043855597,17,375
4,590,"CA-AB-GP",120,0.0514927972665615,0.135719259703425,7,225
4,591,"CA-AB-GP",120,0.0257463986332808,0.191646219531929,10,270
4,592,"CA-AB-GP",120,0.174357546462441,0.195469606384299,11,285
4,593,"CA-AB-GP",120,0.0514927972665615,0.196647604405477,10,270
4,594,"CA-AB-GP",120,0.0514927972665615,0.119602492696604,21,435
4,595,"CA-AB-GP",120,0.174357546462441,0.244790669083093,16,360
4,596,"CA-AB-GP",120,0.0514927972665615,0.109809309734805,12,300
4,597,"CA-AB-GP",120,0.0257463986332808,0.140618912943804,14,330
4,598,"CA-AB-GP",120,0.0514927972665615,0.186238076199537,19,405
4,599,"CA-AB-GP",120,0.0257463986332808,0.150176016996793,7,225
4,600,"CA-AB-GP",120,0.0257463986332808,0.15998746944742,11,285
4,601,"CA-AB-GP",120,0.0514927972665615,0.113127631690748,16,360
4,602,"CA-AB-GP",120,0.0514927972665615,0.152721649530596,12,300
4,603,"CA-AB-GP",120,0.183242019876149,0.207879323579042,12,300
4,604,"CA-AB-GP",104,0.0514927972665615,0.131108121029013,23,449
4,605,"CA-AB-GP",120,0.0514927972665615,0.155848497700576,12,300
4,606,"CA-AB-GP",120,1.29678236457752,0.135339924128427,5,195
4,607,"CA-AB-GP",120,0.0514927972665615,0.0788546887226743,12,300
4,608,"CA-AB-GP",120,0.0514927972665615,0.179235826751782,8,240
4,609,"CA-AB-GP",120,0.183242019876149,0.187796329082553,16,360
4,610,"CA-AB-GP",120,0.0514927972665615,0.0807166049677319,12,300
4,611,"CA-AB-GP",120,0.0514927972665615,0.115031537781615,10,270
4,612,"CA-AB-GP",120,0.0514927972665615,0.196517704292974,15,345
4,613,"CA-AB-GP",120,0.0514927972665615,0.089253908730732,12,300
4,614,"CA-AB-GP",120,0.0514927972665615,0.14406703112588,14,330
4,615,"CA-AB-GP",120,0.0514927972665615,0.0877465658586662,10,270
4,616,"CA-AB-GP",120,0.0514927972665615,0.0769760447398084,18,390
4,617,"CA-AB-GP",120,0.0514927972665615,0.12098332972143,12,300
4,618,"CA-AB-GP",120,0.0257463986332808,0.198032009362644,10,270
4,619,"CA-AB-GP",120,0.0257463986332808,0.279125146211833,16,360
4,620,"CA-AB-GP",120,0.174357546462441,0.202718269971013,12,300
4,621,"CA-AB-GP",120,0.0514927972665615,0.21119781204789,7,225
4,622,"CA-AB-GP",120,0.0514927972665615,0.0925802023885146,13,315
4,623,"CA-AB-GP",120,0.0514927972665615,0.202167658651447,10,270
4,624,"CA-AB-GP",120,0.0514927972665615,0.105112472768857,12,300
4,625,"CA-AB-GP",120,0.0514927972665615,0.0825164026352123,12,300
4,626,"CA-AB-GP",120,0.174357546462441,0.19966912253116,14,330
4,627,"CA-AB-GP",120,0.0257463986332808,0.0988136330921263,10,270
4,628,"CA-AB-GP",120,0.0514927972665615,0.128841791606968,22,450
4,629,"CA-AB-GP",120,0.0257463986332808,0.170569914676277,11,285
4,630,"CA-AB-GP",120,0.0514927972665615,0.124306177581819,15,345
4,631,"CA-AB-GP",120,0.0514927972665615,0.136810754243372,15,345
4,632,"CA-AB-GP",120,0.0257463986332808,0.183514023777438,14,330
4,633,"CA-AB-GP",120,0.174357546462441,0.143331375483737,19,405
4,634,"CA-AB-GP",120,0.0514927972665615,0.107773965962721,11,285
4,635,"CA-AB-GP",120,0.0514927972665615,0.22874898749548,11,285
4,636,"CA-AB-GP",120,0.0514927972665615,0.135315550239097,11,285
4,637,"CA-AB-GP",120,0.174357546462441,0.175512934794811,12,300
4,638,"CA-AB-GP",120,0.174357546462441,0.230026466230231,11,285
4,639,"CA-AB-GP",120,0.174357546462441,0.257306513161634,13,315
4,640,"CA-AB-GP",120,0.229939530593304,0.298968138905996,14,330
4,641,"CA-AB-GP",120,0.174357546462441,0.195412072723049,9,255
4,642,"CA-AB-GP",120,0.0514927972665615,0.09253403873795,22,450
4,643,"CA-AB-GP",120,0.0514927972665615,0.123304559248587,19,405
4,644,"CA-AB-GP",120,0.174357546462441,0.242092329314961,14,330
4,645,"CA-AB-GP",120,0,0.188582528356651,12,300
4,646,"CA-AB-GP",120,0.0514927972665615,0.153419442340217,20,420
4,647,"CA-AB-GP",120,0.0514927972665615,0.107404270471198,11,285
4,648,"CA-AB-GP",120,0.0514927972665615,0.0915759350405226,10,270
4,649,"CA-AB-GP",120,0.0514927972665615,0.1163575043609,8,240
4,650,"CA-AB-GP",120,0.174357546462441,0.129329715357807,13,315
4,651,"CA-AB-GP",120,0.0514927972665615,0.0925453608710124,12,300
4,652,"CA-AB-GP",120,0.0514927972665615,0.160626768211144,18,390
4,653,"CA-AB-GP",120,0.0514927972665615,0.086760805759025,10,270
4,654,"CA-AB-GP",120,0.0514927972665615,0.142636599944483,12,300
4,655,"CA-AB-GP",120,0.0257463986332808,0.128374974871512,7,225
4,656,"CA-AB-GP",120,0.0257463986332808,0.167100174742822,13,315
4,657,"CA-AB-GP",120,0.0514927972665615,0.124500351005358,11,285
4,658,"CA-AB-GP",120,0.183242019876149,0.247351767693164,11,285
4,659,"CA-AB-GP",120,0,0.196968554505661,10,270
4,660,"CA-AB-GP",120,0.0514927972665615,0.208282174636906,10,270
4,661,"CA-AB-GP",120,0.0514927972665615,0.075806141023887,10,270
4,662,"CA-AB-GP",120,0.0514927972665615,0.090220913269261,14,330
4,663,"CA-AB-GP",120,0.200103945095721,0.17843197288415,10,270
4,664,"CA-AB-GP",120,0.0514927972665615,0.164760355446144,14,330
4,665,"CA-AB-GP",120,0.0257463986332808,0.140729158615535,12,300
4,666,"CA-AB-GP",120,0.174357546462441,0.197655839525628,11,285
4,667,"CA-AB-GP",120,0.839612167375785,0.771322853788044,8,240
4,668,"CA-AB-GP",120,0.0514927972665615,0.0958551782088809,17,375
4,669,"CA-AB-GP",120,0.0514927972665615,0.0821605206575616,12,300
4,670,"CA-AB-GP",120,0.0514927972665615,0.159087628234154,21,435
4,671,"CA-AB-GP",120,0.0257463986332808,0.144114322845564,10,270
4,672,"CA-AB-GP",120,0,0.168780983383761,12,300
4,673,"CA-AB-GP",120,0.0514927972665615,0.180540634215871,13,315
4,674,"CA-AB-GP",120,0.0257463986332808,0.260475317174113,16,360
4,675,"CA-AB-GP",120,0.0257463986332808,0.150578101749257,13,315
4,676,"CA-AB-GP",120,0.0514927972665615,0.075270619169154,16,360
4,677,"CA-AB-GP",120,0.0514927972665615,0.117775846930797,12,300
4,678,"CA-AB-GP",120,0.0257463986332808,0.188500809704442,12,300
4,679,"CA-AB-GP",120,0.0514927972665615,0.0821672629274927,13,315
4,680,"CA-AB-GP",120,0.0514927972665615,0.172869406686955,11,285
4,681,"CA-AB-GP",120,0.0257463986332808,0.187556168556289,7,225
4,682,"CA-AB-GP",120,0.0514927972665615,0.0839413558855755,11,285
4,683,"CA-AB-GP",120,0.0514927972665615,0.108219800239616,11,285
4,684,"CA-AB-GP",120,0.0257463986332808,0.145838847073213,14,330
4,685,"CA-AB-GP",120,0.0514927972665615,0.08286481009725,13,315
4,686,"CA-AB-GP",120,0.0514927972665615,0.100612875779939,13,315
4,687,"CA-AB-GP",120,0.0257463986332808,0.155547810959494,15,345
4,688,"CA-AB-GP",120,0.0514927972665615,0.079496586182306,12,300
4,689,"CA-AB-GP",120,0.174357546462441,0.227849308247668,11,285
4,690,"CA-AB-GP",120,0.255685929226585,0.14471330214396,7,225
4,691,"CA-AB-GP",120,0.0514927972665615,0.0835772118721509,12,300
4,692,"CA-AB-GP",120,0.174357546462441,0.211801641650651,10,270
4,693,"CA-AB-GP",120,0.0257463986332808,0.239335764054833,14,330
4,694,"CA-AB-GP",120,0.0514927972665615,0.136561729468728,12,300
4,695,"CA-AB-GP",120,0.0514927972665615,0.0915404047775671,10,270
4,696,"CA-AB-GP",120,0,0.204346472243368,13,315
4,697,"CA-AB-GP",120,0.0514927972665615,0.198736644075887,11,285
4,698,"CA-AB-GP",120,0.0257463986332808,0.244680480989085,11,285
4,699,"CA-AB-GP",120,0.0514927972665615,0.143116195160285,22,450
4,700,"CA-AB-GP",120,0.174357546462441,0.150238972073514,12,300
4,701,"CA-AB-GP",120,0.0514927972665615,0.204264460797561,21,435
4,702,"CA-AB-GP",120,0.0514927972665615,0.187954131134268,17,375
4,703,"CA-AB-GP",120,0.0514927972665615,0.087124356218029,11,285
4,704,"CA-AB-GP",120,0.0514927972665615,0.200630703991212,18,390
4,705,"CA-AB-GP",120,0.174357546462441,0.201513250852581,11,285
4,706,"CA-AB-GP",120,0.0257463986332808,0.123576378315403,13,315
4,707,"CA-AB-GP",120,0.0514927972665615,0.202227740485076,14,330
4,708,"CA-AB-GP",120,0.0514927972665615,0.0954063233488603,11,285
4,709,"CA-AB-GP",120,0.0514927972665615,0.254975185097554,13,315
4,710,"CA-AB-GP",120,0.490402769714531,0.363348165443547,8,240
4,711,"CA-AB-GP",120,0.200103945095721,0.109226035879588,8,240
4,712,"CA-AB-GP",120,0.0514927972665615,0.147697347879215,11,285
4,713,"CA-AB-GP",120,0.0514927972665615,0.22867521344058,12,300
4,714,"CA-AB-GP",120,0.0514927972665615,0.0807079640438633,11,285
4,715,"CA-AB-GP",120,0.0257463986332808,0.12737081864026,7,225
4,716,"CA-AB-GP",120,0.174357546462441,0.21872359926546,20,420
4,717,"CA-AB-GP",120,0.174357546462441,0.242929739181572,10,270
4,718,"CA-AB-GP",120,0.0514927972665615,0.11311349559524,13,315
4,719,"CA-AB-GP",120,0.0514927972665615,0.100049661637227,20,420
4,720,"CA-AB-GP",120,0.174357546462441,0.220951432672423,12,300
4,721,"CA-AB-GP",120,0.0257463986332808,0.13171760579567,10,270
4,722,"CA-AB-GP",120,0.0514927972665615,0.188419439536353,11,285
4,723,"CA-AB-GP",120,0.0514927972665615,0.224221010871703,13,315
4,724,"CA-AB-GP",120,0.0514927972665615,0.122877746714403,12,300
4,725,"CA-AB-GP",120,0.0514927972665615,0.0958865459474111,11,285
4,726,"CA-AB-GP",120,0.0514927972665615,0.0881491259780389,11,285
4,727,"CA-AB-GP",120,0.0514927972665615,0.085603978442046,21,435
4,728,"CA-AB-GP",120,0.0257463986332808,0.137641345217974,7,225
4,729,"CA-AB-GP",120,0.0257463986332808,0.137964850752615,12,300
4,730,"CA-AB-GP",120,0.0514927972665615,0.0844281370724133,22,450
4,731,"CA-AB-GP",120,0.174357546462441,0.199732280419326,18,390
4,732,"CA-AB-GP",120,0.0514927972665615,0.125246950858277,12,300
4,733,"CA-AB-GP",120,0.0514927972665615,0.0798398702506142,17,375
4,734,"CA-AB-GP",120,0.0514927972665615,0.121333279582719,13,315
4,735,"CA-AB-GP",120,0.174357546462441,0.297597634631484,14,330
4,736,"CA-AB-GP",120,0.174357546462441,0.207166960221416,16,360
4,737,"CA-AB-GP",120,0.0514927972665615,0.100078446100603,22,450
4,738,"CA-AB-GP",120,0.0257463986332808,0.17038410098885,7,225
4,739,"CA-AB-GP",120,0.0514927972665615,0.154439630753569,12,300
4,740,"CA-AB-GP",120,0.0514927972665615,0.140078437263454,11,285
4,741,"CA-AB-GP",120,0.0514927972665615,0.120842516534094,12,300
4,742,"CA-AB-GP",120,0.0514927972665615,0.169602664848789,17,375
4,743,"CA-AB-GP",120,0.0514927972665615,0.0845904591127854,14,330
4,744,"CA-AB-GP",120,0.0514927972665615,0.109150188167124,15,345
4,745,"CA-AB-GP",120,0.183242019876149,0.136797156835853,17,375
4,746,"CA-AB-GP",120,0.532512821453771,0.160350703935953,11,285
4,747,"CA-AB-GP",120,0.0514927972665615,0.226370653609713,11,285
4,748,"CA-AB-GP",120,0.0514927972665615,0.121625205649442,12,300
4,749,"CA-AB-GP",120,0.0257463986332808,0.150328386953306,14,330
4,750,"CA-AB-GP",120,0.0514927972665615,0.149839380519431,14,330
4,751,"CA-AB-GP",120,0.0514927972665615,0.0857472589994682,10,270
4,752,"CA-AB-GP",120,0.174357546462441,0.286075532827834,21,435
4,753,"CA-AB-GP",120,0.174357546462441,0.200245993022177,11,285
4,754,"CA-AB-GP",120,0.0514927972665615,0.102820708047986,8,240
4,755,"CA-AB-GP",120,0.839612167375785,0.724394569549751,9,255
4,756,"CA-AB-GP",120,0.174357546462441,0.197145465665929,11,285
4,757,"CA-AB-GP",120,0.0257463986332808,0.215461634751678,9,255
4,758,"CA-AB-GP",120,0.174357546462441,0.211402682093321,16,360
4,759,"CA-AB-GP",120,0.174357546462441,0.231014021513768,10,270
4,760,"CA-AB-GP",120,0.0514927972665615,0.138619333292171,12,300
4,761,"CA-AB-GP",120,0.0514927972665615,0.114790197593853,17,375
4,762,"CA-AB-GP",120,0.0257463986332808,0.152371048005816,10,270
4,763,"CA-AB-GP",120,0.314991242485737,0.269140172938014,18,390
4,764,"CA-AB-GP",120,0.200103945095721,0.20409852412538,11,285
4,765,"CA-AB-GP",120,0.0514927972665615,0.14119612827268,10,270
4,766,"CA-AB-GP",120,0.0514927972665615,0.102447650083424,13,315
4,767,"CA-AB-GP",120,0.0514927972665615,0.0979658420267923,11,285
4,768,"CA-AB-GP",120,0.0514927972665615,0.176231839337003,12,300
4,769,"CA-AB-GP",120,0.174357546462441,0.123803671191397,11,285
4,770,"CA-AB-GP",120,0.0514927972665615,0.143859204445981,13,315
4,771,"CA-AB-GP",120,0.0514927972665615,0.116367660200358,11,285
4,772,"CA-AB-GP",120,0.0514927972665615,0.109946638701656,10,270
4,773,"CA-AB-GP",120,0.0514927972665615,0.213506595160308,22,450
4,774,"CA-AB-GP",120,0.0257463986332808,0.216292830470463,13,315
4,775,"CA-AB-GP",120,0.174357546462441,0.267773751997612,14,330
4,776,"CA-AB-GP",120,0.0257463986332808,0.222694284862441,10,270
4,777,"CA-AB-GP",120,0.174357546462441,0.220672030934629,13,315
4,778,"CA-AB-GP",120,0.0514927972665615,0.139717326717492,11,285
4,779,"CA-AB-GP",120,0.0514927972665615,0.149994236870662,7,225
4,780,"CA-AB-GP",120,0.0257463986332808,0.195456930523317,11,285
4,781,"CA-AB-GP",120,0,0.138829328231386,13,315
4,782,"CA-AB-GP",120,0.0514927972665615,0.175854029989393,13,315
4,783,"CA-AB-GP",120,0.174357546462441,0.251841141812901,15,345
4,784,"CA-AB-GP",120,0.0514927972665615,0.161756442789621,15,345
4,785,"CA-AB-GP",120,0.0257463986332808,0.163556044473546,11,285
4,786,"CA-AB-GP",120,0,0.166888245131206,12,300
4,787,"CA-AB-GP",120,0.0514927972665615,0.119636138963543,14,330
4,788,"CA-AB-GP",120,0.0257463986332808,0.141251785531419,16,360
4,789,"CA-AB-GP",120,0.0257463986332808,0.141538449801766,11,285
4,790,"CA-AB-GP",120,0.0257463986332808,0.125525870017563,7,225
4,791,"CA-AB-GP",120,0.0514927972665615,0.224564987865378,11,285
4,792,"CA-AB-GP",120,0.0257463986332808,0.244069659386291,19,405
4,793,"CA-AB-GP",120,0.0514927972665615,0.175038473128435,16,360
4,794,"CA-AB-GP",120,0.0514927972665615,0.262083012510369,10,270
4,795,"CA-AB-GP",120,0.0514927972665615,0.0774809994042612,14,330
4,796,"CA-AB-GP",120,0.0514927972665615,0.099658167320014,13,315
4,797,"CA-AB-GP",120,0.0514927972665615,0.0941260768104162,15,345
4,798,"CA-AB-GP",120,0.0257463986332808,0.186064284451537,13,315
4,799,"CA-AB-GP",120,0.0514927972665615,0.159487967020909,11,285
4,800,"CA-AB-GP",120,0.0514927972665615,0.103702000563541,22,450
4,801,"CA-AB-GP",120,0.174357546462441,0.222765381293961,12,300
4,802,"CA-AB-GP",120,0.0514927972665615,0.0851130766029281,12,300
4,803,"CA-AB-GP",120,0.0514927972665615,0.11852235256164,14,330
4,804,"CA-AB-GP",120,0.0514927972665615,0.100455744562593,13,315
4,805,"CA-AB-GP",120,0.174357546462441,0.200267335281286,12,300
4,806,"CA-AB-GP",120,0.0257463986332808,0.189543970921588,11,285
4,807,"CA-AB-GP",120,0.0257463986332808,0.214590133194809,13,315
4,808,"CA-AB-GP",120,0.0514927972665615,0.124414922579593,15,345
4,809,"CA-AB-GP",104,0.174357546462441,0.267756524548637,23,449
4,810,"CA-AB-GP",120,0.0514927972665615,0.112785652794401,14,330
4,811,"CA-AB-GP",120,0.0514927972665615,0.140090788264065,20,420
4,812,"CA-AB-GP",120,0.0514927972665615,0.100062138096519,12,300
4,813,"CA-AB-GP",120,0.174357546462441,0.209299797264672,10,270
4,814,"CA-AB-GP",120,0.255685929226585,0.167528339211952,11,285
4,815,"CA-AB-GP",120,0.0257463986332808,0.328150244184923,12,300
4,816,"CA-AB-GP",120,0.0257463986332808,0.148659211233343,11,285
4,817,"CA-AB-GP",120,0.0514927972665615,0.186798846670743,13,315
4,818,"CA-AB-GP",120,0.0514927972665615,0.252245372384984,13,315
4,819,"CA-AB-GP",120,0.0514927972665615,0.0930832065259329,13,315
4,820,"CA-AB-GP",120,0.0514927972665615,0.141842150031609,18,390
4,821,"CA-AB-GP",120,0.174357546462441,0.25595408783599,13,315
4,822,"CA-AB-GP",120,0.0514927972665615,0.105223921935158,20,420
4,823,"CA-AB-GP",120,0.0514927972665615,0.0891009742404365,14,330
4,824,"CA-AB-GP",120,0.174357546462441,0.202819983468359,14,330
4,825,"CA-AB-GP",120,0.0514927972665615,0.098394819151768,15,345
4,826,"CA-AB-GP",120,0.0514927972665615,0.121815352636157,13,315
4,827,"CA-AB-GP",120,0.0257463986332808,0.178114024429157,11,285
4,828,"CA-AB-GP",120,0,0.173623169089789,12,300
4,829,"CA-AB-GP",120,0.0514927972665615,0.0927050481054084,13,315
4,830,"CA-AB-GP",120,0.0514927972665615,0.12224697366043,12,300
4,831,"CA-AB-GP",120,0,0.161325304256225,12,300
4,832,"CA-AB-GP",120,0.0514927972665615,0.218879495913484,12,300
4,833,"CA-AB-GP",120,0.0514927972665615,0.120757059775409,17,375
4,834,"CA-AB-GP",120,0.174357546462441,0.204407176243711,15,345
4,835,"CA-AB-GP",120,0.0514927972665615,0.0964032870516149,16,360
4,836,"CA-AB-GP",120,0.0257463986332808,0.183704952735855,19,405
4,837,"CA-AB-GP",120,0.0514927972665615,0.128651764783076,14,330
4,838,"CA-AB-GP",120,0.0514927972665615,0.131772079261536,11,285
4,839,"CA-AB-GP",120,0.0514927972665615,0.116956782594399,22,450
4,840,"CA-AB-GP",120,0.0514927972665615,0.210189060487872,18,390
4,841,"CA-AB-GP",120,0.0514927972665615,0.13795883646288,11,285
4,842,"CA-AB-GP",120,0.0514927972665615,0.110512332582137,13,315
4,843,"CA-AB-GP",120,0.0514927972665615,0.153133658915416,15,345
4,844,"CA-AB-GP",120,0.0257463986332808,0.153180911686489,7,225
4,845,"CA-AB-GP",120,0.0514927972665615,0.168456391845647,15,345
4,846,"CA-AB-GP",120,0.0257463986332808,0.161264986682405,15,345
4,847,"CA-AB-GP",120,0,0.255522696453337,12,300
4,848,"CA-AB-GP",120,0.0257463986332808,0.122123956663377,11,285
4,849,"CA-AB-GP",120,0.174357546462441,0.215835398648319,15,345
4,850,"CA-AB-GP",120,0.0514927972665615,0.0906780792105373,17,375
4,851,"CA-AB-GP",120,0.0257463986332808,0.199009550081566,10,270
4,852,"CA-AB-GP",120,0.0514927972665615,0.145418972313424,15,345
4,853,"CA-AB-GP",120,0.0514927972665615,0.112342180017134,15,345
4,854,"CA-AB-GP",120,0.0514927972665615,0.0926573688580464,22,450
4,855,"CA-AB-GP",120,0.0514927972665615,0.0811819730913763,18,390
4,856,"CA-AB-GP",120,0.0514927972665615,0.127623190117975,16,360
4,857,"CA-AB-GP",120,0.0514927972665615,0.117840763937493,11,285
4,858,"CA-AB-GP",120,0.174357546462441,0.21704694875192,13,315
4,859,"CA-AB-GP",120,0.0257463986332808,0.195384502846777,12,300
4,860,"CA-AB-GP",120,0.0514927972665615,0.100504053566373,20,420
4,861,"CA-AB-GP",120,0.0514927972665615,0.0885031039958896,10,270
4,862,"CA-AB-GP",120,0.0514927972665615,0.103961328052426,17,375
4,863,"CA-AB-GP",120,0.0257463986332808,0.175104078463523,12,300
4,864,"CA-AB-GP",120,0.0257463986332808,0.179285772118294,13,315
4,865,"CA-AB-GP",120,0.0514927972665615,0.176701496246655,13,315
4,866,"CA-AB-GP",120,0.0514927972665615,0.158792884168737,18,390
4,867,"CA-AB-GP",120,0.0514927972665615,0.132152854772107,17,375
4,868,"CA-AB-GP",120,0.0514927972665615,0.11777107929292,20,420
4,869,"CA-AB-GP",120,0.0257463986332808,0.159165944492805,16,360
4,870,"CA-AB-GP",120,0.0514927972665615,0.172578301671151,14,330
4,871,"CA-AB-GP",120,0.0514927972665615,0.166422434845926,8,240
4,872,"CA-AB-GP",120,0.0257463986332808,0.172304360543664,10,270
4,873,"CA-AB-GP",120,0,0.193133008301129,10,270
4,874,"CA-AB-GP",120,0.0514927972665615,0.152137238636116,10,270
4,875,"CA-AB-GP",120,0.174357546462441,0.221324638566724,16,360
4,876,"CA-AB-GP",120,0.0514927972665615,0.178622754944478,12,300
4,877,"CA-AB-GP",120,0.0514927972665615,0.119877462249696,22,450
4,878,"CA-AB-GP",120,0.0514927972665615,0.203868122761847,16,360
4,879,"CA-AB-GP",120,0.0514927972665615,0.121850631726541,14,330
4,880,"CA-AB-GP",120,0.0514927972665615,0.147098989874599,11,285
4,881,"CA-AB-GP",120,0.174357546462441,0.227422258865313,19,405
4,882,"CA-AB-GP",120,0.0514927972665615,0.0949194581050923,11,285
4,883,"CA-AB-GP",120,0.0514927972665615,0.0812784011529871,19,405
4,884,"CA-AB-GP",120,0.0257463986332808,0.137413476565968,13,315
4,885,"CA-AB-GP",120,0.0514927972665615,0.118841282701814,12,300
4,886,"CA-AB-GP",120,0.0514927972665615,0.106247933050834,11,285
4,887,"CA-AB-GP",120,0.0514927972665615,0.161363542899087,9,255
4,888,"CA-AB-GP",120,0.839612167375785,0.838958562348934,9,255
4,889,"CA-AB-GP",120,0.0514927972665615,0.101210354402408,12,300
4,890,"CA-AB-GP",120,0.174357546462441,0.203318488011198,9,255
4,891,"CA-AB-GP",120,0.0514927972665615,0.223545244203874,7,225
4,892,"CA-AB-GP",120,0.0514927972665615,0.0914758853805228,12,300
4,893,"CA-AB-GP",120,0.0514927972665615,0.094491725765124,13,315
4,894,"CA-AB-GP",120,0.0514927972665615,0.0997618538204931,16,360
4,895,"CA-AB-GP",120,0.174357546462441,0.131313468268269,12,300
4,896,"CA-AB-GP",120,0.0514927972665615,0.177842240438107,15,345
4,897,"CA-AB-GP",120,0.174357546462441,0.3997165303406,12,300
4,898,"CA-AB-GP",120,0.0257463986332808,0.229228193472068,11,285
4,899,"CA-AB-GP",120,0.0514927972665615,0.161230489665671,14,330
4,900,"CA-AB-GP",120,0.0514927972665615,0.16174814483651,13,315
4,901,"CA-AB-GP",120,0.0257463986332808,0.120595767021546,10,270
4,902,"CA-AB-GP",120,0.0257463986332808,0.145898545583056,16,360
4,903,"CA-AB-GP",120,0.0514927972665615,0.104293936338777,10,270
4,904,"CA-AB-GP",120,0.0514927972665615,0.132089819131427,19,405
4,905,"CA-AB-GP",120,0,0.136716647569538,13,315
4,906,"CA-AB-GP",120,0.0514927972665615,0.172546772886525,17,375
4,907,"CA-AB-GP",120,0.0514927972665615,0.0862987385119998,12,300
4,908,"CA-AB-GP",120,0,0.140419189705042,13,315
4,909,"CA-AB-GP",120,0.0257463986332808,0.143970721336659,12,300
4,910,"CA-AB-GP",120,0.0514927972665615,0.119011018995716,11,285
4,911,"CA-AB-GP",120,0.0514927972665615,0.138347920870271,21,435
4,912,"CA-AB-GP",120,0.0257463986332808,0.134727135713471,22,450
4,913,"CA-AB-GP",120,0.0514927972665615,0.152143662608436,12,300
4,914,"CA-AB-GP",120,0.0257463986332808,0.151127549318258,11,285
4,915,"CA-AB-GP",120,0.0514927972665615,0.0912733046371712,14,330
4,916,"CA-AB-GP",120,0.174357546462441,0.222662676686367,11,285
4,917,"CA-AB-GP",120,0.174357546462441,0.195454590738148,13,315
4,918,"CA-AB-GP",120,0.174357546462441,0.235543128054378,16,360
4,919,"CA-AB-GP",120,0.0514927972665615,0.135030712373683,11,285
4,920,"CA-AB-GP",120,0.174357546462441,0.240394328925451,15,345
4,921,"CA-AB-GP",120,0.0514927972665615,0.141819050251867,7,225
4,922,"CA-AB-GP",120,0.0514927972665615,0.184169399331432,17,375
4,923,"CA-AB-GP",120,0.0514927972665615,0.206671456161797,19,405
4,924,"CA-AB-GP",120,0.0257463986332808,0.174232296398685,12,300
4,925,"CA-AB-GP",120,0.0514927972665615,0.134703120022728,12,300
4,926,"CA-AB-GP",120,0.0514927972665615,0.156027932663382,12,300
4,927,"CA-AB-GP",120,0.0514927972665615,0.149200131092779,10,270
4,928,"CA-AB-GP",120,0.0514927972665615,0.0948849543797676,19,405
4,929,"CA-AB-GP",120,0.0514927972665615,0.203685965049351,15,345
4,930,"CA-AB-GP",120,0.0514927972665615,0.189268556766757,10,270
4,931,"CA-AB-GP",120,0.0514927972665615,0.229111907512803,14,330
4,932,"CA-AB-GP",120,0.0257463986332808,0.153715979199742,13,315
4,933,"CA-AB-GP",120,0.0514927972665615,0.136703597842699,13,315
4,934,"CA-AB-GP",120,0.0514927972665615,0.120401668951717,22,450
4,935,"CA-AB-GP",120,0.0257463986332808,0.240586702766247,15,345
4,936,"CA-AB-GP",120,0.0514927972665615,0.167158384746909,12,300
4,937,"CA-AB-GP",120,0,0.179106712407475,12,300
4,938,"CA-AB-GP",120,0.0514927972665615,0.0967089514222355,14,330
4,939,"CA-AB-GP",120,0.0514927972665615,0.170506050491113,7,225
4,940,"CA-AB-GP",120,0.0257463986332808,0.133912380202607,12,300
4,941,"CA-AB-GP",120,0.0514927972665615,0.114393359494975,12,300
4,942,"CA-AB-GP",120,0.0514927972665615,0.126388394757203,10,270
4,943,"CA-AB-GP",120,0.0257463986332808,0.131154480531491,7,225
4,944,"CA-AB-GP",120,0.0514927972665615,0.0933385936072687,13,315
4,945,"CA-AB-GP",120,0.0514927972665615,0.111891794523638,15,345
4,946,"CA-AB-GP",120,0.0257463986332808,0.232365594915469,15,345
4,947,"CA-AB-GP",120,0.0514927972665615,0.120133703222477,17,375
4,948,"CA-AB-GP",120,0.0257463986332808,0.237903509109423,13,315
4,949,"CA-AB-GP",120,0.0514927972665615,0.182629913367264,18,390
4,950,"CA-AB-GP",120,0.0514927972665615,0.110093641785171,14,330
4,951,"CA-AB-GP",120,0,0.150823801823176,11,285
4,952,"CA-AB-GP",120,0.0514927972665615,0.0939056692412434,12,300
4,953,"CA-AB-GP",120,0.0514927972665615,0.122346707720015,10,270
4,954,"CA-AB-GP",120,0.0514927972665615,0.113821327306683,15,345
4,955,"CA-AB-GP",120,0.0514927972665615,0.0864132331316625,12,300
4,956,"CA-AB-GP",120,0.0514927972665615,0.103444970886119,16,360
4,957,"CA-AB-GP",120,0.0514927972665615,0.160546919745688,12,300
4,958,"CA-AB-GP",120,0.0257463986332808,0.147384050265173,14,330
4,959,"CA-AB-GP",120,0.0514927972665615,0.0815701761700628,14,330
4,960,"CA-AB-GP",120,0.0257463986332808,0.167165440270075,13,315
4,961,"CA-AB-GP",120,0.0514927972665615,0.151938204105049,13,315
4,962,"CA-AB-GP",120,0.0514927972665615,0.117980678287108,12,300
4,963,"CA-AB-GP",120,0.0514927972665615,0.122061841615037,13,315
4,964,"CA-AB-GP",120,0.0514927972665615,0.115216970519619,12,300
4,965,"CA-AB-GP",120,0.0514927972665615,0.0924967580726274,11,285
4,966,"CA-AB-GP",120,0.255685929226585,0.216169229163143,10,270
4,967,"CA-AB-GP",120,0.0514927972665615,0.110591567598236,14,330
4,968,"CA-AB-GP",120,0.0257463986332808,0.126877090100909,10,270
4,969,"CA-AB-GP",120,0.0514927972665615,0.127474961384453,11,285
4,970,"CA-AB-GP",120,0.0514927972665615,0.13726198682772,14,330
4,971,"CA-AB-GP",120,0.174357546462441,0.215725116049038,19,405
4,972,"CA-AB-GP",120,0.174357546462441,0.255197283919465,13,315
4,973,"CA-AB-GP",120,0.0514927972665615,0.198828353156615,12,300
4,974,"CA-AB-GP",120,0.174357546462441,0.241720529492035,16,360
4,975,"CA-AB-GP",104,0.0514927972665615,0.149508602209355,23,449
4,976,"CA-AB-GP",120,0.0514927972665615,0.0772605470990207,10,270
4,977,"CA-AB-GP",120,0.0257463986332808,0.195297112292107,12,300
4,978,"CA-AB-GP",120,0.0514927972665615,0.137217548561042,11,285
4,979,"CA-AB-GP",120,0.0514927972665615,0.0956605614735642,13,315
4,980,"CA-AB-GP",120,0.0257463986332808,0.117937298045499,15,345
4,981,"CA-AB-GP",120,0.229939530593304,0.192690950532037,11,285
4,982,"CA-AB-GP",120,0.0514927972665615,0.167479118936269,11,285
4,983,"CA-AB-GP",120,0.174357546462441,0.382051998419694,12,300
4,984,"CA-AB-GP",120,0.0514927972665615,0.0966125048239687,19,405
4,985,"CA-AB-GP",120,0.0514927972665615,0.0852466041282769,13,315
4,986,"CA-AB-GP",120,0.174357546462441,0.256369558078842,11,285
4,987,"CA-AB-GP",120,0.0257463986332808,0.159712847817695,10,270
4,988,"CA-AB-GP",120,0.174357546462441,0.199419664398635,12,300
4,989,"CA-AB-GP",120,0.0514927972665615,0.0719099006335106,11,285
4,990,"CA-AB-GP",120,0.0257463986332808,0.191417996693815,17,375
4,991,"CA-AB-GP",120,0.0514927972665615,0.104963994321425,10,270
4,992,"CA-AB-GP",120,0.174357546462441,0.136714803026311,19,405
4,993,"CA-AB-GP",120,0.0257463986332808,0.114795558484419,13,315
4,994,"CA-AB-GP",120,0.0514927972665615,0.174258737338884,12,300
4,995,"CA-AB-GP",120,0.0257463986332808,0.176524762495647,19,405
4,996,"CA-AB-GP",120,0.0514927972665615,0.106844185855712,13,315
4,997,"CA-AB-GP",120,0.0514927972665615,0.147731409470881,12,300
4,998,"CA-AB-GP",120,0.0514927972665615,0.103823472410002,21,435
4,999,"CA-AB-GP",120,0,0.178946695340949,16,360
4,1000,"CA-AB-GP",120,0.0514927972665615,0.168229975649671,22,450
4,1,"IND-GP",104,0,0.554758995451918,23,449
4,2,"IND-GP",120,0,0.171449437877951,19,405
4,3,"IND-GP",120,0.0257463986332808,0.154937329565215,20,420
4,4,"IND-GP",120,0.0257463986332808,0.1735777204042,20,420
4,5,"IND-GP",120,0.357033786751628,0.120595172014843,17,375
4,6,"IND-GP",120,0.419626323784319,0.202975779558543,20,420
4,7,"IND-GP",120,0.357033786751628,0.217416344246798,22,450
4,8,"IND-GP",120,0.715485411498995,0.418877874157335,18,390
4,9,"IND-GP",120,0.0514927972665615,0.156035669884447,20,420
4,10,"IND-GP",120,0.0257463986332808,0.199334163088219,20,420
4,11,"IND-GP",120,0.673509938051117,0.123486350444702,16,360
4,12,"IND-GP",120,0.474233440942742,0.472550370888173,11,285
4,13,"IND-GP",120,0.243327186935991,0.395688430057625,15,345
4,14,"IND-GP",120,0.0514927972665615,0.158799847135219,20,420
4,15,"IND-GP",120,0.331287388118347,0.204882671414003,20,420
4,16,"IND-GP",120,0.174357546462441,0.17751451730103,19,405
4,17,"IND-GP",120,0,0.310642407826671,17,375
4,18,"IND-GP",120,0.0257463986332808,0.207682946508274,18,390
4,19,"IND-GP",120,0.497904623196285,0.147855821465522,17,375
4,20,"IND-GP",120,0.183242019876149,0.448343231087352,22,450
4,21,"IND-GP",120,0.0257463986332808,0.217804304891009,18,390
4,22,"IND-GP",120,0.0514927972665615,0.218423936644672,19,405
4,23,"IND-GP",120,0.229939530593304,0.395461164570063,16,360
4,24,"IND-GP",120,0.0257463986332808,0.585713112475476,16,360
4,25,"IND-GP",120,0,0.301965512075211,18,390
4,26,"IND-GP",120,0.21758078830271,0.273917654224406,20,420
4,27,"IND-GP",120,0.0514927972665615,0.54088993214751,22,450
4,28,"IND-GP",120,0.0514927972665615,0.240209518100591,15,345
4,29,"IND-GP",120,0.497904623196285,0.111945759687159,19,405
4,30,"IND-GP",120,0.838053810938837,0.195802170201892,12,300
4,31,"IND-GP",120,0.0257463986332808,0.18991543805405,18,390
4,32,"IND-GP",120,0.348715092924881,0.478551222061115,16,360
4,33,"IND-GP",120,0.255685929226585,0.297102965726449,17,375
4,34,"IND-GP",120,0.419626323784319,0.201876198943146,17,375
4,35,"IND-GP",120,0.0514927972665615,0.138475559430543,18,390
4,36,"IND-GP",104,0.200103945095721,0.432952385372991,23,449
4,37,"IND-GP",120,0.0514927972665615,0.252408011191887,20,420
4,38,"IND-GP",104,0.357033786751628,0.226607096405626,23,449
4,39,"IND-GP",120,0.523651021829566,0.189142819789342,14,330
4,40,"IND-GP",120,0.501986996951163,0.14244743865246,17,375
4,41,"IND-GP",120,0.0514927972665615,0.136439436623659,15,345
4,42,"IND-GP",120,0.60418043615697,0.144713034060779,13,315
4,43,"IND-GP",120,0.200103945095721,0.199015010336695,21,435
4,44,"IND-GP",120,0.0257463986332808,0.139641808279735,15,345
4,45,"IND-GP",120,0.0257463986332808,0.163652876204933,21,435
4,46,"IND-GP",120,0.0514927972665615,0.253842709368165,21,435
4,47,"IND-GP",120,0.200103945095721,0.352547411379962,18,390
4,48,"IND-GP",120,0.610824671844763,0.245070447181958,18,390
4,49,"IND-GP",120,0.0514927972665615,0.589049752614562,18,390
4,50,"IND-GP",120,0.200103945095721,0.425513248958087,22,450
4,51,"IND-GP",120,0.649098055604525,0.143100726244643,19,405
4,52,"IND-GP",120,0.416102615997826,0.190033454204721,19,405
4,53,"IND-GP",120,0.534071177890719,0.204971504926711,20,420
4,54,"IND-GP",120,0.497904623196285,0.189468637081227,21,435
4,55,"IND-GP",104,0.0257463986332808,0.208001902493223,23,449
4,56,"IND-GP",120,0.60418043615697,0.152950534690614,14,330
4,57,"IND-GP",120,0.357033786751628,0.268357221274434,18,390
4,58,"IND-GP",120,0.534071177890719,0.126609387942904,22,450
4,59,"IND-GP",104,0.0257463986332808,0.274500548049661,23,449
4,60,"IND-GP",120,0.174357546462441,0.480029711803639,18,390
4,61,"IND-GP",120,0.610824671844763,0.183175772891302,17,375
4,62,"IND-GP",120,0,0.178395548689668,17,375
4,63,"IND-GP",120,0.0257463986332808,0.198493163250687,17,375
4,64,"IND-GP",104,0.685957692732755,0.191389157085985,23,449
4,65,"IND-GP",120,0.0257463986332808,0.150549618307668,22,450
4,66,"IND-GP",120,0.0514927972665615,0.205715095558401,22,450
4,67,"IND-GP",120,0.0257463986332808,0.241082756016305,22,450
4,68,"IND-GP",120,0.839612167375785,0.140061278360522,11,285
4,69,"IND-GP",120,0.527733395584444,0.561596375952098,16,360
4,70,"IND-GP",120,0.0514927972665615,0.201465904731971,19,405
4,71,"IND-GP",120,0.497904623196285,0.118352826708884,18,390
4,72,"IND-GP",120,0.0514927972665615,0.197590378421079,19,405
4,73,"IND-GP",120,0,0.526757938655063,15,345
4,74,"IND-GP",120,0.0514927972665615,0.516143432821266,22,450
4,75,"IND-GP",120,0.255685929226585,0.377486915722488,15,345
4,76,"IND-GP",120,0.0514927972665615,0.273014939353027,21,435
4,77,"IND-GP",120,0.0257463986332808,0.169562639030989,21,435
4,78,"IND-GP",120,0.0257463986332808,0.645750165843483,22,450
4,79,"IND-GP",120,0.419626323784319,0.102116313775435,18,390
4,80,"IND-GP",120,0.508324779257438,0.520107284841298,16,360
4,81,"IND-GP",120,0.229939530593304,0.29274484178373,22,450
4,82,"IND-GP",120,0.416102615997826,0.16726024351687,15,345
4,83,"IND-GP",120,0.0514927972665615,0.139181198378404,22,450
4,84,"IND-GP",120,0.357033786751628,0.160342203354702,21,435
4,85,"IND-GP",120,0.314991242485737,0.305594384678608,16,360
4,86,"IND-GP",120,0.505644934580788,0.318815964306409,21,435
4,87,"IND-GP",120,0.0514927972665615,1.14099249955606,17,375
4,88,"IND-GP",120,0.0257463986332808,0.204061521029841,17,375
4,89,"IND-GP",120,0.348715092924881,0.428106397539824,20,420
4,90,"IND-GP",120,0.0514927972665615,0.196069279160502,19,405
4,91,"IND-GP",120,0.508324779257438,0.167566125055299,16,360
4,92,"IND-GP",120,0.0257463986332808,0.200298835866409,18,390
4,93,"IND-GP",120,0.0514927972665615,0.21109105439243,20,420
4,94,"IND-GP",120,0.0257463986332808,0.525420913582991,22,450
4,95,"IND-GP",120,0.0257463986332808,0.150263797444075,20,420
4,96,"IND-GP",120,0.0257463986332808,0.158820787079624,20,420
4,97,"IND-GP",120,0.534071177890719,0.208540736571649,17,375
4,98,"IND-GP",120,0.527733395584444,0.233268396249912,18,390
4,99,"IND-GP",120,0.200103945095721,0.164606417229543,16,360
4,100,"IND-GP",120,0.0257463986332808,0.241661943647563,21,435
4,101,"IND-GP",120,0.0257463986332808,0.233534169939249,22,450
4,102,"IND-GP",120,0.331287388118347,0.127637556626551,19,405
4,103,"IND-GP",120,0.357033786751628,0.184652109521551,16,360
4,104,"IND-GP",120,0.0257463986332808,0.178856217651347,20,420
4,105,"IND-GP",120,0.200103945095721,0.160243858396927,20,420
4,106,"IND-GP",120,0.497904623196285,0.132663488139776,16,360
4,107,"IND-GP",120,0.629926834790251,0.595882719307911,17,375
4,108,"IND-GP",120,0.229939530593304,0.185441759986603,21,435
4,109,"IND-GP",120,0.331287388118347,0.196389393617329,15,345
4,110,"IND-GP",120,0.532512821453771,0.191610100224853,22,450
4,111,"IND-GP",120,0.0514927972665615,0.20994943502628,20,420
4,112,"IND-GP",104,0,0.568717642235836,23,449
4,113,"IND-GP",120,0.0257463986332808,0.127524962494609,18,390
4,114,"IND-GP",120,0.0514927972665615,0.16957636872105,20,420
4,115,"IND-GP",120,0.157495621242869,0.179344158685142,17,375
4,116,"IND-GP",120,0,0.223922060116528,22,450
4,117,"IND-GP",120,0.50676642282049,0.154876749363255,16,360
4,118,"IND-GP",120,0.0257463986332808,0.139115807136823,18,390
4,119,"IND-GP",120,0.0514927972665615,0.153188521892623,18,390
4,120,"IND-GP",120,0.0514927972665615,0.168312144683553,15,345
4,121,"IND-GP",104,0.229939530593304,0.346715507297598,23,449
4,122,"IND-GP",120,0.659482618194032,0.454846958713065,18,390
4,123,"IND-GP",120,0.255685929226585,0.331631685250426,18,390
4,124,"IND-GP",120,0.0514927972665615,0.191779146500212,21,435
4,125,"IND-GP",120,0,0.208235728080006,20,420
4,126,"IND-GP",120,0.0257463986332808,0.178094914702049,22,450
4,127,"IND-GP",120,0.0514927972665615,0.251349039105843,19,405
4,128,"IND-GP",120,0.534071177890719,0.130349303120397,19,405
4,129,"IND-GP",120,0.357033786751628,0.258672081679445,22,450
4,130,"IND-GP",104,0.0514927972665615,0.182158510852538,23,449
4,131,"IND-GP",120,0.523651021829566,0.128623674328323,18,390
4,132,"IND-GP",120,0.636571070478044,0.127940767624702,16,360
4,133,"IND-GP",120,0.497904623196285,0.168726594694511,17,375
4,134,"IND-GP",120,0.200103945095721,0.617308383225101,12,300
4,135,"IND-GP",120,0.357033786751628,0.27327993118196,20,420
4,136,"IND-GP",104,0.497904623196285,0.157344479956418,23,449
4,137,"IND-GP",120,0.157495621242869,0.260886868709643,22,450
4,138,"IND-GP",120,0.497904623196285,0.138303779760423,13,315
4,139,"IND-GP",120,0.474233440942742,0.427592484958889,17,375
4,140,"IND-GP",120,0.0514927972665615,0.184546319105326,20,420
4,141,"IND-GP",120,0.0514927972665615,0.24114641851516,20,420
4,142,"IND-GP",120,0,0.133349434690303,19,405
4,143,"IND-GP",120,0.0514927972665615,0.208647674665271,18,390
4,144,"IND-GP",120,0.0514927972665615,0.198858159803281,22,450
4,145,"IND-GP",120,0.0257463986332808,0.125425047884085,15,345
4,146,"IND-GP",120,0.729543027016973,0.258686789948301,18,390
4,147,"IND-GP",120,0.390356217364545,0.135006893989573,22,450
4,148,"IND-GP",120,0.0514927972665615,0.272934751487651,22,450
4,149,"IND-GP",120,0.255685929226585,0.269859837170332,18,390
4,150,"IND-GP",120,1.03045099562908,0.188257806635813,11,285
4,151,"IND-GP",120,0.508324779257438,0.18223482704047,15,345
4,152,"IND-GP",120,0.229939530593304,0.391628171825883,22,450
4,153,"IND-GP",120,0,0.28038307947466,17,375
4,154,"IND-GP",120,0.839612167375785,0.205874118108624,20,420
4,155,"IND-GP",120,0.183242019876149,0.459426703469282,18,390
4,156,"IND-GP",120,0.505644934580788,0.314638761712313,13,315
4,157,"IND-GP",120,0.0514927972665615,0.185008011690313,20,420
4,158,"IND-GP",120,0.357033786751628,0.140285955344181,16,360
4,159,"IND-GP",120,0.523651021829566,0.440945175882839,15,345
4,160,"IND-GP",120,0.357033786751628,0.164518148401404,21,435
4,161,"IND-GP",120,0.357033786751628,0.120409659468136,17,375
4,162,"IND-GP",120,0.229939530593304,0.441201807225588,22,450
4,163,"IND-GP",120,0.60418043615697,0.139097144179093,14,330
4,164,"IND-GP",120,0.474233440942742,0.155846372870913,15,345
4,165,"IND-GP",120,0.0257463986332808,0.186601606645951,19,405
4,166,"IND-GP",120,0.508324779257438,0.232543866044135,15,345
4,167,"IND-GP",120,0,0.525157018782388,21,435
4,168,"IND-GP",120,0.0514927972665615,0.188665213380059,22,450
4,169,"IND-GP",120,0.0514927972665615,0.134984953010279,20,420
4,170,"IND-GP",120,0.534071177890719,0.134543904020484,22,450
4,171,"IND-GP",120,0.0514927972665615,0.471091221389323,20,420
4,172,"IND-GP",120,0.0514927972665615,0.163297451263182,14,330
4,173,"IND-GP",120,0.200103945095721,0.456531523302023,14,330
4,174,"IND-GP",120,0.508324779257438,0.130893381846505,20,420
4,175,"IND-GP",120,0.523651021829566,0.145247494599112,22,450
4,176,"IND-GP",120,0.0257463986332808,0.220089226757097,22,450
4,177,"IND-GP",120,0.357033786751628,0.185272953289833,21,435
4,178,"IND-GP",120,0.0514927972665615,0.578377566062335,20,420
4,179,"IND-GP",120,0.0257463986332808,0.171147230672288,14,330
4,180,"IND-GP",120,0.725905567560148,0.219941080952608,13,315
4,181,"IND-GP",120,0.331287388118347,0.279942542935181,20,420
4,182,"IND-GP",120,0.7243472111232,0.150742024414586,21,435
4,183,"IND-GP",120,0.0257463986332808,0.163892978152007,19,405
4,184,"IND-GP",120,0.255685929226585,0.316997641458054,15,345
4,185,"IND-GP",120,0.0514927972665615,0.2097941694401,17,375
4,186,"IND-GP",120,0.0514927972665615,0.134533073426095,19,405
4,187,"IND-GP",120,0.50676642282049,0.122264502735093,18,390
4,188,"IND-GP",120,0.357033786751628,0.234236677296501,22,450
4,189,"IND-GP",120,0.0514927972665615,0.193059905395908,17,375
4,190,"IND-GP",120,0.508324779257438,0.137062248139485,19,405
4,191,"IND-GP",120,0.761676057399839,0.38385394879237,16,360
4,192,"IND-GP",120,0.331287388118347,0.103817774859435,18,390
4,193,"IND-GP",120,0.0257463986332808,0.194260348845193,18,390
4,194,"IND-GP",120,0.357033786751628,0.126576097995774,18,390
4,195,"IND-GP",120,0.255685929226585,0.378648666336947,17,375
4,196,"IND-GP",120,0.357033786751628,0.179357635114386,18,390
4,197,"IND-GP",120,0.331287388118347,0.186020710131483,18,390
4,198,"IND-GP",120,0.50676642282049,0.120482789932017,14,330
4,199,"IND-GP",120,0.0514927972665615,0.110498587407907,20,420
4,200,"IND-GP",120,0.0257463986332808,0.155840096207587,21,435
4,201,"IND-GP",104,0.0257463986332808,0.624589238794596,23,449
4,202,"IND-GP",120,0.331287388118347,0.211722618807569,19,405
4,203,"IND-GP",120,1.01664955851488,0.149191124409079,17,375
4,204,"IND-GP",120,0.0257463986332808,0.156050129911867,18,390
4,205,"IND-GP",120,0.665820400500306,0.252290853199235,21,435
4,206,"IND-GP",120,0.523651021829566,0.143149046362658,21,435
4,207,"IND-GP",90,0.157495621242869,0.634969249905006,24,450
4,208,"IND-GP",120,0.0257463986332808,0.163967083704059,22,450
4,209,"IND-GP",120,0.676344543413604,0.157748076079231,14,330
4,210,"IND-GP",120,0.174357546462441,0.456812592242219,14,330
4,211,"IND-GP",120,0.0514927972665615,0.236472332504987,16,360
4,212,"IND-GP",120,0.523651021829566,0.129803108157928,18,390
4,213,"IND-GP",120,0,0.173430030675007,17,375
4,214,"IND-GP",120,0.419626323784319,0.119706804166619,21,435
4,215,"IND-GP",120,0.0514927972665615,0.235498775043973,22,450
4,216,"IND-GP",120,0.0514927972665615,0.212525347767142,21,435
4,217,"IND-GP",120,0.174357546462441,0.401113533901252,15,345
4,218,"IND-GP",120,0.331287388118347,0.347911693093855,17,375
4,219,"IND-GP",120,0.0257463986332808,0.296309813056743,18,390
4,220,"IND-GP",120,0.200103945095721,0.551797501082794,21,435
4,221,"IND-GP",120,0,0.170639872804237,19,405
4,222,"IND-GP",90,0,0.222164253641659,24,450
4,223,"IND-GP",120,0.331287388118347,0.236399381087134,20,420
4,224,"IND-GP",120,0.331853167705309,0.168253291562705,18,390
4,225,"IND-GP",120,0.0514927972665615,0.133254996252253,17,375
4,226,"IND-GP",120,0.255685929226585,0.199582444380062,19,405
4,227,"IND-GP",120,0,0.402309159068824,19,405
4,228,"IND-GP",120,0.0514927972665615,0.168918852565829,16,360
4,229,"IND-GP",120,0.0257463986332808,0.266621543945109,19,405
4,230,"IND-GP",120,0.0257463986332808,0.140979720652467,20,420
4,231,"IND-GP",120,0.229939530593304,0.424214126038328,18,390
4,232,"IND-GP",120,0.404297077055745,0.304410335502799,21,435
4,233,"IND-GP",120,0.357033786751628,0.115889858265477,13,315
4,234,"IND-GP",120,0,0.542576770251453,14,330
4,235,"IND-GP",104,0.534071177890719,0.213051089826217,23,449
4,236,"IND-GP",120,0.0514927972665615,0.134250992117855,18,390
4,237,"IND-GP",120,0.834119966750275,0.294920209432234,16,360
4,238,"IND-GP",120,0.50676642282049,0.176592243398363,18,390
4,239,"IND-GP",120,0.636571070478044,0.183891739010398,22,450
4,240,"IND-GP",120,0.0257463986332808,0.308745532968282,21,435
4,241,"IND-GP",120,0,0.540044052583111,17,375
4,242,"IND-GP",120,0.357033786751628,0.218336529415167,19,405
4,243,"IND-GP",120,0.200103945095721,0.295461527765857,20,420
4,244,"IND-GP",120,0.610824671844763,0.147391484252891,21,435
4,245,"IND-GP",120,0.0257463986332808,0.151490723318436,22,450
4,246,"IND-GP",120,0.807458197325955,0.102401275566362,12,300
4,247,"IND-GP",120,0.200103945095721,0.252500956436222,20,420
4,248,"IND-GP",120,0.693396033489653,0.158257733492865,17,375
4,249,"IND-GP",120,0.0514927972665615,0.5673207275386,14,330
4,250,"IND-GP",120,0.779774430427808,0.249827228222622,18,390
4,251,"IND-GP",120,0.534071177890719,0.1114073536122,15,345
4,252,"IND-GP",120,0.534071177890719,0.19422942801405,17,375
4,253,"IND-GP",120,0.505644934580788,0.304809694171428,22,450
4,254,"IND-GP",120,0.229939530593304,0.403476806761767,17,375
4,255,"IND-GP",120,0.0257463986332808,0.545581996884372,18,390
4,256,"IND-GP",120,0.629926834790251,0.265631534485677,18,390
4,257,"IND-GP",120,0.0257463986332808,0.148077889782285,18,390
4,258,"IND-GP",120,0.636571070478044,0.221344038516558,22,450
4,259,"IND-GP",120,0.255685929226585,0.318561314670436,19,405
4,260,"IND-GP",120,0.738264309850742,0.411588347236114,17,375
4,261,"IND-GP",120,0.174357546462441,0.289573192080891,21,435
4,262,"IND-GP",120,0.0257463986332808,0.188648469868174,20,420
4,263,"IND-GP",120,0.243327186935991,0.36060151277095,21,435
4,264,"IND-GP",120,0.357033786751628,0.173122414258892,16,360
4,265,"IND-GP",120,0.50676642282049,0.25715132690576,14,330
4,266,"IND-GP",120,0.200103945095721,0.418023585104747,19,405
4,267,"IND-GP",104,0.0257463986332808,0.222201206898789,23,449
4,268,"IND-GP",120,0.0514927972665615,0.164951187789428,20,420
4,269,"IND-GP",120,0.895797132991927,0.209479941228534,11,285
4,270,"IND-GP",120,0.0514927972665615,0.172052074052288,16,360
4,271,"IND-GP",120,0.0257463986332808,0.234145878491898,22,450
4,272,"IND-GP",120,0.21758078830271,0.182131437003487,15,345
4,273,"IND-GP",120,0.0257463986332808,0.231855859300249,17,375
4,274,"IND-GP",120,0.736705953413794,0.440947271533584,17,375
4,275,"IND-GP",120,0.229939530593304,0.338709405304886,14,330
4,276,"IND-GP",120,0.662574776236695,0.177983846264157,15,345
4,277,"IND-GP",120,0.0514927972665615,0.118649720096583,20,420
4,278,"IND-GP",120,0.523651021829566,0.243531028529444,19,405
4,279,"IND-GP",120,0,0.162216441653985,17,375
4,280,"IND-GP",120,0.331287388118347,0.209945344435015,17,375
4,281,"IND-GP",120,0.672262169658725,0.152084376580994,18,390
4,282,"IND-GP",120,0.0514927972665615,0.188772059534743,17,375
4,283,"IND-GP",120,0.4453727224176,0.246141774637679,21,435
4,284,"IND-GP",120,0.0514927972665615,0.194315818869201,14,330
4,285,"IND-GP",120,0.357033786751628,0.216029777379118,17,375
4,286,"IND-GP",120,0.534071177890719,0.126383806440577,18,390
4,287,"IND-GP",120,0.0514927972665615,0.28613368307868,18,390
4,288,"IND-GP",120,0.0257463986332808,0.174724677648346,21,435
4,289,"IND-GP",120,0.0514927972665615,0.204435865313126,16,360
4,290,"IND-GP",120,0.534071177890719,0.246688488122047,14,330
4,291,"IND-GP",120,0.229939530593304,0.295186135184065,15,345
4,292,"IND-GP",120,0.532512821453771,0.520526383148524,15,345
4,293,"IND-GP",120,0.21758078830271,0.223613001259902,20,420
4,294,"IND-GP",120,0.935467824275318,0.285331452107041,17,375
4,295,"IND-GP",120,0,0.291076499888593,18,390
4,296,"IND-GP",120,0.527733395584444,0.164675956115756,22,450
4,297,"IND-GP",120,0.629926834790251,0.242803054908371,18,390
4,298,"IND-GP",120,0.0257463986332808,0.187510476049722,21,435
4,299,"IND-GP",120,0.0514927972665615,0.19121904954621,17,375
4,300,"IND-GP",104,0.0257463986332808,0.165757341651296,23,449
4,301,"IND-GP",120,0.0257463986332808,0.330863078871223,22,450
4,302,"IND-GP",120,0.0257463986332808,0.728537257880413,12,300
4,303,"IND-GP",104,0.331287388118347,0.187936699563456,23,449
4,304,"IND-GP",120,0.0514927972665615,0.187402418043324,22,450
4,305,"IND-GP",120,0.0514927972665615,0.201231053442694,20,420
4,306,"IND-GP",120,0.523651021829566,0.231245806464935,14,330
4,307,"IND-GP",120,0.0257463986332808,0.198183302894896,18,390
4,308,"IND-GP",120,0.523651021829566,0.148852000470388,18,390
4,309,"IND-GP",120,0.0257463986332808,0.169271472303426,22,450
4,310,"IND-GP",104,0.508324779257438,0.141610744775522,23,449
4,311,"IND-GP",120,0.50676642282049,0.124979182804177,13,315
4,312,"IND-GP",90,0.0257463986332808,0.565723908938446,24,450
4,313,"IND-GP",120,0.0514927972665615,0.300951694732299,22,450
4,314,"IND-GP",120,0.331287388118347,0.190081978475525,18,390
4,315,"IND-GP",120,0.682682325719879,0.389448404409912,18,390
4,316,"IND-GP",120,1.12125628016753,0.170499464875361,16,360
4,317,"IND-GP",120,0,0.212924418400665,18,390
4,318,"IND-GP",120,0.0514927972665615,0.171674413533205,21,435
4,319,"IND-GP",120,0.629926834790251,0.163639278699109,12,300
4,320,"IND-GP",120,0.174357546462441,0.188436102660884,18,390
4,321,"IND-GP",120,0.0514927972665615,0.18713745549964,20,420
4,322,"IND-GP",120,0.629926834790251,0.137856161433246,21,435
4,323,"IND-GP",120,0.750913711902666,0.190887541110744,14,330
4,324,"IND-GP",120,0,0.149639625926287,19,405
4,325,"IND-GP",120,0.255685929226585,0.460286807763873,20,420
4,326,"IND-GP",104,0.0257463986332808,0.230161306996718,23,449
4,327,"IND-GP",120,0.0514927972665615,0.130419118400467,18,390
4,328,"IND-GP",120,0.229939530593304,0.416163927941331,12,300
4,329,"IND-GP",120,0.527733395584444,0.208737734319538,20,420
4,330,"IND-GP",120,0.357033786751628,0.164029673884337,11,285
4,331,"IND-GP",120,0.157495621242869,0.195636332635144,19,405
4,332,"IND-GP",120,0.523651021829566,0.136885518484667,19,405
4,333,"IND-GP",120,0.255685929226585,0.390029984387835,16,360
4,334,"IND-GP",120,0.331287388118347,0.333331734897798,21,435
4,335,"IND-GP",120,0.200103945095721,0.786638378827448,16,360
4,336,"IND-GP",120,0.629926834790251,0.161114605934366,17,375
4,337,"IND-GP",120,0.0514927972665615,0.179289210749294,20,420
4,338,"IND-GP",120,0.200103945095721,0.127163243073909,18,390
4,339,"IND-GP",120,0.0257463986332808,0.203509816133579,18,390
4,340,"IND-GP",120,0.0257463986332808,0.167394155786364,19,405
4,341,"IND-GP",120,0.0514927972665615,0.187025042481432,21,435
4,342,"IND-GP",120,0.331287388118347,0.162918539251819,17,375
4,343,"IND-GP",120,0.183242019876149,0.338917765707276,19,405
4,344,"IND-GP",104,0.0257463986332808,0.203519075305174,23,449
4,345,"IND-GP",120,0.229939530593304,0.519848303543037,12,300
4,346,"IND-GP",120,1.11250521541441,0.109337887394865,9,255
4,347,"IND-GP",120,0.357033786751628,0.174488162264344,19,405
4,348,"IND-GP",120,0.497904623196285,0.237959121775196,14,330
4,349,"IND-GP",120,0.0257463986332808,0.143490202570428,17,375
4,350,"IND-GP",120,0.0514927972665615,0.133175175445282,19,405
4,351,"IND-GP",120,0.0514927972665615,0.122426489459428,21,435
4,352,"IND-GP",120,0.0514927972665615,0.457453325160755,12,300
4,353,"IND-GP",120,0.534071177890719,0.16327700715785,19,405
4,354,"IND-GP",120,0.448487042309461,0.229539686592626,18,390
4,355,"IND-GP",120,0.174357546462441,0.342113871189792,17,375
4,356,"IND-GP",120,0.534071177890719,0.121951347738714,20,420
4,357,"IND-GP",120,0.255685929226585,0.451591864758924,17,375
4,358,"IND-GP",120,0.497904623196285,0.161251698563949,16,360
4,359,"IND-GP",120,0.610824671844763,0.243577085754716,14,330
4,360,"IND-GP",120,0.229939530593304,0.336175250156682,17,375
4,361,"IND-GP",120,0.174357546462441,0.244823597816847,17,375
4,362,"IND-GP",120,0.0257463986332808,0.205705832651327,19,405
4,363,"IND-GP",120,0.229939530593304,0.326078286407063,14,330
4,364,"IND-GP",120,0.527733395584444,0.153017251995911,20,420
4,365,"IND-GP",120,0.0514927972665615,0.121285619099357,18,390
4,366,"IND-GP",120,0.534071177890719,0.117068516226164,13,315
4,367,"IND-GP",120,0.357033786751628,0.57559969959066,11,285
4,368,"IND-GP",120,0.534071177890719,0.195086760161028,12,300
4,369,"IND-GP",120,0.0257463986332808,0.23747015056276,19,405
4,370,"IND-GP",120,0.0257463986332808,0.127319868973337,15,345
4,371,"IND-GP",120,0.357033786751628,0.168586394755178,16,360
4,372,"IND-GP",120,0.0514927972665615,0.133344779483526,19,405
4,373,"IND-GP",120,0.21758078830271,0.25396118701288,14,330
4,374,"IND-GP",120,0.229939530593304,0.28068859409063,18,390
4,375,"IND-GP",120,0.0514927972665615,0.250148833859087,21,435
4,376,"IND-GP",120,0.200103945095721,0.282301090626532,22,450
4,377,"IND-GP",120,0.200103945095721,0.387903500046465,12,300
4,378,"IND-GP",120,0.0514927972665615,0.213366237499769,19,405
4,379,"IND-GP",120,0.0514927972665615,0.223618541589505,18,390
4,380,"IND-GP",120,0.4453727224176,0.195507745187356,18,390
4,381,"IND-GP",120,0.357033786751628,0.248231490944975,19,405
4,382,"IND-GP",120,0.0257463986332808,0.191092583507164,17,375
4,383,"IND-GP",120,0.0257463986332808,0.169554848028811,18,390
4,384,"IND-GP",120,0.750913711902666,0.1906055808216,11,285
4,385,"IND-GP",120,0.0257463986332808,0.167747028308681,20,420
4,386,"IND-GP",104,0.0514927972665615,0.536405962401257,23,449
4,387,"IND-GP",120,0,0.237647958873944,20,420
4,388,"IND-GP",120,0.331287388118347,0.225271812810934,19,405
4,389,"IND-GP",104,0,0.336787266961222,23,449
4,390,"IND-GP",120,0.0257463986332808,0.635844551409115,22,450
4,391,"IND-GP",104,0.243327186935991,0.621296898953877,23,449
4,392,"IND-GP",120,0.357033786751628,0.281354135843586,18,390
4,393,"IND-GP",120,0,0.161788306655953,16,360
4,394,"IND-GP",120,0.331287388118347,0.27248705882394,20,420
4,395,"IND-GP",120,0.0514927972665615,0.580550949562956,15,345
4,396,"IND-GP",120,0.0257463986332808,0.134302362957511,18,390
4,397,"IND-GP",120,0,0.136824307575152,19,405
4,398,"IND-GP",104,0.505644934580788,0.202162299958278,23,449
4,399,"IND-GP",120,0.829192011314632,0.119227127406339,11,285
4,400,"IND-GP",120,0.0514927972665615,0.248140097834608,19,405
4,401,"IND-GP",120,0.0257463986332808,0.559209787483273,20,420
4,402,"IND-GP",120,0.0257463986332808,0.208306739453477,20,420
4,403,"IND-GP",120,0.200103945095721,0.270185328311361,19,405
4,404,"IND-GP",120,0.4453727224176,0.182108720386068,21,435
4,405,"IND-GP",120,0.0514927972665615,0.514643355987004,12,300
4,406,"IND-GP",104,0.0257463986332808,0.230163404304607,23,449
4,407,"IND-GP",120,1.11250521541441,0.14985589310976,17,375
4,408,"IND-GP",120,0.255685929226585,0.786839255498934,16,360
4,409,"IND-GP",120,0.649098055604525,0.109798266744578,22,450
4,410,"IND-GP",120,0.474233440942742,0.158799085577422,19,405
4,411,"IND-GP",120,0.523651021829566,0.151616185115749,17,375
4,412,"IND-GP",120,0.174357546462441,0.489696282662676,22,450
4,413,"IND-GP",120,0.0514927972665615,0.192892826699704,22,450
4,414,"IND-GP",120,0.0257463986332808,0.182219634768295,19,405
4,415,"IND-GP",120,0.0257463986332808,0.641635040174686,12,300
4,416,"IND-GP",90,0.508324779257438,0.186214862784127,24,450
4,417,"IND-GP",120,0.0257463986332808,0.174961393646395,19,405
4,418,"IND-GP",120,0.527733395584444,0.240049211225983,21,435
4,419,"IND-GP",120,0.505644934580788,0.320704221164375,20,420
4,420,"IND-GP",120,0.0257463986332808,0.153966684599539,21,435
4,421,"IND-GP",120,0.357033786751628,0.32459831801693,12,300
4,422,"IND-GP",120,0.0514927972665615,0.408421124317153,11,285
4,423,"IND-GP",120,0.0257463986332808,0.161404213158735,16,360
4,424,"IND-GP",120,0.0257463986332808,0.186741126649422,21,435
4,425,"IND-GP",120,0.527733395584444,0.138267497648793,17,375
4,426,"IND-GP",120,0.200103945095721,0.429750711435881,21,435
4,427,"IND-GP",120,0.448487042309461,0.212237400609951,20,420
4,428,"IND-GP",120,0.331287388118347,0.248985982529626,20,420
4,429,"IND-GP",120,0,0.13828647214232,21,435
4,430,"IND-GP",104,0.0257463986332808,0.718411827118256,23,449
4,431,"IND-GP",120,0.21758078830271,0.450249028022543,19,405
4,432,"IND-GP",120,0.0257463986332808,0.158976749803271,19,405
4,433,"IND-GP",120,0.21758078830271,0.166933063279024,19,405
4,434,"IND-GP",120,0.0257463986332808,0.386688341830369,15,345
4,435,"IND-GP",120,0,0.589550394717408,19,405
4,436,"IND-GP",120,0.60418043615697,0.217883233840392,12,300
4,437,"IND-GP",120,0,0.153830074813079,22,450
4,438,"IND-GP",120,0.229939530593304,0.266601983407815,20,420
4,439,"IND-GP",120,0.833274385069511,0.164562248102824,11,285
4,440,"IND-GP",120,0.0514927972665615,0.191682372323386,18,390
4,441,"IND-GP",120,0.357033786751628,0.117706486912806,16,360
4,442,"IND-GP",120,0.0257463986332808,0.216901340679611,20,420
4,443,"IND-GP",120,0.738264309850742,0.420722400916631,17,375
4,444,"IND-GP",120,0.0257463986332808,0.488010905559429,22,450
4,445,"IND-GP",120,0.0257463986332808,0.227665702608986,20,420
4,446,"IND-GP",120,0.157495621242869,0.545096392552742,22,450
4,447,"IND-GP",120,0.21758078830271,0.459443021550019,18,390
4,448,"IND-GP",120,0.0257463986332808,0.611856544142487,21,435
4,449,"IND-GP",120,0.0257463986332808,0.214933329679049,16,360
4,450,"IND-GP",120,0.200103945095721,0.171422015357043,16,360
4,451,"IND-GP",120,0.255685929226585,0.316879175587485,16,360
4,452,"IND-GP",120,0.0514927972665615,0.199784786742147,20,420
4,453,"IND-GP",120,0.0514927972665615,0.228248484827237,18,390
4,454,"IND-GP",120,0.357033786751628,0.190892507417729,19,405
4,455,"IND-GP",120,0.174357546462441,0.326574617916898,21,435
4,456,"IND-GP",120,0.0257463986332808,0.199488104352486,19,405
4,457,"IND-GP",120,0.508324779257438,0.113769373032646,14,330
4,458,"IND-GP",120,0.727844153789589,0.21652032375643,18,390
4,459,"IND-GP",120,0.0257463986332808,0.144660902276326,22,450
4,460,"IND-GP",120,0.0257463986332808,0.500057036477788,16,360
4,461,"IND-GP",120,0.50676642282049,0.14224005275672,16,360
4,462,"IND-GP",120,0.331287388118347,0.249107651297613,18,390
4,463,"IND-GP",120,0.0257463986332808,0.138795020862626,19,405
4,464,"IND-GP",120,0.0514927972665615,0.140490740119006,18,390
4,465,"IND-GP",120,0.331287388118347,0.166591978754376,20,420
4,466,"IND-GP",120,0.0257463986332808,0.170935135329359,20,420
4,467,"IND-GP",120,0.0257463986332808,0.158395588572514,18,390
4,468,"IND-GP",120,0,0.149073185872045,17,375
4,469,"IND-GP",120,0.243327186935991,0.276537710787199,20,420
4,470,"IND-GP",120,0.738264309850742,0.213942040410197,14,330
4,471,"IND-GP",120,0.331287388118347,0.18363451125663,18,390
4,472,"IND-GP",120,0.0257463986332808,0.404054151824393,15,345
4,473,"IND-GP",120,0.0257463986332808,0.157140535884279,19,405
4,474,"IND-GP",120,0.0514927972665615,0.136703193605143,22,450
4,475,"IND-GP",120,0.229939530593304,0.14829654204078,16,360
4,476,"IND-GP",120,0.534071177890719,0.217464235662923,20,420
4,477,"IND-GP",120,0.0257463986332808,0.159890102531029,19,405
4,478,"IND-GP",120,0.357033786751628,0.299742663585856,17,375
4,479,"IND-GP",90,0.0257463986332808,0.217648720762917,24,450
4,480,"IND-GP",120,0,0.155609614615254,22,450
4,481,"IND-GP",120,0.610824671844763,0.229266112612247,19,405
4,482,"IND-GP",120,0.0257463986332808,0.183165860980627,14,330
4,483,"IND-GP",120,0.183242019876149,0.366963887383134,19,405
4,484,"IND-GP",120,0.0514927972665615,0.23012494785697,16,360
4,485,"IND-GP",120,0.0514927972665615,0.185940585042053,22,450
4,486,"IND-GP",120,0.331287388118347,0.166276798849429,20,420
4,487,"IND-GP",120,0.474233440942742,0.323629592357418,15,345
4,488,"IND-GP",120,0.0257463986332808,0.203475030387287,19,405
4,489,"IND-GP",120,0.255685929226585,0.372952166385634,18,390
4,490,"IND-GP",120,0.0257463986332808,0.173759655873239,15,345
4,491,"IND-GP",120,0.174357546462441,0.346205098155066,21,435
4,492,"IND-GP",104,0.200103945095721,0.33266444929293,23,449
4,493,"IND-GP",120,0.0514927972665615,0.641148069448725,22,450
4,494,"IND-GP",120,0.331287388118347,0.184667449806995,18,390
4,495,"IND-GP",120,0.523651021829566,0.177352397350859,21,435
4,496,"IND-GP",104,0.357033786751628,0.243802236246045,23,449
4,497,"IND-GP",120,0.0257463986332808,0.119536394547791,16,360
4,498,"IND-GP",120,0.527733395584444,0.479890567841297,13,315
4,499,"IND-GP",120,0.534071177890719,0.13296242916653,20,420
4,500,"IND-GP",120,0.255685929226585,0.151521103352709,22,450
4,501,"IND-GP",120,0.0257463986332808,0.140824286421201,22,450
4,502,"IND-GP",120,0.200103945095721,0.140701719436537,21,435
4,503,"IND-GP",120,0.474233440942742,0.182947214447641,16,360
4,504,"IND-GP",120,0.357033786751628,0.276606481747687,13,315
4,505,"IND-GP",120,0.331287388118347,0.124645876629985,17,375
4,506,"IND-GP",120,0.200103945095721,0.456927868387851,16,360
4,507,"IND-GP",120,0.523651021829566,0.174121916259581,19,405
4,508,"IND-GP",120,1.00622940245372,0.16140485226006,15,345
4,509,"IND-GP",120,0,0.380237389230386,22,450
4,510,"IND-GP",120,0.200103945095721,0.419254674029606,17,375
4,511,"IND-GP",120,0.200103945095721,0.311181320724374,21,435
4,512,"IND-GP",120,0.659482618194032,0.177721587777333,17,375
4,513,"IND-GP",120,0.501986996951163,0.173912504353489,18,390
4,514,"IND-GP",120,0.0257463986332808,0.208165985775128,15,345
4,515,"IND-GP",120,0.0257463986332808,0.256894888937116,22,450
4,516,"IND-GP",120,0.0514927972665615,0.194066147183802,19,405
4,517,"IND-GP",120,0.0257463986332808,0.656173326699451,17,375
4,518,"IND-GP",120,0.523651021829566,0.195157210664914,18,390
4,519,"IND-GP",120,0.255685929226585,0.206389892941615,18,390
4,520,"IND-GP",120,0.419626323784319,0.28893804601049,16,360
4,521,"IND-GP",120,0.0514927972665615,0.11532678742378,16,360
4,522,"IND-GP",120,0.357033786751628,0.152910371118481,18,390
4,523,"IND-GP",120,0.527733395584444,0.129966388102016,18,390
4,524,"IND-GP",120,0.183242019876149,0.20108677307565,18,390
4,525,"IND-GP",120,1.10529818917066,0.149921220397315,16,360
4,526,"IND-GP",120,0.331287388118347,0.279012108717161,18,390
4,527,"IND-GP",120,0.331287388118347,0.230307103274024,20,420
4,528,"IND-GP",120,0.331287388118347,0.606834851250706,15,345
4,529,"IND-GP",120,0.0257463986332808,0.269245378772075,16,360
4,530,"IND-GP",120,0.0257463986332808,0.214539764195176,20,420
4,531,"IND-GP",120,0.662574776236695,0.175293920159591,15,345
4,532,"IND-GP",90,0.200103945095721,0.28746325674991,24,450
4,533,"IND-GP",120,0.331287388118347,0.114649285969265,15,345
4,534,"IND-GP",120,0.174357546462441,0.436603893066263,22,450
4,535,"IND-GP",90,0.416102615997826,0.333138537871448,24,450
4,536,"IND-GP",120,0.0257463986332808,0.144062906091783,20,420
4,537,"IND-GP",120,0.497904623196285,0.139822921494807,13,315
4,538,"IND-GP",120,0.0257463986332808,0.195638991228687,16,360
4,539,"IND-GP",120,0.0257463986332808,0.157145126642952,18,390
4,540,"IND-GP",120,0.474233440942742,0.165890825399326,15,345
4,541,"IND-GP",120,0.629926834790251,0.12834657160578,19,405
4,542,"IND-GP",120,0.0257463986332808,0.233134974235786,15,345
4,543,"IND-GP",120,0.0514927972665615,0.171628971651399,22,450
4,544,"IND-GP",120,0.523651021829566,0.20109995241805,20,420
4,545,"IND-GP",120,0.0514927972665615,0.58460409251528,18,390
4,546,"IND-GP",120,0.501917207840889,0.163533744159662,18,390
4,547,"IND-GP",120,0.0514927972665615,0.511322188688518,22,450
4,548,"IND-GP",120,0.331287388118347,0.225182844291312,18,390
4,549,"IND-GP",120,0.917530946980604,0.129902239624464,11,285
4,550,"IND-GP",120,0.0514927972665615,0.187817843743378,19,405
4,551,"IND-GP",120,0.229939530593304,0.35844571987048,19,405
4,552,"IND-GP",120,0.508324779257438,0.219865531428438,12,300
4,553,"IND-GP",120,0.0514927972665615,0.193090042536242,21,435
4,554,"IND-GP",120,0,0.159659427526386,16,360
4,555,"IND-GP",120,0.0257463986332808,0.198242654210894,18,390
4,556,"IND-GP",120,0.50676642282049,0.147578246577062,22,450
4,557,"IND-GP",120,0.649565854377623,0.400945309345943,15,345
4,558,"IND-GP",120,0.0257463986332808,0.156022002863083,19,405
4,559,"IND-GP",120,0.21758078830271,0.185409602806701,17,375
4,560,"IND-GP",120,0.0514927972665615,0.207205903650372,21,435
4,561,"IND-GP",120,0,0.173254777843215,17,375
4,562,"IND-GP",120,0.60418043615697,0.187313163820338,19,405
4,563,"IND-GP",120,0.0257463986332808,0.151472571966721,20,420
4,564,"IND-GP",120,0.183242019876149,0.1701468742146,21,435
4,565,"IND-GP",120,0.527733395584444,0.183045519741034,14,330
4,566,"IND-GP",120,0.0257463986332808,0.221644548533368,15,345
4,567,"IND-GP",120,1.01664955851488,0.104521461937938,16,360
4,568,"IND-GP",120,0.0257463986332808,0.228032350863277,13,315
4,569,"IND-GP",120,0.0257463986332808,0.206258975996397,21,435
4,570,"IND-GP",120,0.523651021829566,0.612577856967936,17,375
4,571,"IND-GP",120,0.0257463986332808,0.140105173014311,18,390
4,572,"IND-GP",120,0.727844153789589,0.362151618649624,17,375
4,573,"IND-GP",120,0.523651021829566,0.133570499384862,17,375
4,574,"IND-GP",120,0.0257463986332808,0.137205941044992,21,435
4,575,"IND-GP",120,0.0514927972665615,0.407177685516929,19,405
4,576,"IND-GP",120,0.0257463986332808,0.18623458291497,18,390
4,577,"IND-GP",120,0.0257463986332808,0.168859539931971,21,435
4,578,"IND-GP",120,0.50676642282049,0.12946077444983,19,405
4,579,"IND-GP",120,0.527733395584444,0.238994957795873,22,450
4,580,"IND-GP",120,0.0257463986332808,0.496005271989866,13,315
4,581,"IND-GP",120,0.331287388118347,0.264325092944724,18,390
4,582,"IND-GP",120,0.0514927972665615,0.13250559826795,16,360
4,583,"IND-GP",120,0.474233440942742,0.24297273805778,18,390
4,584,"IND-GP",120,0.357033786751628,0.164973383894394,18,390
4,585,"IND-GP",120,0.357033786751628,0.164144264301347,16,360
4,586,"IND-GP",120,0.60418043615697,0.136463112942459,14,330
4,587,"IND-GP",120,0.331287388118347,0.22367054811222,15,345
4,588,"IND-GP",120,0.0257463986332808,0.143610560096187,22,450
4,589,"IND-GP",120,0.629926834790251,0.130677692934224,20,420
4,590,"IND-GP",120,0.229939530593304,0.397232946646893,18,390
4,591,"IND-GP",120,0.0257463986332808,0.203898184275788,20,420
4,592,"IND-GP",120,0.419626323784319,0.311201345413592,20,420
4,593,"IND-GP",120,0.459879061186608,0.363051603853853,14,330
4,594,"IND-GP",120,0.0257463986332808,0.145064377448591,19,405
4,595,"IND-GP",120,0.0257463986332808,0.236872208249239,18,390
4,596,"IND-GP",120,0.0514927972665615,0.621216292627387,18,390
4,597,"IND-GP",104,0,0.168270209625007,23,449
4,598,"IND-GP",120,0.561226918711652,0.206276480939554,12,300
4,599,"IND-GP",120,0.829192011314632,0.317505907451766,10,270
4,600,"IND-GP",120,0.331287388118347,0.254288063256962,20,420
4,601,"IND-GP",104,0.0514927972665615,0.22723753090861,23,449
4,602,"IND-GP",120,0.200103945095721,0.458989569549061,19,405
4,603,"IND-GP",120,0.157495621242869,0.330925695492486,20,420
4,604,"IND-GP",120,0.0257463986332808,0.160295589746447,16,360
4,605,"IND-GP",120,0.662574776236695,0.31701903803088,14,330
4,606,"IND-GP",120,1.0172450808511,0.360033257615255,10,270
4,607,"IND-GP",120,0.0514927972665615,0.560221816565452,20,420
4,608,"IND-GP",120,1.09896040686438,0.116501901616539,16,360
4,609,"IND-GP",120,0.719567785253873,0.445037944548906,15,345
4,610,"IND-GP",120,0.0257463986332808,0.333432290560319,15,345
4,611,"IND-GP",120,0.0514927972665615,0.205219380413714,22,450
4,612,"IND-GP",120,0.255685929226585,0.417446944966391,17,375
4,613,"IND-GP",120,0.157495621242869,0.403356664799706,12,300
4,614,"IND-GP",120,0.629926834790251,0.238459999388085,22,450
4,615,"IND-GP",120,0.200103945095721,0.392323259331565,21,435
4,616,"IND-GP",90,0.255685929226585,0.448546484978054,24,450
4,617,"IND-GP",120,0.183242019876149,0.35412191910805,19,405
4,618,"IND-GP",120,0.505644934580788,0.322182296209073,11,285
4,619,"IND-GP",90,0.0257463986332808,0.19374210361299,24,450
4,620,"IND-GP",120,0.838053810938837,0.10811724795532,11,285
4,621,"IND-GP",120,0.829192011314632,0.192645912731568,12,300
4,622,"IND-GP",120,0.0514927972665615,0.143803745014846,22,450
4,623,"IND-GP",120,0.255685929226585,0.425920601071919,17,375
4,624,"IND-GP",120,0.0514927972665615,0.195404239302207,21,435
4,625,"IND-GP",120,0.0257463986332808,0.526841377043148,17,375
4,626,"IND-GP",120,0.0257463986332808,0.150255764723582,16,360
4,627,"IND-GP",120,0.0257463986332808,0.129803651346995,16,360
4,628,"IND-GP",120,0,0.140430502547294,19,405
4,629,"IND-GP",120,0.174357546462441,0.186586086779855,21,435
4,630,"IND-GP",120,0.839612167375785,0.18104766418606,12,300
4,631,"IND-GP",120,0.0514927972665615,0.181180994075005,22,450
4,632,"IND-GP",120,0.0257463986332808,0.374180935429401,22,450
4,633,"IND-GP",120,0.829192011314632,0.142681084223088,13,315
4,634,"IND-GP",120,0.229939530593304,0.448934083899739,15,345
4,635,"IND-GP",120,0.682682325719879,0.23562814378366,18,390
4,636,"IND-GP",104,0.0514927972665615,0.500260782457342,23,449
4,637,"IND-GP",120,0.387435151836173,0.308432205143422,15,345
4,638,"IND-GP",120,0.0257463986332808,0.185184124349471,21,435
4,639,"IND-GP",120,0.255685929226585,0.181183096527755,14,330
4,640,"IND-GP",120,0.0257463986332808,0.176275662826718,21,435
4,641,"IND-GP",120,0.0257463986332808,0.150943763983708,20,420
4,642,"IND-GP",120,0.508324779257438,0.128887962400758,13,315
4,643,"IND-GP",120,0.416102615997826,0.472020755062685,11,285
4,644,"IND-GP",120,0,0.157930368840338,21,435
4,645,"IND-GP",120,0.0514927972665615,0.162097450435554,17,375
4,646,"IND-GP",120,0,0.17065413059887,19,405
4,647,"IND-GP",120,0.243327186935991,0.41164372995144,16,360
4,648,"IND-GP",120,0.0514927972665615,0.135660820889464,19,405
4,649,"IND-GP",120,0.0514927972665615,0.141077382260526,19,405
4,650,"IND-GP",120,0.229939530593304,0.316186231078107,21,435
4,651,"IND-GP",120,0.0257463986332808,0.544739563424668,22,450
4,652,"IND-GP",120,0.0514927972665615,0.237264641053405,20,420
4,653,"IND-GP",120,0.0257463986332808,0.487273836434795,13,315
4,654,"IND-GP",120,0.497904623196285,0.203203426252749,12,300
4,655,"IND-GP",120,0.672262169658725,0.411686083534362,14,330
4,656,"IND-GP",120,0,0.1462543379134,18,390
4,657,"IND-GP",120,0.229939530593304,0.434744256229957,18,390
4,658,"IND-GP",120,0.183242019876149,0.402891428479224,16,360
4,659,"IND-GP",120,0.548868176421058,0.446445263092441,12,300
4,660,"IND-GP",120,0.255685929226585,0.330847935532352,21,435
4,661,"IND-GP",120,0.0514927972665615,0.263644385799146,22,450
4,662,"IND-GP",120,0.0514927972665615,0.197759639096797,18,390
4,663,"IND-GP",120,0.419626323784319,0.263205108963093,20,420
4,664,"IND-GP",120,0.778537982619411,0.228475135634305,18,390
4,665,"IND-GP",120,0.0257463986332808,0.191680873492199,19,405
4,666,"IND-GP",120,0.174357546462441,0.226786034156849,15,345
4,667,"IND-GP",120,0.448487042309461,0.149787420716458,20,420
4,668,"IND-GP",120,0.0257463986332808,0.158473197043037,16,360
4,669,"IND-GP",120,0.0514927972665615,0.137216889367313,18,390
4,670,"IND-GP",120,0.497904623196285,0.140420765923968,12,300
4,671,"IND-GP",120,0.577121945027187,0.502685506356016,15,345
4,672,"IND-GP",120,0.331287388118347,0.276051410695529,21,435
4,673,"IND-GP",104,0.0514927972665615,0.628030836035294,23,449
4,674,"IND-GP",120,0.839612167375785,0.252114216577282,12,300
4,675,"IND-GP",120,0.4453727224176,0.57826050448339,11,285
4,676,"IND-GP",120,0.0257463986332808,0.208678090377002,18,390
4,677,"IND-GP",120,0.0514927972665615,0.186022232112661,16,360
4,678,"IND-GP",120,0.0257463986332808,0.214389354315237,19,405
4,679,"IND-GP",120,0.0514927972665615,0.287912967475628,19,405
4,680,"IND-GP",120,0.200103945095721,0.384761110454805,14,330
4,681,"IND-GP",120,0.750913711902666,0.19332729470868,17,375
4,682,"IND-GP",120,0.0257463986332808,0.357354787694685,19,405
4,683,"IND-GP",120,0.0514927972665615,0.194607833434153,19,405
4,684,"IND-GP",120,0.243327186935991,0.420577353354058,20,420
4,685,"IND-GP",120,0.0257463986332808,0.199650721183401,21,435
4,686,"IND-GP",104,0.0257463986332808,0.173899527731231,23,449
4,687,"IND-GP",120,0.0257463986332808,0.145839654828739,19,405
4,688,"IND-GP",120,0.490402769714531,0.604103267164548,18,390
4,689,"IND-GP",120,0.331287388118347,0.245322696675264,18,390
4,690,"IND-GP",120,0.838053810938837,0.115228721531397,11,285
4,691,"IND-GP",120,0.0514927972665615,0.136188253016215,17,375
4,692,"IND-GP",120,0.839612167375785,0.301491278765648,11,285
4,693,"IND-GP",120,0.183242019876149,0.9104008393334,14,330
4,694,"IND-GP",120,0.0257463986332808,0.39818080352584,21,435
4,695,"IND-GP",120,0.0257463986332808,0.212527103230808,21,435
4,696,"IND-GP",120,0.4453727224176,0.317479438619227,11,285
4,697,"IND-GP",120,0.0257463986332808,0.189491344721382,17,375
4,698,"IND-GP",120,0.523651021829566,0.183058842053987,21,435
4,699,"IND-GP",120,0.243327186935991,0.296003448696863,21,435
4,700,"IND-GP",120,0.0257463986332808,0.360603930393882,15,345
4,701,"IND-GP",120,0.0514927972665615,0.462068048832757,19,405
4,702,"IND-GP",120,0.0257463986332808,0.227671306489019,16,360
4,703,"IND-GP",120,0.0514927972665615,0.155509991726559,17,375
4,704,"IND-GP",120,0.0514927972665615,0.231653019743605,19,405
4,705,"IND-GP",120,0.243327186935991,0.706736512090759,20,420
4,706,"IND-GP",120,0.623351656971244,0.153778281230494,22,450
4,707,"IND-GP",120,0.474233440942742,0.224716747365029,22,450
4,708,"IND-GP",120,0.4453727224176,0.158830982536603,21,435
4,709,"IND-GP",120,0.331287388118347,0.293583167515452,17,375
4,710,"IND-GP",120,0.200103945095721,0.145777226633726,22,450
4,711,"IND-GP",120,0.183242019876149,0.194372128797063,22,450
4,712,"IND-GP",120,0,0.237752374686515,17,375
4,713,"IND-GP",120,0.497904623196285,0.111450234778144,18,390
4,714,"IND-GP",120,0.534071177890719,0.117175075352436,16,360
4,715,"IND-GP",120,0.676344543413604,0.389335637223076,16,360
4,716,"IND-GP",120,0,0.2519998617295,19,405
4,717,"IND-GP",120,0.357033786751628,0.291410334295587,16,360
4,718,"IND-GP",120,1.10373983273371,0.0975541034655704,17,375
4,719,"IND-GP",120,0.0257463986332808,0.552710160096803,17,375
4,720,"IND-GP",120,0.497904623196285,0.287958180488511,20,420
4,721,"IND-GP",120,0.243327186935991,0.597180141588437,18,390
4,722,"IND-GP",120,0.0514927972665615,0.208399511920737,16,360
4,723,"IND-GP",120,0.21758078830271,0.386540172359361,17,375
4,724,"IND-GP",120,0.833274385069511,0.201751017348435,11,285
4,725,"IND-GP",120,0,0.161684612105949,21,435
4,726,"IND-GP",120,0.0257463986332808,0.181807912416073,19,405
4,727,"IND-GP",120,0.0514927972665615,0.132328730641055,21,435
4,728,"IND-GP",120,0.523651021829566,0.137488991447507,20,420
4,729,"IND-GP",120,0.4453727224176,0.125031667594805,18,390
4,730,"IND-GP",120,0.523651021829566,0.142399106837973,19,405
4,731,"IND-GP",120,0.672262169658725,0.177576737814135,19,405
4,732,"IND-GP",120,0.0257463986332808,0.342003457082252,22,450
4,733,"IND-GP",120,0.331287388118347,0.577313241257112,14,330
4,734,"IND-GP",120,0.0514927972665615,0.158609369344877,22,450
4,735,"IND-GP",120,0.50676642282049,0.122566921223493,19,405
4,736,"IND-GP",120,0.157495621242869,0.381931083550421,19,405
4,737,"IND-GP",104,0.0514927972665615,0.261165057456302,23,449
4,738,"IND-GP",120,0.0257463986332808,0.573783211397873,14,330
4,739,"IND-GP",120,0.0257463986332808,0.2286033689933,15,345
4,740,"IND-GP",120,0.0514927972665615,0.184575896415297,20,420
4,741,"IND-GP",90,0.229939530593304,0.441066096865792,24,450
4,742,"IND-GP",120,0.0257463986332808,0.221277250222689,20,420
4,743,"IND-GP",104,0.21758078830271,0.358541445708463,23,449
4,744,"IND-GP",90,0.200103945095721,0.402565046645197,24,450
4,745,"IND-GP",120,0.0257463986332808,0.180714180463553,20,420
4,746,"IND-GP",120,0.331287388118347,0.227380004412069,17,375
4,747,"IND-GP",120,0.532512821453771,0.163771594090289,21,435
4,748,"IND-GP",120,0.534071177890719,0.131920901431522,19,405
4,749,"IND-GP",120,0.497904623196285,0.189851921196657,17,375
4,750,"IND-GP",120,0.0257463986332808,0.161628429205324,19,405
4,751,"IND-GP",120,0.200103945095721,0.367916061505633,22,450
4,752,"IND-GP",120,0.50676642282049,0.181917234337547,22,450
4,753,"IND-GP",120,0.0257463986332808,0.620531271667105,20,420
4,754,"IND-GP",120,0.534071177890719,0.512061885945212,17,375
4,755,"IND-GP",120,0.0514927972665615,0.142280351226013,17,375
4,756,"IND-GP",120,0.357033786751628,0.140351719169174,14,330
4,757,"IND-GP",120,0.255685929226585,0.34139146484965,17,375
4,758,"IND-GP",120,0.508324779257438,0.141367368004104,17,375
4,759,"IND-GP",90,0.416102615997826,0.407838409479024,24,450
4,760,"IND-GP",120,0.523651021829566,0.179818048608192,21,435
4,761,"IND-GP",120,0.0257463986332808,0.174162953622576,18,390
4,762,"IND-GP",120,0.0514927972665615,0.165613325820948,18,390
4,763,"IND-GP",104,0.200103945095721,0.307033767345029,23,449
4,764,"IND-GP",120,0.610824671844763,0.144129977762765,13,315
4,765,"IND-GP",120,0.523651021829566,0.124993218435973,18,390
4,766,"IND-GP",120,0.0257463986332808,0.138244043578011,18,390
4,767,"IND-GP",120,0.927951103041757,0.174783875783616,11,285
4,768,"IND-GP",120,0.523651021829566,0.485857441865849,17,375
4,769,"IND-GP",120,0.0257463986332808,0.181450867180129,22,450
4,770,"IND-GP",120,0.0257463986332808,0.197187192316151,20,420
4,771,"IND-GP",120,0.966643368032414,0.20334273998667,17,375
4,772,"IND-GP",120,0.534071177890719,0.184644915999276,17,375
4,773,"IND-GP",120,0.357033786751628,0.196383877250375,22,450
4,774,"IND-GP",120,0.357033786751628,0.173740877482967,14,330
4,775,"IND-GP",120,0.0257463986332808,0.189283606279155,20,420
4,776,"IND-GP",120,0.0257463986332808,0.206693431137119,18,390
4,777,"IND-GP",120,0,0.279770618653315,17,375
4,778,"IND-GP",120,0.727844153789589,0.235339471413018,18,390
4,779,"IND-GP",120,0.534071177890719,0.147993923460672,19,405
4,780,"IND-GP",120,0.497904623196285,0.211205444865943,21,435
4,781,"IND-GP",120,0,0.142000730857338,22,450
4,782,"IND-GP",120,0.0257463986332808,0.325120286522217,17,375
4,783,"IND-GP",120,1.00875341977165,0.116659285564119,17,375
4,784,"IND-GP",120,0.448487042309461,0.195548801192186,18,390
4,785,"IND-GP",120,0.0257463986332808,0.51081060529998,14,330
4,786,"IND-GP",120,0,0.139980218598953,15,345
4,787,"IND-GP",120,0.331287388118347,0.280516629031211,16,360
4,788,"IND-GP",120,0.636571070478044,0.132308830613637,17,375
4,789,"IND-GP",104,0.474233440942742,0.128988129358068,23,449
4,790,"IND-GP",120,0.60418043615697,0.158221175125103,18,390
4,791,"IND-GP",120,0.174357546462441,0.372728877123593,16,360
4,792,"IND-GP",120,0.0257463986332808,0.241432592085127,20,420
4,793,"IND-GP",120,0.649565854377623,0.237759537711885,22,450
4,794,"IND-GP",120,0.255685929226585,0.351140414178584,14,330
4,795,"IND-GP",120,0.0514927972665615,0.175825704204777,18,390
4,796,"IND-GP",120,0.0514927972665615,0.165246637909463,20,420
4,797,"IND-GP",120,0.174357546462441,0.416508917870811,13,315
4,798,"IND-GP",120,0.0257463986332808,0.196680078069513,22,450
4,799,"IND-GP",104,0.623351656971244,0.24335961937983,23,449
4,800,"IND-GP",120,0.0514927972665615,0.151124615641221,20,420
4,801,"IND-GP",120,0.21758078830271,0.299403221511933,15,345
4,802,"IND-GP",120,0.629926834790251,0.523413257420308,13,315
4,803,"IND-GP",120,0.0257463986332808,0.202392951517947,19,405
4,804,"IND-GP",120,0.0257463986332808,0.168515118205663,21,435
4,805,"IND-GP",120,0.4453727224176,0.14223913628221,22,450
4,806,"IND-GP",120,0.357033786751628,0.317827337679734,20,420
4,807,"IND-GP",104,0.357033786751628,0.247241644234771,23,449
4,808,"IND-GP",104,0.0257463986332808,0.187093029057978,23,449
4,809,"IND-GP",120,0.0257463986332808,0.152894861494972,21,435
4,810,"IND-GP",120,0.0257463986332808,0.136500662866271,22,450
4,811,"IND-GP",120,0.532512821453771,0.136371495296203,15,345
4,812,"IND-GP",104,0,0.167709547554415,23,449
4,813,"IND-GP",120,0.448487042309461,0.116330968877973,18,390
4,814,"IND-GP",120,0.0257463986332808,0.146845876893331,15,345
4,815,"IND-GP",120,0.505644934580788,0.463935461555778,11,285
4,816,"IND-GP",120,0.387435151836173,0.636319339548238,17,375
4,817,"IND-GP",120,0.508324779257438,0.622544113225827,17,375
4,818,"IND-GP",120,0.0257463986332808,0.196394061411016,21,435
4,819,"IND-GP",120,0.183242019876149,0.374629220977,20,420
4,820,"IND-GP",120,0.331853167705309,0.865133686760753,16,360
4,821,"IND-GP",120,0.672262169658725,0.25219738763093,20,420
4,822,"IND-GP",120,0.183242019876149,0.389515823041192,22,450
4,823,"IND-GP",120,0.331287388118347,0.352834410529098,21,435
4,824,"IND-GP",120,0.229939530593304,0.437125675652825,16,360
4,825,"IND-GP",120,0.331287388118347,0.125801442821304,20,420
4,826,"IND-GP",120,0.331287388118347,0.217043960465538,19,405
4,827,"IND-GP",120,0.829192011314632,0.197511299347696,12,300
4,828,"IND-GP",120,0.200103945095721,0.38538480411885,15,345
4,829,"IND-GP",120,0.0514927972665615,0.168813946423652,19,405
4,830,"IND-GP",120,0.0514927972665615,0.124542984523844,16,360
4,831,"IND-GP",120,0.4453727224176,0.17454620182755,21,435
4,832,"IND-GP",120,1.10208505935326,0.169233914041715,11,285
4,833,"IND-GP",120,0.0257463986332808,0.175831481990371,22,450
4,834,"IND-GP",120,0.331853167705309,0.262841291544464,19,405
4,835,"IND-GP",120,0.532512821453771,0.167915067852705,22,450
4,836,"IND-GP",120,0.0257463986332808,0.193705339008961,19,405
4,837,"IND-GP",120,0.4453727224176,0.164935042918409,22,450
4,838,"IND-GP",120,0.0514927972665615,0.127691531605789,17,375
4,839,"IND-GP",120,0.839612167375785,0.301761845212085,11,285
4,840,"IND-GP",120,0.681123969282931,0.279310774483064,17,375
4,841,"IND-GP",120,0.200103945095721,0.395127780254799,16,360
4,842,"IND-GP",90,0.476170809207608,0.241421667589138,24,450
4,843,"IND-GP",120,0.0257463986332808,0.253943740441724,15,345
4,844,"IND-GP",120,0.174357546462441,0.181242184031187,21,435
4,845,"IND-GP",120,0.0257463986332808,0.179241469188888,17,375
4,846,"IND-GP",120,0.243327186935991,0.178435775761101,18,390
4,847,"IND-GP",120,0.622844588771902,0.376029354139356,18,390
4,848,"IND-GP",120,0.0514927972665615,0.54636251973169,20,420
4,849,"IND-GP",120,0.229939530593304,0.362171233596375,12,300
4,850,"IND-GP",120,0.0257463986332808,0.32899817455252,16,360
4,851,"IND-GP",120,0.0514927972665615,0.413632820823841,21,435
4,852,"IND-GP",120,0.0514927972665615,0.144729202480081,22,450
4,853,"IND-GP",120,0.0257463986332808,0.158319885864118,21,435
4,854,"IND-GP",120,0.497904623196285,0.229054588737295,22,450
4,855,"IND-GP",120,0,0.151910781651203,17,375
4,856,"IND-GP",120,0.523651021829566,0.212988277450458,17,375
4,857,"IND-GP",120,0.610824671844763,0.177295650680345,22,450
4,858,"IND-GP",120,0.0257463986332808,0.146836393718352,22,450
4,859,"IND-GP",120,0.229939530593304,0.249566145240138,19,405
4,860,"IND-GP",120,0.0514927972665615,0.161464098763667,22,450
4,861,"IND-GP",120,1.01664955851488,0.192278055374048,16,360
4,862,"IND-GP",120,0.0514927972665615,0.694859037454497,22,450
4,863,"IND-GP",120,0.523651021829566,0.217586011552545,16,360
4,864,"IND-GP",120,0.0514927972665615,0.198419586156877,21,435
4,865,"IND-GP",120,0.523651021829566,0.199624779666151,19,405
4,866,"IND-GP",120,0,0.376276510913201,16,360
4,867,"IND-GP",120,0.357033786751628,0.168698630975615,17,375
4,868,"IND-GP",120,0.523651021829566,0.237349562268773,22,450
4,869,"IND-GP",120,0.629926834790251,0.183327728560335,16,360
4,870,"IND-GP",120,0.534071177890719,0.151019815758158,15,345
4,871,"IND-GP",104,0.0257463986332808,0.687800351729927,23,449
4,872,"IND-GP",104,0.0514927972665615,0.182328156919515,23,449
4,873,"IND-GP",120,0.255685929226585,0.171586869028868,17,375
4,874,"IND-GP",120,0.0514927972665615,0.204808316263642,16,360
4,875,"IND-GP",120,0.174357546462441,0.462499628486831,14,330
4,876,"IND-GP",120,0.738264309850742,0.382135069125077,16,360
4,877,"IND-GP",120,0.0257463986332808,0.285534524275173,22,450
4,878,"IND-GP",120,0.532512821453771,0.318019507955797,22,450
4,879,"IND-GP",120,0.0514927972665615,0.228228020443743,19,405
4,880,"IND-GP",120,0.0514927972665615,0.511643370291063,22,450
4,881,"IND-GP",90,0.0257463986332808,0.706163992641541,24,450
4,882,"IND-GP",120,0.448487042309461,0.190311154245698,18,390
4,883,"IND-GP",120,0.0257463986332808,0.449431843897844,16,360
4,884,"IND-GP",120,0.200103945095721,0.772191929844381,16,360
4,885,"IND-GP",120,0.0514927972665615,0.155570280667393,21,435
4,886,"IND-GP",120,0.200103945095721,0.466698792061421,22,450
4,887,"IND-GP",120,0.419626323784319,0.241843191034835,19,405
4,888,"IND-GP",120,0.593983870246759,0.48122465136797,11,285
4,889,"IND-GP",120,0.505644934580788,0.230332427295756,18,390
4,890,"IND-GP",120,0.534071177890719,0.196020571491033,21,435
4,891,"IND-GP",120,0.357033786751628,0.172367249038014,20,420
4,892,"IND-GP",104,0.157495621242869,0.266696458632773,23,449
4,893,"IND-GP",120,0.357033786751628,0.293348087023464,15,345
4,894,"IND-GP",120,0.357033786751628,0.142516952470265,18,390
4,895,"IND-GP",120,0.0257463986332808,0.31893936535184,20,420
4,896,"IND-GP",120,0.0514927972665615,0.151598889041881,22,450
4,897,"IND-GP",120,0.0257463986332808,0.26534344317921,18,390
4,898,"IND-GP",120,0.0514927972665615,0.187061140831637,21,435
4,899,"IND-GP",120,0.0257463986332808,0.179497253430448,20,420
4,900,"IND-GP",120,0.508324779257438,0.152611878920274,22,450
4,901,"IND-GP",120,0.0514927972665615,0.180038090554647,17,375
4,902,"IND-GP",120,0.0257463986332808,0.150623376313037,18,390
4,903,"IND-GP",120,0.331287388118347,0.220131940519262,18,390
4,904,"IND-GP",120,0.0257463986332808,0.66246773081045,19,405
4,905,"IND-GP",120,0,0.207835069643844,17,375
4,906,"IND-GP",120,0.0257463986332808,0.203125440316558,20,420
4,907,"IND-GP",120,0.0514927972665615,0.236105960123963,17,375
4,908,"IND-GP",120,0,0.136983717892375,17,375
4,909,"IND-GP",120,0.497904623196285,0.16037101911111,18,390
4,910,"IND-GP",120,0.610824671844763,0.228450708157429,15,345
4,911,"IND-GP",120,0.523651021829566,0.192823166191916,19,405
4,912,"IND-GP",120,0.497904623196285,0.164666912099829,15,345
4,913,"IND-GP",120,0.523651021829566,0.597301227151875,16,360
4,914,"IND-GP",104,0.0257463986332808,0.26330146485869,23,449
4,915,"IND-GP",104,0.534071177890719,0.130614045549954,23,449
4,916,"IND-GP",120,0.0257463986332808,0.574040426788333,16,360
4,917,"IND-GP",120,0.0257463986332808,0.279057650940431,19,405
4,918,"IND-GP",120,0.390356217364545,0.207245086694321,22,450
4,919,"IND-GP",120,0.610824671844763,0.182547428988245,15,345
4,920,"IND-GP",120,0.174357546462441,0.18844605298052,15,345
4,921,"IND-GP",120,0.0514927972665615,0.133874565933055,19,405
4,922,"IND-GP",120,0.736705953413794,0.355762943829168,19,405
4,923,"IND-GP",90,0.200103945095721,0.384460469531187,24,450
4,924,"IND-GP",120,0,0.167880718856564,19,405
4,925,"IND-GP",120,0.157495621242869,0.508205925717121,17,375
4,926,"IND-GP",120,0.839612167375785,0.109621066942623,11,285
4,927,"IND-GP",120,0.357033786751628,0.170806010009927,21,435
4,928,"IND-GP",120,0.474233440942742,0.145210119325196,22,450
4,929,"IND-GP",120,0.927951103041757,0.124404863739812,11,285
4,930,"IND-GP",120,0.0514927972665615,0.188254719057559,19,405
4,931,"IND-GP",120,0.0257463986332808,0.166011134926441,19,405
4,932,"IND-GP",104,0.527733395584444,0.248016022392002,23,449
4,933,"IND-GP",120,0.391938334765151,0.461558752481853,20,420
4,934,"IND-GP",120,0.508324779257438,0.250295398715179,12,300
4,935,"IND-GP",120,0.4453727224176,0.22268889814041,22,450
4,936,"IND-GP",120,0.0514927972665615,0.137566257317479,18,390
4,937,"IND-GP",120,0.0257463986332808,0.59227528545894,18,390
4,938,"IND-GP",120,0.0514927972665615,0.218253586554443,21,435
4,939,"IND-GP",120,0.229939530593304,0.331698194908223,16,360
4,940,"IND-GP",120,0.174357546462441,0.367221374601291,17,375
4,941,"IND-GP",120,0.0514927972665615,0.177040835351249,20,420
4,942,"IND-GP",120,0.357033786751628,0.273083492213242,22,450
4,943,"IND-GP",120,0.0257463986332808,0.267155354204319,17,375
4,944,"IND-GP",120,0.357033786751628,0.211918324772456,15,345
4,945,"IND-GP",120,0.0514927972665615,0.154261558885953,21,435
4,946,"IND-GP",120,0.0514927972665615,0.338117900220385,21,435
4,947,"IND-GP",120,0.229939530593304,0.233826980612706,21,435
4,948,"IND-GP",120,0.508324779257438,0.250053844005636,14,330
4,949,"IND-GP",120,0.474233440942742,0.193497710667807,21,435
4,950,"IND-GP",120,0.0514927972665615,0.605342177248392,19,405
4,951,"IND-GP",120,0.508324779257438,0.146583856721786,12,300
4,952,"IND-GP",120,0.527733395584444,0.202547705620645,19,405
4,953,"IND-GP",120,0.357033786751628,0.149727778537262,20,420
4,954,"IND-GP",120,0.719567785253873,0.239387176026931,15,345
4,955,"IND-GP",120,0.331287388118347,0.369173012375233,19,405
4,956,"IND-GP",120,0.200103945095721,0.150236917386947,21,435
4,957,"IND-GP",120,0.497904623196285,0.215765672808297,15,345
4,958,"IND-GP",120,0.0257463986332808,0.135414562941104,18,390
4,959,"IND-GP",120,0.255685929226585,0.379531109332554,17,375
4,960,"IND-GP",90,0.0514927972665615,0.355767041225471,24,450
4,961,"IND-GP",104,0.0514927972665615,0.213583902160014,23,449
4,962,"IND-GP",120,0.0514927972665615,0.146992442874572,20,420
4,963,"IND-GP",120,0.357033786751628,0.247000892873112,21,435
4,964,"IND-GP",120,0,0.194853933584604,19,405
4,965,"IND-GP",120,1.00622940245372,0.111013539055739,14,330
4,966,"IND-GP",120,0.331287388118347,0.211908753792974,16,360
4,967,"IND-GP",120,0.561226918711652,0.483645431921199,18,390
4,968,"IND-GP",120,0.331287388118347,0.335264016228864,16,360
4,969,"IND-GP",120,0.0514927972665615,0.159549811963791,21,435
4,970,"IND-GP",120,0,0.174703333581553,18,390
4,971,"IND-GP",120,0.0257463986332808,0.328260100025552,22,450
4,972,"IND-GP",90,0.200103945095721,0.48113382267335,24,450
4,973,"IND-GP",120,0,0.162139491850476,18,390
4,974,"IND-GP",120,0.0257463986332808,0.136575724734258,18,390
4,975,"IND-GP",120,0.0514927972665615,0.169174196171174,18,390
4,976,"IND-GP",120,0.0257463986332808,0.19847681495434,17,375
4,977,"IND-GP",120,0.157495621242869,0.302544460187498,16,360
4,978,"IND-GP",120,0.357033786751628,0.302900832471659,11,285
4,979,"IND-GP",120,0.523651021829566,0.172625933179797,22,450
4,980,"IND-GP",120,0.0257463986332808,0.221415193097401,20,420
4,981,"IND-GP",120,1.00622940245372,0.146322140210062,15,345
4,982,"IND-GP",120,0.21758078830271,0.398803514738027,13,315
4,983,"IND-GP",120,0.174357546462441,0.204192528352319,21,435
4,984,"IND-GP",120,0.0257463986332808,0.188159681564535,21,435
4,985,"IND-GP",120,0.0257463986332808,0.571485500982357,14,330
4,986,"IND-GP",120,0.829192011314632,0.205805980212656,11,285
4,987,"IND-GP",120,0.0257463986332808,0.542491194658749,19,405
4,988,"IND-GP",120,0.331287388118347,0.241896738836012,17,375
4,989,"IND-GP",120,0.0514927972665615,0.214872273083763,17,375
4,990,"IND-GP",120,0.50676642282049,0.137363568019383,21,435
4,991,"IND-GP",120,1.17597441411381,0.256417913528215,16,360
4,992,"IND-GP",120,0.60418043615697,0.189401857878768,15,345
4,993,"IND-GP",104,0.357033786751628,0.164761884727313,23,449
4,994,"IND-GP",120,0.157495621242869,0.255411360222049,22,450
4,995,"IND-GP",120,0,0.211827346228089,18,390
4,996,"IND-GP",120,0.508324779257438,0.118462988088711,17,375
4,997,"IND-GP",120,0.0514927972665615,0.146414834574506,18,390
4,998,"IND-GP",120,0.0514927972665615,0.208515375845481,15,345
4,999,"IND-GP",120,0.0514927972665615,0.211125178190929,22,450
4,1000,"IND-GP",120,0.200103945095721,0.24534281341064,22,450
4,1,"P-GP",104,0.0257463986332808,0.1926546319132,23,449
4,2,"P-GP",120,0.0514927972665615,0.0945814341539997,17,375
4,3,"P-GP",74,0.0257463986332808,0.228912552672175,25,449
4,4,"P-GP",120,0.0257463986332808,0.159069560794376,16,360
4,5,"P-GP",120,0.0514927972665615,0.161974126628126,11,285
4,6,"P-GP",120,0.200103945095721,0.174310411191848,21,435
4,7,"P-GP",120,0.0514927972665615,0.108950917096104,17,375
4,8,"P-GP",120,0.0257463986332808,0.138758064297781,15,345
4,9,"P-GP",120,0,0.189134548820377,22,450
4,10,"P-GP",74,0.0257463986332808,0.291406286173692,25,449
4,11,"P-GP",120,0.0514927972665615,0.144973489434071,21,435
4,12,"P-GP",120,0.474233440942742,0.465692082708289,11,285
4,13,"P-GP",120,0.157495621242869,0.385042111885933,17,375
4,14,"P-GP",120,0.0514927972665615,0.116119831143521,14,330
4,15,"P-GP",120,0.0514927972665615,0.127134572943303,17,375
4,16,"P-GP",120,0.174357546462441,0.239249556788308,15,345
4,17,"P-GP",120,0.174357546462441,0.241092224991743,15,345
4,18,"P-GP",120,0.0514927972665615,0.157801215500345,15,345
4,19,"P-GP",120,0.255685929226585,0.163061666689441,15,345
4,20,"P-GP",120,0.0257463986332808,0.300029849393756,17,375
4,21,"P-GP",120,0.0514927972665615,0.144667877468967,12,300
4,22,"P-GP",120,0.0514927972665615,0.25164246965533,22,450
4,23,"P-GP",120,0,0.206253598147646,19,405
4,24,"P-GP",120,0.0514927972665615,0.203368086675616,16,360
4,25,"P-GP",120,0,0.217955282758056,19,405
4,26,"P-GP",120,0.174357546462441,0.203763791816123,14,330
4,27,"P-GP",120,0.0514927972665615,0.18646439874169,11,285
4,28,"P-GP",120,0.0257463986332808,0.259411911972237,22,450
4,29,"P-GP",104,0.0257463986332808,0.271926153071754,23,449
4,30,"P-GP",120,0.838053810938837,0.131726878065481,11,285
4,31,"P-GP",120,0.0257463986332808,0.242586591105658,14,330
4,32,"P-GP",120,0.0257463986332808,0.244915983484107,22,450
4,33,"P-GP",120,0.0514927972665615,0.105733096299295,18,390
4,34,"P-GP",120,0.174357546462441,0.215889877056482,17,375
4,35,"P-GP",120,0.0514927972665615,0.115945974824512,11,285
4,36,"P-GP",120,0.0514927972665615,0.12919148786267,20,420
4,37,"P-GP",104,0.4453727224176,0.217617060317139,23,449
4,38,"P-GP",120,0.0514927972665615,0.153496365295486,16,360
4,39,"P-GP",120,0.0257463986332808,0.257132644374193,17,375
4,40,"P-GP",120,0.0257463986332808,0.174933966165153,15,345
4,41,"P-GP",120,0.829192011314632,0.189942220675788,12,300
4,42,"P-GP",120,0.0514927972665615,0.159784530627962,17,375
4,43,"P-GP",120,0.229939530593304,0.261006958817651,19,405
4,44,"P-GP",120,0,0.121589794987909,16,360
4,45,"P-GP",120,0,0.238772724189643,20,420
4,46,"P-GP",120,0.0514927972665615,0.141031921251912,22,450
4,47,"P-GP",120,0.0514927972665615,0.0946641361081252,20,420
4,48,"P-GP",120,0.0257463986332808,0.176879414529137,19,405
4,49,"P-GP",120,0.0257463986332808,0.245904862546979,12,300
4,50,"P-GP",120,0.0514927972665615,0.111884181247207,14,330
4,51,"P-GP",120,0.0514927972665615,0.0967650171647381,18,390
4,52,"P-GP",120,0.0514927972665615,0.147043231233495,12,300
4,53,"P-GP",120,0.0257463986332808,0.127570814571696,14,330
4,54,"P-GP",120,0.0514927972665615,0.175589910129702,19,405
4,55,"P-GP",90,0.0514927972665615,0.139065844605815,24,450
4,56,"P-GP",120,0,0.118155002038393,16,360
4,57,"P-GP",120,0.0514927972665615,0.18174425621619,11,285
4,58,"P-GP",120,0.243327186935991,0.22708334329604,15,345
4,59,"P-GP",120,0.0514927972665615,0.152988895663605,16,360
4,60,"P-GP",120,0.157495621242869,0.217255621055024,16,360
4,61,"P-GP",120,0.0257463986332808,0.15491301712275,19,405
4,62,"P-GP",120,0.0257463986332808,0.114358534861178,13,315
4,63,"P-GP",120,0,0.19619996138243,19,405
4,64,"P-GP",120,0.174357546462441,0.184364516460525,19,405
4,65,"P-GP",120,0.0257463986332808,0.179238242950437,19,405
4,66,"P-GP",120,0.0514927972665615,0.103901605218264,16,360
4,67,"P-GP",120,0.839612167375785,0.174841265730605,11,285
4,68,"P-GP",120,0.839612167375785,0.159225322940095,11,285
4,69,"P-GP",90,0.174357546462441,0.241550017250116,24,450
4,70,"P-GP",120,0.0514927972665615,0.160288441780323,21,435
4,71,"P-GP",120,0.255685929226585,0.189168501125527,14,330
4,72,"P-GP",104,0.0514927972665615,0.168796758767827,23,449
4,73,"P-GP",120,0.0514927972665615,0.103238749454672,12,300
4,74,"P-GP",120,0.0514927972665615,0.105326660295689,14,330
4,75,"P-GP",104,0.0514927972665615,0.208987302471644,23,449
4,76,"P-GP",120,0.0514927972665615,0.255423755482772,20,420
4,77,"P-GP",90,0.0514927972665615,0.178304202395546,24,450
4,78,"P-GP",120,0.839612167375785,0.200628632066252,11,285
4,79,"P-GP",120,0.0514927972665615,0.104696752512096,17,375
4,80,"P-GP",120,0.200103945095721,0.176930453651883,15,345
4,81,"P-GP",120,0.0257463986332808,0.285738877066749,20,420
4,82,"P-GP",120,0.0257463986332808,0.206211809856653,22,450
4,83,"P-GP",120,0.0514927972665615,0.114111731726149,18,390
4,84,"P-GP",120,0.0514927972665615,0.0984501137087687,16,360
4,85,"P-GP",120,0.0514927972665615,0.219646464035512,18,390
4,86,"P-GP",120,0,0.165065289480569,16,360
4,87,"P-GP",120,0.0514927972665615,0.120203008180796,19,405
4,88,"P-GP",120,0.0514927972665615,0.144773326763473,15,345
4,89,"P-GP",120,0,0.179071169469398,18,390
4,90,"P-GP",120,0.0514927972665615,0.113757809006631,17,375
4,91,"P-GP",120,0.0514927972665615,0.146566608662581,21,435
4,92,"P-GP",90,0.0514927972665615,0.19529580106353,24,450
4,93,"P-GP",120,0.0514927972665615,0.151878752476381,19,405
4,94,"P-GP",120,0.174357546462441,0.192172672875897,22,450
4,95,"P-GP",120,0.0257463986332808,0.16377712740754,17,375
4,96,"P-GP",120,0.0514927972665615,0.104601128190729,16,360
4,97,"P-GP",120,0.0257463986332808,0.202717946261324,16,360
4,98,"P-GP",120,0.0514927972665615,0.170033136974518,13,315
4,99,"P-GP",120,0.200103945095721,0.136263940907855,20,420
4,100,"P-GP",120,0.0514927972665615,0.139589926761283,14,330
4,101,"P-GP",120,0.0514927972665615,0.271070369559885,13,315
4,102,"P-GP",120,0,0.154488641288798,21,435
4,103,"P-GP",120,0.0514927972665615,0.109638779113676,18,390
4,104,"P-GP",120,0.0257463986332808,0.14388536812571,15,345
4,105,"P-GP",120,0.0514927972665615,0.206630057693388,14,330
4,106,"P-GP",120,0,0.191952768078853,17,375
4,107,"P-GP",104,0.174357546462441,0.247610910721313,23,449
4,108,"P-GP",120,0.0514927972665615,0.119984930378292,13,315
4,109,"P-GP",120,0.0514927972665615,0.160167350325873,15,345
4,110,"P-GP",120,0.662574776236695,0.440358998794398,12,300
4,111,"P-GP",120,0.0514927972665615,0.196672747647829,18,390
4,112,"P-GP",120,0.0514927972665615,0.104007681801077,14,330
4,113,"P-GP",120,0.174357546462441,0.213903749123389,18,390
4,114,"P-GP",120,0.200103945095721,0.195153781994485,19,405
4,115,"P-GP",120,0.21758078830271,0.254497126740751,22,450
4,116,"P-GP",120,0.0257463986332808,0.214715499849541,15,345
4,117,"P-GP",120,0.0514927972665615,0.133946299147141,15,345
4,118,"P-GP",120,0.0257463986332808,0.138426437820516,13,315
4,119,"P-GP",104,0.0514927972665615,0.127079085644103,23,449
4,120,"P-GP",120,0.0514927972665615,0.109242058965936,13,315
4,121,"P-GP",120,0.0257463986332808,0.127687527348812,19,405
4,122,"P-GP",120,0.0257463986332808,0.142336753938169,19,405
4,123,"P-GP",120,0.0257463986332808,0.163183233848396,12,300
4,124,"P-GP",120,0.0257463986332808,0.140969604555313,17,375
4,125,"P-GP",90,0.174357546462441,0.290529698040748,24,450
4,126,"P-GP",120,0.174357546462441,0.281111415832912,17,375
4,127,"P-GP",120,0.157495621242869,0.142514178830394,17,375
4,128,"P-GP",120,0.0514927972665615,0.132976302799573,17,375
4,129,"P-GP",104,0.0257463986332808,0.268801744937387,23,449
4,130,"P-GP",104,0.0514927972665615,0.123700370563104,23,449
4,131,"P-GP",90,0.183242019876149,0.19043197549252,24,450
4,132,"P-GP",120,0.0514927972665615,0.125345053784547,11,285
4,133,"P-GP",120,0.0257463986332808,0.157850563190991,18,390
4,134,"P-GP",120,0.838053810938837,0.143373159117773,11,285
4,135,"P-GP",120,0.0257463986332808,0.17503847538704,19,405
4,136,"P-GP",120,0.0514927972665615,0.107624965333449,17,375
4,137,"P-GP",120,0.314991242485737,0.283284662874993,16,360
4,138,"P-GP",120,0.505644934580788,0.384298975105278,11,285
4,139,"P-GP",120,0.950474039260624,0.118858334177423,11,285
4,140,"P-GP",120,0.0514927972665615,0.128714474282876,12,300
4,141,"P-GP",120,0.839612167375785,0.19478330074162,11,285
4,142,"P-GP",120,0.0514927972665615,0.0884985050391764,14,330
4,143,"P-GP",90,0.0514927972665615,0.180760510657729,24,450
4,144,"P-GP",104,0.0514927972665615,0.184137035078545,23,449
4,145,"P-GP",120,0.0257463986332808,0.175161441087483,16,360
4,146,"P-GP",104,0.404297077055745,0.286138259242361,23,449
4,147,"P-GP",120,0,0.143823980603542,20,420
4,148,"P-GP",120,0.0257463986332808,0.251235855740965,22,450
4,149,"P-GP",120,0.0514927972665615,0.103263387430272,14,330
4,150,"P-GP",120,0.927951103041757,0.148685842123673,11,285
4,151,"P-GP",120,0,0.155552091581647,16,360
4,152,"P-GP",120,0.0514927972665615,0.143514267114562,18,390
4,153,"P-GP",120,0.0514927972665615,0.350443463509132,11,285
4,154,"P-GP",120,0.921613320735482,0.119413206329534,12,300
4,155,"P-GP",120,0.174357546462441,0.243287667418535,13,315
4,156,"P-GP",120,0.0514927972665615,0.229086582760178,12,300
4,157,"P-GP",120,0.0514927972665615,0.17304558351044,22,450
4,158,"P-GP",120,0.839612167375785,0.185609683099097,10,270
4,159,"P-GP",120,0.839612167375785,0.217518843380812,9,255
4,160,"P-GP",120,0.839612167375785,0.139454678538043,11,285
4,161,"P-GP",120,0.200103945095721,0.221212428231261,16,360
4,162,"P-GP",120,0.0257463986332808,0.177350214079728,15,345
4,163,"P-GP",120,0,0.132655962534872,14,330
4,164,"P-GP",120,0.174357546462441,0.219509552970555,20,420
4,165,"P-GP",120,0.839612167375785,0.217030848119317,11,285
4,166,"P-GP",120,0.839612167375785,0.290490125991004,11,285
4,167,"P-GP",120,0.0514927972665615,0.189093050204618,19,405
4,168,"P-GP",90,0.0257463986332808,0.22615344234561,24,450
4,169,"P-GP",120,0.0514927972665615,0.107448056536271,17,375
4,170,"P-GP",120,0.174357546462441,0.193820222126857,14,330
4,171,"P-GP",120,0.0514927972665615,0.160196578624385,14,330
4,172,"P-GP",120,0.0514927972665615,0.125794019865878,17,375
4,173,"P-GP",120,0.0257463986332808,0.295302600389792,16,360
4,174,"P-GP",120,0.0514927972665615,0.150684408037895,15,345
4,175,"P-GP",74,0.0514927972665615,0.285959015078667,25,449
4,176,"P-GP",120,0.0514927972665615,0.106875427113228,15,345
4,177,"P-GP",90,0.0514927972665615,0.160909976548714,24,450
4,178,"P-GP",120,0.0514927972665615,0.121731007096964,19,405
4,179,"P-GP",120,0.0257463986332808,0.180575915743775,19,405
4,180,"P-GP",120,0.243327186935991,0.16564261871996,13,315
4,181,"P-GP",120,0.0514927972665615,0.13355584615068,17,375
4,182,"P-GP",120,0.921613320735482,0.146003205458844,12,300
4,183,"P-GP",120,0.0257463986332808,0.186603364176792,22,450
4,184,"P-GP",120,0.0514927972665615,0.427096079373044,10,270
4,185,"P-GP",120,0.0514927972665615,0.134356680251331,12,300
4,186,"P-GP",120,0.0257463986332808,0.111407769155889,17,375
4,187,"P-GP",120,0,0.183474374725744,18,390
4,188,"P-GP",120,0,0.194733508388564,19,405
4,189,"P-GP",120,0.174357546462441,0.146489820922645,12,300
4,190,"P-GP",120,0.0257463986332808,0.162769596999409,21,435
4,191,"P-GP",120,0.174357546462441,0.282046950791162,22,450
4,192,"P-GP",120,0,0.247503079210619,20,420
4,193,"P-GP",120,0.0257463986332808,0.213335721162993,15,345
4,194,"P-GP",120,0.0514927972665615,0.286214282923339,12,300
4,195,"P-GP",120,0.0514927972665615,0.151832111364043,20,420
4,196,"P-GP",120,0.0514927972665615,0.103164446507434,17,375
4,197,"P-GP",120,0.0514927972665615,0.0947354450745749,16,360
4,198,"P-GP",120,0.0257463986332808,0.156256062876147,16,360
4,199,"P-GP",120,0.0514927972665615,0.0934227124253235,18,390
4,200,"P-GP",120,0.0257463986332808,0.167848717833925,19,405
4,201,"P-GP",120,0.0514927972665615,0.103417477351331,19,405
4,202,"P-GP",120,0.0514927972665615,0.170014114219289,18,390
4,203,"P-GP",120,0.0514927972665615,0.0919543810944324,14,330
4,204,"P-GP",120,0,0.189361677809866,22,450
4,205,"P-GP",120,0.314991242485737,0.162859672352504,18,390
4,206,"P-GP",120,0.0514927972665615,0.130332213402794,12,300
4,207,"P-GP",120,0.157495621242869,0.133759621122862,19,405
4,208,"P-GP",120,0.0257463986332808,0.182164735956889,12,300
4,209,"P-GP",120,0.839612167375785,0.203176027649125,11,285
4,210,"P-GP",120,0.0257463986332808,0.364997406848841,12,300
4,211,"P-GP",120,0.0514927972665615,0.178882110834996,20,420
4,212,"P-GP",120,0.0257463986332808,0.138918740794896,16,360
4,213,"P-GP",120,0.0514927972665615,0.0948062889245529,13,315
4,214,"P-GP",120,0.157495621242869,0.277877265850136,14,330
4,215,"P-GP",120,1.07183869928071,0.187534188315712,11,285
4,216,"P-GP",120,0.0514927972665615,0.133909115840992,19,405
4,217,"P-GP",120,0.0514927972665615,0.114867582039844,12,300
4,218,"P-GP",90,0.0257463986332808,0.183673382783413,24,450
4,219,"P-GP",120,0.0514927972665615,0.495767822471266,11,285
4,220,"P-GP",120,0.0514927972665615,0.151514053030198,13,315
4,221,"P-GP",120,0.0514927972665615,0.23286889348737,18,390
4,222,"P-GP",120,0,0.206283045208967,17,375
4,223,"P-GP",120,0.174357546462441,0.19691239783063,22,450
4,224,"P-GP",120,0.314991242485737,0.144938852524855,14,330
4,225,"P-GP",120,0.0514927972665615,0.100065567726215,18,390
4,226,"P-GP",120,0.0257463986332808,0.162405077302093,22,450
4,227,"P-GP",120,0,0.212733625727882,22,450
4,228,"P-GP",104,0.0257463986332808,0.167460855315176,23,449
4,229,"P-GP",120,0.174357546462441,0.226123963117889,9,255
4,230,"P-GP",90,0.183242019876149,0.273307551059418,24,450
4,231,"P-GP",120,0.0514927972665615,0.121440188384717,13,315
4,232,"P-GP",120,0.0257463986332808,0.134071738422327,18,390
4,233,"P-GP",120,0.0257463986332808,0.123613958334914,22,450
4,234,"P-GP",74,0.0514927972665615,0.352967073477441,25,449
4,235,"P-GP",120,0.0257463986332808,0.202842571775307,19,405
4,236,"P-GP",120,0.0514927972665615,0.0993630835091942,14,330
4,237,"P-GP",120,0.200103945095721,0.184622616010433,17,375
4,238,"P-GP",120,0.157495621242869,0.129036685202349,19,405
4,239,"P-GP",120,0.0257463986332808,0.300151361951649,12,300
4,240,"P-GP",120,0.174357546462441,0.145316276589527,13,315
4,241,"P-GP",120,0.833274385069511,0.191129071783518,14,330
4,242,"P-GP",104,0.0514927972665615,0.167651448682332,23,449
4,243,"P-GP",120,0.0514927972665615,0.257241994145687,17,375
4,244,"P-GP",120,0.174357546462441,0.193027590332877,17,375
4,245,"P-GP",90,0.0257463986332808,0.252788090577178,24,450
4,246,"P-GP",120,0.839612167375785,0.185566375548768,10,270
4,247,"P-GP",120,0.314991242485737,0.236686557243185,13,315
4,248,"P-GP",120,0.0514927972665615,0.159490402155284,18,390
4,249,"P-GP",120,0.0514927972665615,0.128060251747707,12,300
4,250,"P-GP",120,0.497904623196285,0.525681046790089,11,285
4,251,"P-GP",120,0.0514927972665615,0.084566987403457,13,315
4,252,"P-GP",120,0.0514927972665615,0.25208815056626,19,405
4,253,"P-GP",120,0.0514927972665615,0.107897095139747,15,345
4,254,"P-GP",120,0,0.170937115214769,15,345
4,255,"P-GP",120,0.0257463986332808,0.166049576035723,14,330
4,256,"P-GP",120,0.0514927972665615,0.152465943378638,19,405
4,257,"P-GP",120,0.174357546462441,0.957358929182152,11,285
4,258,"P-GP",90,0.243327186935991,0.252411535648687,24,450
4,259,"P-GP",104,0.0514927972665615,0.129866190948461,23,449
4,260,"P-GP",90,0.0514927972665615,0.223590929195835,24,450
4,261,"P-GP",120,0.174357546462441,0.264811547983963,15,345
4,262,"P-GP",120,0.0514927972665615,0.161707547645455,17,375
4,263,"P-GP",120,0.0257463986332808,0.157101607407934,18,390
4,264,"P-GP",90,0.174357546462441,0.237106662053968,24,450
4,265,"P-GP",120,0.839612167375785,0.173158428980446,10,270
4,266,"P-GP",120,0.0514927972665615,0.125767267838,17,375
4,267,"P-GP",120,0.0514927972665615,0.104177733019588,15,345
4,268,"P-GP",120,0.0514927972665615,0.120815012517469,18,390
4,269,"P-GP",120,1.01659973369754,0.193444782700398,11,285
4,270,"P-GP",90,0.0514927972665615,0.147946082611614,24,450
4,271,"P-GP",90,0.0514927972665615,0.354670483527491,24,450
4,272,"P-GP",120,0.0514927972665615,0.141944482563806,16,360
4,273,"P-GP",120,0.0514927972665615,0.181236911174352,19,405
4,274,"P-GP",120,0.0257463986332808,0.163413688602198,22,450
4,275,"P-GP",120,0.0257463986332808,0.142024486804088,13,315
4,276,"P-GP",120,0.505644934580788,0.517381403584757,11,285
4,277,"P-GP",120,0,0.12900077965873,17,375
4,278,"P-GP",120,0.839612167375785,0.227925854596976,11,285
4,279,"P-GP",120,0.0514927972665615,0.167805931415681,12,300
4,280,"P-GP",120,0.0514927972665615,0.113121810547242,12,300
4,281,"P-GP",104,0.0514927972665615,0.211337357503196,23,449
4,282,"P-GP",90,0.0514927972665615,0.167154311764776,24,450
4,283,"P-GP",120,0.839612167375785,0.194730931710528,11,285
4,284,"P-GP",120,0.0514927972665615,0.100348919107763,15,345
4,285,"P-GP",120,0.174357546462441,0.21730332541202,15,345
4,286,"P-GP",120,0.0514927972665615,0.119238226496404,14,330
4,287,"P-GP",120,0.0257463986332808,0.161880029616011,21,435
4,288,"P-GP",120,0.0514927972665615,0.229103689848547,19,405
4,289,"P-GP",90,0.0514927972665615,0.20691338344659,24,450
4,290,"P-GP",120,0.0514927972665615,0.111579322695731,18,390
4,291,"P-GP",120,0.0257463986332808,0.1800127209337,13,315
4,292,"P-GP",120,0.0257463986332808,0.209544586432791,14,330
4,293,"P-GP",120,0.0514927972665615,0.193800478195338,19,405
4,294,"P-GP",104,0.0257463986332808,0.273246875771434,23,449
4,295,"P-GP",120,0,0.190847762490282,16,360
4,296,"P-GP",120,0.200103945095721,0.223897742235427,20,420
4,297,"P-GP",104,0.0514927972665615,0.136848444187759,23,449
4,298,"P-GP",104,0.0514927972665615,0.163600046980435,23,449
4,299,"P-GP",120,0.0514927972665615,0.196450256323019,12,300
4,300,"P-GP",104,0.0257463986332808,0.174102829269344,23,449
4,301,"P-GP",120,0.174357546462441,0.204009502679886,14,330
4,302,"P-GP",120,0.357033786751628,0.555324951949568,11,285
4,303,"P-GP",120,0.174357546462441,0.210701323336481,19,405
4,304,"P-GP",120,0.0514927972665615,0.142254167564215,14,330
4,305,"P-GP",120,0.0514927972665615,0.129177597412979,18,390
4,306,"P-GP",120,0.0514927972665615,0.16448589231222,21,435
4,307,"P-GP",120,0,0.184802946703396,21,435
4,308,"P-GP",120,0.0257463986332808,0.143187821341927,22,450
4,309,"P-GP",120,0.0514927972665615,0.128535688482583,13,315
4,310,"P-GP",120,0,0.143875921967199,19,405
4,311,"P-GP",120,0.0514927972665615,0.153344031367951,17,375
4,312,"P-GP",120,0.243327186935991,0.31851033353464,16,360
4,313,"P-GP",120,0.0514927972665615,0.145982228409731,14,330
4,314,"P-GP",120,0.0514927972665615,0.236751240333821,12,300
4,315,"P-GP",120,0.839612167375785,0.15192390983063,11,285
4,316,"P-GP",120,0.0257463986332808,0.195614165022349,16,360
4,317,"P-GP",120,0,0.196275642953066,17,375
4,318,"P-GP",120,0.0514927972665615,0.0938968221696625,12,300
4,319,"P-GP",120,0.0257463986332808,0.273029663969982,16,360
4,320,"P-GP",120,0.174357546462441,0.163675944486456,18,390
4,321,"P-GP",120,0.0514927972665615,0.0932105057130789,12,300
4,322,"P-GP",120,0.0257463986332808,0.290982311613561,14,330
4,323,"P-GP",120,0.501986996951163,0.48128456459016,11,285
4,324,"P-GP",120,0.0257463986332808,0.26159884854984,13,315
4,325,"P-GP",120,0.0514927972665615,0.196958606473346,18,390
4,326,"P-GP",74,0.0257463986332808,0.351692202783589,25,449
4,327,"P-GP",120,0.0257463986332808,0.151266841814042,16,360
4,328,"P-GP",120,0.0257463986332808,0.141725707835771,12,300
4,329,"P-GP",104,0.0257463986332808,0.208002111823654,23,449
4,330,"P-GP",120,0.0257463986332808,0.228156881520407,12,300
4,331,"P-GP",120,0.183242019876149,0.148501469912631,16,360
4,332,"P-GP",120,0.0257463986332808,0.121166225679776,16,360
4,333,"P-GP",120,0.0514927972665615,0.47454596882805,20,420
4,334,"P-GP",120,0.0257463986332808,0.174040400576878,16,360
4,335,"P-GP",120,0.174357546462441,0.168467760809927,13,315
4,336,"P-GP",120,0.183242019876149,0.126450991992443,21,435
4,337,"P-GP",120,0.0257463986332808,0.201475740833028,13,315
4,338,"P-GP",120,0.0514927972665615,0.094470648426678,12,300
4,339,"P-GP",120,0.0514927972665615,0.136536718900029,15,345
4,340,"P-GP",120,0.0514927972665615,0.136779768351774,14,330
4,341,"P-GP",120,0.0514927972665615,0.116179136741396,13,315
4,342,"P-GP",104,0,0.260042237912908,23,449
4,343,"P-GP",120,0.174357546462441,0.154250244522488,19,405
4,344,"P-GP",120,0.0514927972665615,0.150330142088664,15,345
4,345,"P-GP",120,0.505644934580788,0.394833702115391,12,300
4,346,"P-GP",120,0.174357546462441,0.169449541307208,17,375
4,347,"P-GP",90,0.200103945095721,0.23729072299002,24,450
4,348,"P-GP",120,0.829192011314632,0.122837995764442,11,285
4,349,"P-GP",120,0.0514927972665615,0.122417745845574,20,420
4,350,"P-GP",120,0.0514927972665615,0.149210147046662,12,300
4,351,"P-GP",120,0.0514927972665615,0.147748723920334,22,450
4,352,"P-GP",120,0.0257463986332808,0.181303730465385,15,345
4,353,"P-GP",120,0.0514927972665615,0.120590406779185,13,315
4,354,"P-GP",120,0.0514927972665615,0.0993194460146583,19,405
4,355,"P-GP",120,0,0.171395593025979,14,330
4,356,"P-GP",120,0.0257463986332808,0.139325721854009,22,450
4,357,"P-GP",120,0.0514927972665615,0.0973008679648711,18,390
4,358,"P-GP",120,0.0257463986332808,0.241365345199608,17,375
4,359,"P-GP",120,0.357033786751628,0.271677817488053,14,330
4,360,"P-GP",120,0.0514927972665615,0.131174791357416,17,375
4,361,"P-GP",120,0.0257463986332808,0.17614403213405,14,330
4,362,"P-GP",120,0.0514927972665615,0.1977141681526,19,405
4,363,"P-GP",120,0.0514927972665615,0.102148742672858,14,330
4,364,"P-GP",120,0.0257463986332808,0.202549015605892,22,450
4,365,"P-GP",120,0.0514927972665615,0.107951281911498,15,345
4,366,"P-GP",120,0,0.158367790245763,14,330
4,367,"P-GP",120,0.0514927972665615,0.128856275762591,14,330
4,368,"P-GP",120,0.0514927972665615,0.15822344007317,13,315
4,369,"P-GP",120,0.0257463986332808,0.248295811266487,15,345
4,370,"P-GP",120,0.0514927972665615,0.0912577609995275,15,345
4,371,"P-GP",120,0.0257463986332808,0.158210348691702,12,300
4,372,"P-GP",120,0.0514927972665615,0.124809761442324,16,360
4,373,"P-GP",120,0,0.161601185837174,16,360
4,374,"P-GP",120,0.0514927972665615,0.141045944170114,21,435
4,375,"P-GP",120,0.0257463986332808,0.193889263023661,20,420
4,376,"P-GP",120,0.174357546462441,0.209777585190057,17,375
4,377,"P-GP",120,0.0514927972665615,0.10103028494908,12,300
4,378,"P-GP",120,0,0.247605406653318,17,375
4,379,"P-GP",120,0.839612167375785,0.191006999432713,11,285
4,380,"P-GP",120,0.0514927972665615,0.12224065766998,21,435
4,381,"P-GP",120,0.561226918711652,0.151986933296059,12,300
4,382,"P-GP",120,0.0514927972665615,0.161242082922221,14,330
4,383,"P-GP",120,0.0257463986332808,0.151339442614313,21,435
4,384,"P-GP",120,0.0257463986332808,0.237055036824438,18,390
4,385,"P-GP",120,0.0257463986332808,0.151423658194089,20,420
4,386,"P-GP",120,0.0257463986332808,0.221546818868549,15,345
4,387,"P-GP",120,0.0257463986332808,0.175109676813126,18,390
4,388,"P-GP",120,0.174357546462441,0.196458072206059,13,315
4,389,"P-GP",120,0,0.127740542332239,17,375
4,390,"P-GP",90,0.0514927972665615,0.162155225883997,24,450
4,391,"P-GP",120,0.21758078830271,0.255975753617565,19,405
4,392,"P-GP",120,0.174357546462441,0.198957620167009,15,345
4,393,"P-GP",120,0.0257463986332808,0.18467331751965,13,315
4,394,"P-GP",120,0.0514927972665615,0.18504785574703,15,345
4,395,"P-GP",120,0.0514927972665615,0.141770125757752,17,375
4,396,"P-GP",120,0.0514927972665615,0.092478485662069,12,300
4,397,"P-GP",120,0.0257463986332808,0.140570223308679,16,360
4,398,"P-GP",120,0.0514927972665615,0.251362589467987,15,345
4,399,"P-GP",120,0.0514927972665615,0.165061497089186,17,375
4,400,"P-GP",120,0.0514927972665615,0.204179155835056,18,390
4,401,"P-GP",120,0.0257463986332808,0.141371237465197,20,420
4,402,"P-GP",120,0.0257463986332808,0.177112453653644,17,375
4,403,"P-GP",120,0.0257463986332808,0.239325392483889,18,390
4,404,"P-GP",120,0.0257463986332808,0.157619873889252,15,345
4,405,"P-GP",120,0.0514927972665615,0.115540949491486,15,345
4,406,"P-GP",120,0.0514927972665615,0.132581814397588,19,405
4,407,"P-GP",120,0.255685929226585,0.43694908671087,12,300
4,408,"P-GP",120,0.622844588771902,0.424017547482322,13,315
4,409,"P-GP",120,0.0257463986332808,0.173375329148774,22,450
4,410,"P-GP",90,0.200103945095721,0.230036387271557,24,450
4,411,"P-GP",120,0.0257463986332808,0.229128157744165,22,450
4,412,"P-GP",120,0.921613320735482,0.122287513845623,11,285
4,413,"P-GP",120,0.0257463986332808,0.159724688880206,21,435
4,414,"P-GP",120,0.0257463986332808,0.111547456443884,17,375
4,415,"P-GP",120,0.839612167375785,0.196648210736418,11,285
4,416,"P-GP",120,0.829192011314632,0.161930607525892,12,300
4,417,"P-GP",120,0.0514927972665615,0.188742202079461,15,345
4,418,"P-GP",120,0.0514927972665615,0.206983877351153,16,360
4,419,"P-GP",120,0.0514927972665615,0.112503778245089,13,315
4,420,"P-GP",120,0.0514927972665615,0.149528558464023,13,315
4,421,"P-GP",104,0.0514927972665615,0.112486940338822,23,449
4,422,"P-GP",120,0.561226918711652,0.335349885904435,12,300
4,423,"P-GP",120,0.0514927972665615,0.103854323815017,14,330
4,424,"P-GP",120,0.0514927972665615,0.163205695971589,14,330
4,425,"P-GP",120,0.0514927972665615,0.10841024812802,15,345
4,426,"P-GP",120,0.0514927972665615,0.154972210460921,16,360
4,427,"P-GP",120,0.839612167375785,0.217238300125735,11,285
4,428,"P-GP",120,0.0257463986332808,0.161722024621306,18,390
4,429,"P-GP",120,0.0514927972665615,0.116526680080213,16,360
4,430,"P-GP",120,0.0514927972665615,0.147550294774777,12,300
4,431,"P-GP",120,0.183242019876149,0.224569901295538,14,330
4,432,"P-GP",120,0.0514927972665615,0.145133838195609,11,285
4,433,"P-GP",120,0,0.168745594833063,18,390
4,434,"P-GP",120,0.0257463986332808,0.161039860802961,19,405
4,435,"P-GP",120,0.174357546462441,0.827349414238922,11,285
4,436,"P-GP",120,0.829192011314632,0.195522856044769,11,285
4,437,"P-GP",120,0.0257463986332808,0.138058482904665,18,390
4,438,"P-GP",120,0.174357546462441,0.227394840188405,21,435
4,439,"P-GP",120,0.921613320735482,0.106630206587916,11,285
4,440,"P-GP",74,0.243327186935991,0.369828695662794,25,449
4,441,"P-GP",120,0.505644934580788,0.339197965843722,11,285
4,442,"P-GP",120,0.0514927972665615,0.140487912564381,20,420
4,443,"P-GP",120,0.0514927972665615,0.107447521077465,14,330
4,444,"P-GP",120,0.0257463986332808,0.136249529776616,18,390
4,445,"P-GP",120,0.0514927972665615,0.116694156201071,14,330
4,446,"P-GP",120,0.838053810938837,0.124874752258234,11,285
4,447,"P-GP",120,0.0514927972665615,0.109311583630833,15,345
4,448,"P-GP",120,0.839612167375785,0.203376251162363,10,270
4,449,"P-GP",120,0.0257463986332808,0.181044030651968,15,345
4,450,"P-GP",120,0.0514927972665615,0.159087894326897,14,330
4,451,"P-GP",90,0.0514927972665615,0.242585161173034,24,450
4,452,"P-GP",120,0.0514927972665615,0.159910569720365,19,405
4,453,"P-GP",120,0.0257463986332808,0.260518662411276,22,450
4,454,"P-GP",120,0.0257463986332808,0.183747168759854,12,300
4,455,"P-GP",120,0,0.25284043952595,15,345
4,456,"P-GP",120,0.0514927972665615,0.167731783065211,16,360
4,457,"P-GP",104,0.0514927972665615,0.162183131352571,23,449
4,458,"P-GP",120,0.174357546462441,0.218312714128824,15,345
4,459,"P-GP",120,0.0257463986332808,0.185378591006396,20,420
4,460,"P-GP",120,0.0514927972665615,0.278165687294096,14,330
4,461,"P-GP",120,0.839612167375785,0.210804368649987,11,285
4,462,"P-GP",120,0.174357546462441,0.171435312571095,17,375
4,463,"P-GP",120,0.0257463986332808,0.180252734873049,18,390
4,464,"P-GP",120,0.0514927972665615,0.107182009655241,21,435
4,465,"P-GP",120,0.174357546462441,0.248040135202051,16,360
4,466,"P-GP",120,0,0.181749051523972,18,390
4,467,"P-GP",120,0.839612167375785,0.219685193419659,11,285
4,468,"P-GP",120,0.838053810938837,0.157506114417739,11,285
4,469,"P-GP",104,0.243327186935991,0.19967481748042,23,449
4,470,"P-GP",120,0.0514927972665615,0.0985195087745639,13,315
4,471,"P-GP",120,0.0514927972665615,0.1157620477378,14,330
4,472,"P-GP",120,0.0514927972665615,0.152392601999049,12,300
4,473,"P-GP",120,0,0.13903582346904,13,315
4,474,"P-GP",104,0.0514927972665615,0.110069939877226,23,449
4,475,"P-GP",120,0.0514927972665615,0.146679265563133,12,300
4,476,"P-GP",120,0.174357546462441,0.155378277701834,14,330
4,477,"P-GP",120,0.0514927972665615,0.132252932627631,21,435
4,478,"P-GP",120,0.662574776236695,0.18046260891571,13,315
4,479,"P-GP",120,0.0257463986332808,0.172259044227882,16,360
4,480,"P-GP",120,0,0.135308874305767,18,390
4,481,"P-GP",120,0.0514927972665615,0.196854056890335,11,285
4,482,"P-GP",120,0.0514927972665615,0.153424576164688,13,315
4,483,"P-GP",120,0.577121945027187,0.326664524551133,9,255
4,484,"P-GP",120,0.0514927972665615,0.207206510659273,10,270
4,485,"P-GP",120,0.0514927972665615,0.143088245114486,12,300
4,486,"P-GP",120,0,0.212029495456191,15,345
4,487,"P-GP",120,0.174357546462441,0.231474235672584,14,330
4,488,"P-GP",120,0.0257463986332808,0.26022440861352,12,300
4,489,"P-GP",120,0.0514927972665615,0.373086033497189,10,270
4,490,"P-GP",120,0.0257463986332808,0.222965313891006,12,300
4,491,"P-GP",120,0.174357546462441,0.193025043345307,13,315
4,492,"P-GP",120,0.174357546462441,0.28265001317133,19,405
4,493,"P-GP",120,0.0514927972665615,0.106859554936613,17,375
4,494,"P-GP",120,0.0257463986332808,0.19390455603911,14,330
4,495,"P-GP",120,0.0514927972665615,0.139292655972607,15,345
4,496,"P-GP",120,0.331287388118347,0.510504352068341,11,285
4,497,"P-GP",104,0.0257463986332808,0.151266676160918,23,449
4,498,"P-GP",120,0.0257463986332808,0.236016430151003,21,435
4,499,"P-GP",120,0.725905567560148,0.279444128434561,12,300
4,500,"P-GP",120,0.0514927972665615,0.164027012242137,19,405
4,501,"P-GP",120,0.0514927972665615,0.103995452102555,17,375
4,502,"P-GP",104,0.0514927972665615,0.173301528805383,23,449
4,503,"P-GP",120,0.0257463986332808,0.245286137437009,19,405
4,504,"P-GP",120,0.921613320735482,0.136295492448806,13,315
4,505,"P-GP",120,0.0514927972665615,0.151857242893138,20,420
4,506,"P-GP",104,0.0257463986332808,0.230078061839796,23,449
4,507,"P-GP",120,0.0257463986332808,0.161456313949049,21,435
4,508,"P-GP",120,0.0514927972665615,0.128747893096691,20,420
4,509,"P-GP",120,0.174357546462441,0.143109507740091,21,435
4,510,"P-GP",120,0.0514927972665615,0.171534091494584,17,375
4,511,"P-GP",120,0.0514927972665615,0.10298704164942,13,315
4,512,"P-GP",120,0.314991242485737,0.255215028229562,22,450
4,513,"P-GP",120,0.0257463986332808,0.179058499351426,19,405
4,514,"P-GP",120,0.200103945095721,0.204670669520592,20,420
4,515,"P-GP",120,0.505644934580788,0.597332498122617,16,360
4,516,"P-GP",120,0.0514927972665615,0.144756303784988,13,315
4,517,"P-GP",120,0.174357546462441,0.240403114967128,19,405
4,518,"P-GP",90,0.0514927972665615,0.183871884097264,24,450
4,519,"P-GP",120,0.0514927972665615,0.153983124021166,14,330
4,520,"P-GP",120,0,0.341457084307358,17,375
4,521,"P-GP",120,0.0514927972665615,0.108440148619523,12,300
4,522,"P-GP",120,0.0514927972665615,0.155354600485852,21,435
4,523,"P-GP",120,0.0257463986332808,0.143756147819902,14,330
4,524,"P-GP",120,0.174357546462441,0.265386888680587,19,405
4,525,"P-GP",120,0.0257463986332808,0.176252048046035,12,300
4,526,"P-GP",120,0.0514927972665615,0.136818457711064,20,420
4,527,"P-GP",120,0.839612167375785,0.204595711820625,10,270
4,528,"P-GP",120,0.534071177890719,0.526303286525974,9,255
4,529,"P-GP",120,0.174357546462441,0.1405994822297,14,330
4,530,"P-GP",120,0.0257463986332808,0.208394234898235,13,315
4,531,"P-GP",120,0.0514927972665615,0.114201046874131,14,330
4,532,"P-GP",90,0.174357546462441,0.35959261207617,24,450
4,533,"P-GP",120,0.839612167375785,0.138901207459564,11,285
4,534,"P-GP",120,0.839612167375785,0.13717503688413,11,285
4,535,"P-GP",104,0.0514927972665615,0.157058694008989,23,449
4,536,"P-GP",120,0.174357546462441,0.222088515474386,22,450
4,537,"P-GP",120,0,0.193183552636438,17,375
4,538,"P-GP",120,0.0514927972665615,0.144369201922489,16,360
4,539,"P-GP",120,0.0514927972665615,0.138150673815663,14,330
4,540,"P-GP",120,0.935467824275318,0.201720111966303,11,285
4,541,"P-GP",120,0.174357546462441,0.199850511785983,16,360
4,542,"P-GP",120,0.0257463986332808,0.180154740114713,15,345
4,543,"P-GP",120,0.0514927972665615,0.122066421182839,15,345
4,544,"P-GP",120,0.229939530593304,0.255072007154929,19,405
4,545,"P-GP",120,0.174357546462441,0.982769862648536,9,255
4,546,"P-GP",104,0.0514927972665615,0.228001336826749,23,449
4,547,"P-GP",120,0.0514927972665615,0.254122108846588,19,405
4,548,"P-GP",120,0.0514927972665615,0.267075805555497,12,300
4,549,"P-GP",120,0.917530946980604,0.152822765969374,12,300
4,550,"P-GP",120,0.0514927972665615,0.160361999533873,22,450
4,551,"P-GP",120,0.174357546462441,0.284517903665839,16,360
4,552,"P-GP",120,0.0514927972665615,0.166809638976669,18,390
4,553,"P-GP",120,0.0514927972665615,0.114019391205673,14,330
4,554,"P-GP",120,0.0514927972665615,0.143086631498612,15,345
4,555,"P-GP",120,0.0514927972665615,0.128397714785612,16,360
4,556,"P-GP",120,0.839612167375785,0.194829439637927,12,300
4,557,"P-GP",120,0.200103945095721,0.274940968077657,22,450
4,558,"P-GP",120,0.0257463986332808,0.206485884219725,16,360
4,559,"P-GP",120,0,0.269428161078888,18,390
4,560,"P-GP",104,0.0514927972665615,0.128575959144428,23,449
4,561,"P-GP",120,0.0514927972665615,0.138476161701423,16,360
4,562,"P-GP",120,0.0514927972665615,0.107891337625702,17,375
4,563,"P-GP",120,0.0257463986332808,0.121826831615857,18,390
4,564,"P-GP",104,0.174357546462441,0.337773503601004,23,449
4,565,"P-GP",120,0.0514927972665615,0.119424503947253,13,315
4,566,"P-GP",120,0,0.218953750405674,15,345
4,567,"P-GP",90,0.0514927972665615,0.222052916087087,24,450
4,568,"P-GP",120,0.0257463986332808,0.225400762363184,18,390
4,569,"P-GP",120,0.0257463986332808,0.11633628469724,13,315
4,570,"P-GP",120,0.0514927972665615,0.106957432273289,12,300
4,571,"P-GP",120,0.0514927972665615,0.126954611222958,17,375
4,572,"P-GP",120,0.0514927972665615,0.135876979786306,22,450
4,573,"P-GP",120,0,0.13558977929125,19,405
4,574,"P-GP",120,0.0257463986332808,0.141132102933133,18,390
4,575,"P-GP",120,0.255685929226585,0.23625905267217,22,450
4,576,"P-GP",120,0.0514927972665615,0.136328064730422,20,420
4,577,"P-GP",120,0.0514927972665615,0.105183404437665,12,300
4,578,"P-GP",120,0.0514927972665615,0.112833134378282,16,360
4,579,"P-GP",90,0.0514927972665615,0.217455388372362,24,450
4,580,"P-GP",120,0.0514927972665615,0.111536874524976,12,300
4,581,"P-GP",120,0,0.205700207639748,14,330
4,582,"P-GP",120,0.0257463986332808,0.140874315778764,16,360
4,583,"P-GP",120,0.0257463986332808,0.238542914477732,21,435
4,584,"P-GP",120,0.0514927972665615,0.123224110966094,12,300
4,585,"P-GP",120,0.0514927972665615,0.133026205301346,22,450
4,586,"P-GP",120,0.229939530593304,0.345624980930478,16,360
4,587,"P-GP",120,0.0514927972665615,0.139584411011444,19,405
4,588,"P-GP",120,0.0514927972665615,0.141596769875114,19,405
4,589,"P-GP",120,0.0514927972665615,0.165491136044665,14,330
4,590,"P-GP",90,0.200103945095721,0.200965195861526,24,450
4,591,"P-GP",120,1.17441605767686,0.183353817027455,11,285
4,592,"P-GP",120,1.05266747846643,0.203204055959729,5,195
4,593,"P-GP",120,0.200103945095721,0.176026708043426,19,405
4,594,"P-GP",120,0.0514927972665615,0.135775281559845,16,360
4,595,"P-GP",120,0.174357546462441,0.260574820525302,19,405
4,596,"P-GP",120,0.0514927972665615,0.166193997176376,13,315
4,597,"P-GP",120,0.0514927972665615,0.114493295201178,16,360
4,598,"P-GP",120,0.255685929226585,0.215393386464245,15,345
4,599,"P-GP",120,0.0257463986332808,0.178337701148625,15,345
4,600,"P-GP",120,0.229939530593304,0.199563076938608,15,345
4,601,"P-GP",120,0.0514927972665615,0.13965063909986,14,330
4,602,"P-GP",120,0.0514927972665615,0.1068532464913,13,315
4,603,"P-GP",104,0.183242019876149,0.225708889786285,23,449
4,604,"P-GP",120,0.0514927972665615,0.134250957903382,14,330
4,605,"P-GP",104,0.0514927972665615,0.195161410941485,23,449
4,606,"P-GP",120,0.0257463986332808,0.414145341566033,16,360
4,607,"P-GP",120,0.0514927972665615,0.103225547302161,15,345
4,608,"P-GP",120,0.488783009361216,0.251353584185018,19,405
4,609,"P-GP",120,0.0257463986332808,0.343712597156827,16,360
4,610,"P-GP",120,0.0514927972665615,0.101051689562607,12,300
4,611,"P-GP",120,0.0514927972665615,0.196663194571751,13,315
4,612,"P-GP",120,0.0514927972665615,0.180063908400384,11,285
4,613,"P-GP",120,0.174357546462441,0.71404620645473,11,285
4,614,"P-GP",120,0.183242019876149,0.155950108030282,19,405
4,615,"P-GP",120,0.174357546462441,0.200489966153992,19,405
4,616,"P-GP",120,0.0514927972665615,0.077697094302269,12,300
4,617,"P-GP",120,0.0514927972665615,0.178902621414928,14,330
4,618,"P-GP",120,0.488783009361216,0.311958532917393,12,300
4,619,"P-GP",120,0,0.252888545085485,19,405
4,620,"P-GP",120,0.157495621242869,0.179864952226913,18,390
4,621,"P-GP",120,0.829192011314632,0.173885972873789,11,285
4,622,"P-GP",120,0.921613320735482,0.128374476638598,9,255
4,623,"P-GP",120,0.0514927972665615,0.259288637049793,20,420
4,624,"P-GP",120,0.0257463986332808,0.239300176414471,21,435
4,625,"P-GP",120,0.0514927972665615,0.155244382149583,13,315
4,626,"P-GP",120,0,0.153090872186751,21,435
4,627,"P-GP",120,0.0257463986332808,0.120414181777082,16,360
4,628,"P-GP",120,0.0514927972665615,0.122059487851142,19,405
4,629,"P-GP",120,0,0.29432433624992,22,450
4,630,"P-GP",120,0.0257463986332808,0.383890910068924,12,300
4,631,"P-GP",120,0.0514927972665615,0.136536838234035,13,315
4,632,"P-GP",120,0.0514927972665615,0.148860736753327,13,315
4,633,"P-GP",90,0.174357546462441,0.178347922008979,24,450
4,634,"P-GP",120,0.0514927972665615,0.124613226423033,15,345
4,635,"P-GP",120,0,0.241565956527458,20,420
4,636,"P-GP",120,0.0514927972665615,0.143591362585341,14,330
4,637,"P-GP",120,0.0257463986332808,0.517169721471374,12,300
4,638,"P-GP",120,0.0514927972665615,0.144032132568431,22,450
4,639,"P-GP",120,0.243327186935991,0.154395264478781,15,345
4,640,"P-GP",104,0.0257463986332808,0.20409083068755,23,449
4,641,"P-GP",104,0.0514927972665615,0.14656331786312,23,449
4,642,"P-GP",120,0.0514927972665615,0.142078371847551,12,300
4,643,"P-GP",120,0.839612167375785,0.192589699696969,11,285
4,644,"P-GP",120,0.157495621242869,0.165140839619723,18,390
4,645,"P-GP",120,0,0.195881558030286,20,420
4,646,"P-GP",120,0.0257463986332808,0.145444727720604,19,405
4,647,"P-GP",120,0.505644934580788,0.653852894370641,11,285
4,648,"P-GP",120,0.0514927972665615,0.0913584126727706,15,345
4,649,"P-GP",104,0.0514927972665615,0.184237360853404,23,449
4,650,"P-GP",120,0,0.160447571161179,17,375
4,651,"P-GP",120,0.0257463986332808,0.205006859840139,17,375
4,652,"P-GP",120,0.839612167375785,0.159732904983352,11,285
4,653,"P-GP",120,0.0514927972665615,0.0977982615057126,12,300
4,654,"P-GP",120,0.0257463986332808,0.262522497617259,14,330
4,655,"P-GP",120,0.200103945095721,0.363844147102387,22,450
4,656,"P-GP",120,0.174357546462441,0.144455059265223,17,375
4,657,"P-GP",120,0.0514927972665615,0.150114784870012,16,360
4,658,"P-GP",120,0.0257463986332808,0.249573766472195,18,390
4,659,"P-GP",120,0,0.123432051086,18,390
4,660,"P-GP",120,0,0.407339917897763,14,330
4,661,"P-GP",120,0.174357546462441,0.328018218622529,12,300
4,662,"P-GP",120,0.0514927972665615,0.127197917870735,14,330
4,663,"P-GP",120,0.0257463986332808,0.153029413886862,17,375
4,664,"P-GP",120,0,0.316863935958427,15,345
4,665,"P-GP",120,0.0257463986332808,0.141782056720685,20,420
4,666,"P-GP",120,0,0.192549216702813,19,405
4,667,"P-GP",120,0.200103945095721,0.164619229658067,18,390
4,668,"P-GP",120,0.0514927972665615,0.0991683778521536,16,360
4,669,"P-GP",120,0.0514927972665615,0.0948908491479029,17,375
4,670,"P-GP",120,0.0257463986332808,0.181447518252348,19,405
4,671,"P-GP",120,0.750913711902666,0.242287078414916,11,285
4,672,"P-GP",120,0.0514927972665615,0.214923244273598,13,315
4,673,"P-GP",120,0.200103945095721,0.243709456488024,19,405
4,674,"P-GP",104,0.0514927972665615,0.236073545397341,23,449
4,675,"P-GP",120,0.921613320735482,0.106310649661187,11,285
4,676,"P-GP",104,0.0514927972665615,0.160473512703593,23,449
4,677,"P-GP",120,0.0514927972665615,0.124794407568772,13,315
4,678,"P-GP",120,0.0257463986332808,0.192596419143961,18,390
4,679,"P-GP",120,0.0514927972665615,0.13152581311593,17,375
4,680,"P-GP",120,0.0514927972665615,0.247104703666641,12,300
4,681,"P-GP",120,0.0514927972665615,0.272843032508972,17,375
4,682,"P-GP",120,0.0514927972665615,0.106980031836368,17,375
4,683,"P-GP",120,0.839612167375785,0.195912083170448,12,300
4,684,"P-GP",120,0.0257463986332808,0.157115457480892,20,420
4,685,"P-GP",120,0.0257463986332808,0.157553748748663,20,420
4,686,"P-GP",104,0.0257463986332808,0.173500160881252,23,449
4,687,"P-GP",120,0.0257463986332808,0.172671493578722,18,390
4,688,"P-GP",120,0.839612167375785,0.146199803377238,9,255
4,689,"P-GP",120,0.620295747957849,0.375171098858722,11,285
4,690,"P-GP",120,0.548868176421058,0.351032054379929,11,285
4,691,"P-GP",120,0.0514927972665615,0.100853975425893,14,330
4,692,"P-GP",120,0,0.187986318320981,14,330
4,693,"P-GP",120,0.666067830612171,0.315474238011963,12,300
4,694,"P-GP",120,0.0514927972665615,0.13674822877769,14,330
4,695,"P-GP",120,0.0514927972665615,0.106878040444404,15,345
4,696,"P-GP",120,0.839612167375785,0.206935519022498,11,285
4,697,"P-GP",120,0.174357546462441,0.127304356616781,13,315
4,698,"P-GP",120,0.200103945095721,0.212306576894788,20,420
4,699,"P-GP",120,0.0514927972665615,0.102207767778694,18,390
4,700,"P-GP",120,0.0257463986332808,0.161671825904049,16,360
4,701,"P-GP",120,0.0514927972665615,0.10584800595093,15,345
4,702,"P-GP",120,0.0514927972665615,0.15896177699931,17,375
4,703,"P-GP",104,0.0514927972665615,0.18376646295886,23,449
4,704,"P-GP",120,0.0514927972665615,0.132590875212639,12,300
4,705,"P-GP",120,0.0514927972665615,0.434116256106629,12,300
4,706,"P-GP",90,0.174357546462441,0.238554101584498,24,450
4,707,"P-GP",120,0.0257463986332808,0.234099273845987,22,450
4,708,"P-GP",120,0.921613320735482,0.124716057647408,12,300
4,709,"P-GP",120,0.0257463986332808,0.177248140019327,20,420
4,710,"P-GP",120,0.0257463986332808,0.133453377749245,20,420
4,711,"P-GP",120,0.183242019876149,0.174421907908842,20,420
4,712,"P-GP",120,0.0257463986332808,0.192984806660343,14,330
4,713,"P-GP",120,0.0257463986332808,0.227204516101092,18,390
4,714,"P-GP",120,0.0514927972665615,0.109086411495838,12,300
4,715,"P-GP",120,0.527733395584444,0.400095710422598,11,285
4,716,"P-GP",120,0,0.188400787713762,17,375
4,717,"P-GP",120,0.0257463986332808,0.178734693623485,17,375
4,718,"P-GP",120,0.839612167375785,0.193005442559845,11,285
4,719,"P-GP",120,0.0514927972665615,0.104763348708733,20,420
4,720,"P-GP",120,0.174357546462441,0.18961858856729,15,345
4,721,"P-GP",120,0.0257463986332808,0.141734305516943,16,360
4,722,"P-GP",104,0.0257463986332808,0.215515969698369,23,449
4,723,"P-GP",90,0.21758078830271,0.318377658116647,24,450
4,724,"P-GP",120,0.0257463986332808,0.546935312556113,13,315
4,725,"P-GP",120,0.0514927972665615,0.100707461299172,14,330
4,726,"P-GP",120,0.0514927972665615,0.149422555356435,16,360
4,727,"P-GP",120,0.0514927972665615,0.0943935352165064,14,330
4,728,"P-GP",120,0.0514927972665615,0.159657731523388,13,315
4,729,"P-GP",120,0.183242019876149,0.159494278910021,17,375
4,730,"P-GP",120,0.0514927972665615,0.0964325439493363,21,435
4,731,"P-GP",120,0.174357546462441,0.131236539853697,15,345
4,732,"P-GP",120,0.0257463986332808,0.308751454586175,20,420
4,733,"P-GP",104,0.0514927972665615,0.116729530771677,23,449
4,734,"P-GP",120,0.0514927972665615,0.138294335460978,12,300
4,735,"P-GP",120,0,0.156106780562954,22,450
4,736,"P-GP",120,0.0257463986332808,0.142486368642486,17,375
4,737,"P-GP",120,0.0514927972665615,0.150563840964774,18,390
4,738,"P-GP",120,0.0514927972665615,0.114866702694111,12,300
4,739,"P-GP",120,0.0514927972665615,0.138812417577605,12,300
4,740,"P-GP",90,0.0514927972665615,0.214019121227331,24,450
4,741,"P-GP",104,0.0514927972665615,0.140095486521497,23,449
4,742,"P-GP",120,0.0257463986332808,0.166689120097556,13,315
4,743,"P-GP",120,0.0514927972665615,0.117110060016339,15,345
4,744,"P-GP",120,0.0257463986332808,0.180618171596539,19,405
4,745,"P-GP",120,0.0257463986332808,0.149119116381011,15,345
4,746,"P-GP",120,0.838053810938837,0.182443740647449,14,330
4,747,"P-GP",120,0.200103945095721,0.25508314447357,17,375
4,748,"P-GP",120,0.839612167375785,0.138783999420553,12,300
4,749,"P-GP",120,0.0257463986332808,0.122733195742086,15,345
4,750,"P-GP",120,0,0.192495125403653,19,405
4,751,"P-GP",120,0.229939530593304,0.25749782301501,18,390
4,752,"P-GP",120,0.174357546462441,0.252780030696857,16,360
4,753,"P-GP",120,0.314991242485737,0.718655611388881,11,285
4,754,"P-GP",120,0.0514927972665615,0.965444618093948,11,285
4,755,"P-GP",120,0.0514927972665615,0.22835516946265,11,285
4,756,"P-GP",104,0.0257463986332808,0.181252356029453,23,449
4,757,"P-GP",120,0,0.212743960220884,15,345
4,758,"P-GP",120,0.0514927972665615,0.164152204341657,18,390
4,759,"P-GP",120,0.174357546462441,0.164286442944535,17,375
4,760,"P-GP",120,0.174357546462441,0.205446892883422,12,300
4,761,"P-GP",120,0.0514927972665615,0.128601108575443,15,345
4,762,"P-GP",120,0.0514927972665615,0.112463893115009,13,315
4,763,"P-GP",120,0.0514927972665615,0.150321558915766,14,330
4,764,"P-GP",120,0.0257463986332808,0.212952137041436,14,330
4,765,"P-GP",120,0.0514927972665615,0.165737101509923,17,375
4,766,"P-GP",120,0.0514927972665615,0.0970218940644802,13,315
4,767,"P-GP",120,0.0257463986332808,0.238337433178365,19,405
4,768,"P-GP",120,0.0514927972665615,0.190002713690735,16,360
4,769,"P-GP",120,0.200103945095721,0.162887340209845,19,405
4,770,"P-GP",120,0.0257463986332808,0.196375905621764,22,450
4,771,"P-GP",120,0.921613320735482,0.108720694528935,11,285
4,772,"P-GP",120,0.0514927972665615,0.189533200667258,13,315
4,773,"P-GP",120,0.0257463986332808,0.278740856347782,22,450
4,774,"P-GP",120,0.174357546462441,0.207902428730551,14,330
4,775,"P-GP",120,0.0257463986332808,0.135124393295506,17,375
4,776,"P-GP",120,0.0514927972665615,0.274402451543785,11,285
4,777,"P-GP",120,0.174357546462441,0.180898210166229,14,330
4,778,"P-GP",120,0.0514927972665615,0.151001753602189,14,330
4,779,"P-GP",104,0.0257463986332808,0.278999362033237,23,449
4,780,"P-GP",120,0.0257463986332808,0.170896769529092,17,375
4,781,"P-GP",120,0,0.14234811715109,21,435
4,782,"P-GP",120,0,0.222525888344618,17,375
4,783,"P-GP",120,0.314991242485737,0.249389527273696,18,390
4,784,"P-GP",104,0.0514927972665615,0.144473774217577,23,449
4,785,"P-GP",120,0.0257463986332808,0.44419672928401,11,285
4,786,"P-GP",120,0.0257463986332808,0.215556977808342,16,360
4,787,"P-GP",120,0.174357546462441,0.958169330106822,11,285
4,788,"P-GP",120,0.0257463986332808,0.182786093245303,19,405
4,789,"P-GP",120,0.0257463986332808,0.205422726881881,17,375
4,790,"P-GP",120,0.357033786751628,0.25105585582292,13,315
4,791,"P-GP",120,0.0257463986332808,0.380605568075216,21,435
4,792,"P-GP",120,0.0257463986332808,0.228176940841645,19,405
4,793,"P-GP",120,0.0514927972665615,0.173691182672864,20,420
4,794,"P-GP",120,0.921613320735482,0.180965315295431,11,285
4,795,"P-GP",104,0.0514927972665615,0.130181277181749,23,449
4,796,"P-GP",104,0.0257463986332808,0.206059051213565,23,449
4,797,"P-GP",120,0.0257463986332808,0.137095993593092,14,330
4,798,"P-GP",90,0.0257463986332808,0.24839659187363,24,450
4,799,"P-GP",120,0.0257463986332808,0.350077030021601,16,360
4,800,"P-GP",120,0.0514927972665615,0.0954762725095769,17,375
4,801,"P-GP",120,0.0514927972665615,0.116585802614329,13,315
4,802,"P-GP",120,0,0.205017284586206,21,435
4,803,"P-GP",120,0.0257463986332808,0.183759959394489,18,390
4,804,"P-GP",120,0.255685929226585,0.905760291239896,11,285
4,805,"P-GP",120,0.807458197325955,0.120452707005354,15,345
4,806,"P-GP",120,0.200103945095721,0.176663747117089,21,435
4,807,"P-GP",120,0.0514927972665615,0.198560247339286,15,345
4,808,"P-GP",120,0.0257463986332808,0.15428374995221,16,360
4,809,"P-GP",120,0,0.147994565764329,15,345
4,810,"P-GP",120,0.0257463986332808,0.152846890914847,18,390
4,811,"P-GP",120,0.0514927972665615,0.135236595473258,14,330
4,812,"P-GP",120,0,0.122253486624386,15,345
4,813,"P-GP",120,0.956811821566899,0.111392667565567,11,285
4,814,"P-GP",120,0.157495621242869,0.227781336057932,20,420
4,815,"P-GP",120,0.839612167375785,0.106528630969884,11,285
4,816,"P-GP",120,0.839612167375785,0.191789197283727,11,285
4,817,"P-GP",120,0.0514927972665615,0.169423991886555,15,345
4,818,"P-GP",120,0.917530946980604,0.167509916641213,13,315
4,819,"P-GP",120,0.0514927972665615,0.0983515875005067,13,315
4,820,"P-GP",120,0.0257463986332808,0.22946680903563,16,360
4,821,"P-GP",104,0.174357546462441,0.253130236559583,23,449
4,822,"P-GP",120,0.0514927972665615,0.109355464360298,14,330
4,823,"P-GP",104,0.0514927972665615,0.151984862409043,23,449
4,824,"P-GP",120,0.174357546462441,0.296297710252991,20,420
4,825,"P-GP",120,0.0514927972665615,0.134245117386105,18,390
4,826,"P-GP",120,0.0257463986332808,0.137825714712984,13,315
4,827,"P-GP",120,0.0257463986332808,0.169546223735177,15,345
4,828,"P-GP",120,0.0257463986332808,0.206268208142608,21,435
4,829,"P-GP",120,0.0514927972665615,0.108955718519646,15,345
4,830,"P-GP",120,0.0257463986332808,0.165107972382566,17,375
4,831,"P-GP",120,0.0257463986332808,0.159063318251365,22,450
4,832,"P-GP",120,0.561226918711652,0.277483564982061,11,285
4,833,"P-GP",120,0.0514927972665615,0.108592152719323,13,315
4,834,"P-GP",120,0.174357546462441,0.20381423814347,19,405
4,835,"P-GP",120,0.0514927972665615,0.132002653203545,19,405
4,836,"P-GP",120,0.0257463986332808,0.182774037361688,22,450
4,837,"P-GP",120,0.157495621242869,0.185589819366055,12,300
4,838,"P-GP",120,0.0514927972665615,0.116506353447296,18,390
4,839,"P-GP",120,0.839612167375785,0.160868546332085,11,285
4,840,"P-GP",120,0,0.194997713289511,20,420
4,841,"P-GP",120,0.0257463986332808,0.216165745476609,16,360
4,842,"P-GP",120,0.183242019876149,0.152586200309749,19,405
4,843,"P-GP",120,0.0257463986332808,0.272792107087705,19,405
4,844,"P-GP",120,0.839612167375785,0.201908385518629,11,285
4,845,"P-GP",120,0.0257463986332808,0.201140616364997,19,405
4,846,"P-GP",120,0.0257463986332808,0.159833895418618,22,450
4,847,"P-GP",120,0.505644934580788,0.577559057961296,13,315
4,848,"P-GP",120,0.183242019876149,0.183895282049267,19,405
4,849,"P-GP",120,0.0257463986332808,0.237320925590376,13,315
4,850,"P-GP",120,0.839612167375785,0.18961719414331,11,285
4,851,"P-GP",120,0.0257463986332808,0.226224306886848,22,450
4,852,"P-GP",90,0.0514927972665615,0.323981750757154,24,450
4,853,"P-GP",120,0.0514927972665615,0.133952880251584,15,345
4,854,"P-GP",120,0,0.174827152793399,19,405
4,855,"P-GP",120,0,0.140916097039987,16,360
4,856,"P-GP",120,0.921613320735482,0.10811359582279,10,270
4,857,"P-GP",120,0.0257463986332808,0.128596647976304,21,435
4,858,"P-GP",120,0.174357546462441,0.184104038525748,13,315
4,859,"P-GP",120,0.255685929226585,0.238623906572899,17,375
4,860,"P-GP",120,0.0514927972665615,0.0943853778876609,16,360
4,861,"P-GP",120,0.0514927972665615,0.111050627097639,14,330
4,862,"P-GP",120,0.0257463986332808,0.157847883435153,17,375
4,863,"P-GP",120,0.0514927972665615,0.11077418008914,12,300
4,864,"P-GP",120,0.0514927972665615,0.124959804957378,19,405
4,865,"P-GP",120,0.0257463986332808,0.19653233392701,22,450
4,866,"P-GP",120,0.0514927972665615,0.202749835865996,12,300
4,867,"P-GP",104,0.0257463986332808,0.367034831761028,23,449
4,868,"P-GP",120,0.0514927972665615,0.103138195132128,12,300
4,869,"P-GP",120,0.0257463986332808,0.138632324424164,22,450
4,870,"P-GP",120,0.0514927972665615,0.176714591580205,13,315
4,871,"P-GP",120,0.0514927972665615,0.200909487717942,17,375
4,872,"P-GP",120,0.0257463986332808,0.269433748418919,21,435
4,873,"P-GP",120,0.0257463986332808,0.184068600895098,17,375
4,874,"P-GP",120,0.0514927972665615,0.13391663561261,15,345
4,875,"P-GP",120,0.174357546462441,0.195657024116175,14,330
4,876,"P-GP",120,0.0514927972665615,0.227129712856831,11,285
4,877,"P-GP",120,0.0514927972665615,0.143417433529082,16,360
4,878,"P-GP",120,0.0514927972665615,0.231685233766787,19,405
4,879,"P-GP",120,0.0514927972665615,0.150973914919618,21,435
4,880,"P-GP",120,0.0514927972665615,0.151477484746365,19,405
4,881,"P-GP",120,0.0514927972665615,0.100752316348843,18,390
4,882,"P-GP",120,0.0257463986332808,0.228121788675132,19,405
4,883,"P-GP",120,0.0514927972665615,0.0946406948529232,15,345
4,884,"P-GP",120,0.0257463986332808,0.26990667382842,17,375
4,885,"P-GP",120,0.0514927972665615,0.133777974301317,18,390
4,886,"P-GP",120,0.0514927972665615,0.194715374215956,20,420
4,887,"P-GP",120,0.0514927972665615,0.164467854119628,11,285
4,888,"P-GP",120,0.0514927972665615,0.185774415301494,15,345
4,889,"P-GP",120,0.0257463986332808,0.164264118884073,21,435
4,890,"P-GP",120,0.527733395584444,0.402067605968703,15,345
4,891,"P-GP",120,0.174357546462441,0.190896529521725,20,420
4,892,"P-GP",120,0,0.265344277203365,17,375
4,893,"P-GP",120,0.0257463986332808,0.142749320133071,14,330
4,894,"P-GP",120,0.50676642282049,0.543978293019321,11,285
4,895,"P-GP",120,0,0.219287090895662,19,405
4,896,"P-GP",120,0.0514927972665615,0.160029012640195,20,420
4,897,"P-GP",120,0.0257463986332808,0.141446710147845,18,390
4,898,"P-GP",120,0,0.141112670323854,18,390
4,899,"P-GP",120,0.0257463986332808,0.195744867340183,18,390
4,900,"P-GP",90,0.243327186935991,0.219183124601149,24,450
4,901,"P-GP",120,0.0514927972665615,0.118464774492695,21,435
4,902,"P-GP",120,1.20836087231394,0.145200965950468,8,240
4,903,"P-GP",120,0.0514927972665615,0.120593965923474,14,330
4,904,"P-GP",104,0.0257463986332808,0.231555011929945,23,449
4,905,"P-GP",120,0.157495621242869,0.290192696725837,22,450
4,906,"P-GP",120,0.174357546462441,0.228166620618786,14,330
4,907,"P-GP",120,0.0514927972665615,0.089852767638591,15,345
4,908,"P-GP",120,0,0.177526706810264,17,375
4,909,"P-GP",120,0.0514927972665615,0.130015613186238,17,375
4,910,"P-GP",120,0.174357546462441,0.215749046873095,16,360
4,911,"P-GP",120,0.0257463986332808,0.16998208997117,18,390
4,912,"P-GP",120,0.0257463986332808,0.148725602221696,18,390
4,913,"P-GP",104,0.0514927972665615,0.144358794916956,23,449
4,914,"P-GP",120,0,0.164068087925558,17,375
4,915,"P-GP",90,0.0514927972665615,0.224447570798431,24,450
4,916,"P-GP",120,0,0.184359650157763,14,330
4,917,"P-GP",120,0.174357546462441,0.190383362516388,14,330
4,918,"P-GP",120,0,0.15803502969642,15,345
4,919,"P-GP",120,0.0514927972665615,0.215291805251562,19,405
4,920,"P-GP",120,0.157495621242869,0.194099697854025,22,450
4,921,"P-GP",90,0.255685929226585,0.192396171891344,24,450
4,922,"P-GP",120,0.0514927972665615,0.209741579163207,20,420
4,923,"P-GP",120,0,0.219230944312498,20,420
4,924,"P-GP",120,0,0.16391513586727,21,435
4,925,"P-GP",120,0.183242019876149,0.178265124858664,17,375
4,926,"P-GP",120,0.839612167375785,0.182668735455262,11,285
4,927,"P-GP",120,0.0257463986332808,0.163804563100687,19,405
4,928,"P-GP",120,0.0514927972665615,0.106491218839355,14,330
4,929,"P-GP",120,0.0514927972665615,0.259643962614235,14,330
4,930,"P-GP",120,0.0514927972665615,0.195740597235892,22,450
4,931,"P-GP",120,0.0514927972665615,0.166538096708733,18,390
4,932,"P-GP",120,0.0514927972665615,0.145860820549109,13,315
4,933,"P-GP",120,0.921613320735482,0.140623013826999,11,285
4,934,"P-GP",120,0.0514927972665615,0.129892327909275,19,405
4,935,"P-GP",120,0.200103945095721,0.151898587284327,21,435
4,936,"P-GP",120,0.0514927972665615,0.154412407600514,20,420
4,937,"P-GP",120,0.0514927972665615,0.0946134822521879,14,330
4,938,"P-GP",120,0.0514927972665615,0.154329355036675,18,390
4,939,"P-GP",120,0.357033786751628,0.190249726902289,12,300
4,940,"P-GP",120,0.0514927972665615,0.164677891274754,11,285
4,941,"P-GP",120,0.0514927972665615,0.150115913899076,12,300
4,942,"P-GP",104,0.0257463986332808,0.23006886938576,23,449
4,943,"P-GP",120,0.0257463986332808,0.166356269361401,19,405
4,944,"P-GP",120,0.0514927972665615,0.0981282315599513,12,300
4,945,"P-GP",120,0.0514927972665615,0.0980916072850088,17,375
4,946,"P-GP",120,0.0257463986332808,0.232891171314079,18,390
4,947,"P-GP",120,0,0.263396709377369,17,375
4,948,"P-GP",120,0.0257463986332808,0.3245728861764,19,405
4,949,"P-GP",90,0.0514927972665615,0.360525323194112,24,450
4,950,"P-GP",120,0.0514927972665615,0.125440905723513,16,360
4,951,"P-GP",120,0.0257463986332808,0.203597288734087,16,360
4,952,"P-GP",120,0.174357546462441,0.252298740382519,16,360
4,953,"P-GP",120,0.833274385069511,0.123973540472276,11,285
4,954,"P-GP",120,0.0514927972665615,0.172508423082304,17,375
4,955,"P-GP",120,0.0257463986332808,0.1723652554462,17,375
4,956,"P-GP",120,0.0514927972665615,0.147405332384176,20,420
4,957,"P-GP",120,0,0.18265191332942,18,390
4,958,"P-GP",120,0.255685929226585,0.222793118745438,12,300
4,959,"P-GP",120,0.0514927972665615,0.103081639455165,22,450
4,960,"P-GP",120,0.200103945095721,0.143053675534846,16,360
4,961,"P-GP",104,0.0514927972665615,0.163100236346829,23,449
4,962,"P-GP",120,0.0514927972665615,0.139015938375257,12,300
4,963,"P-GP",120,0.0514927972665615,0.169454835847964,15,345
4,964,"P-GP",120,0.921613320735482,0.149170938475037,11,285
4,965,"P-GP",120,0.0514927972665615,0.122912009233874,17,375
4,966,"P-GP",120,0.833274385069511,0.182663196965103,11,285
4,967,"P-GP",120,0.0514927972665615,0.210276104673891,18,390
4,968,"P-GP",120,0,0.172015858015915,17,375
4,969,"P-GP",120,0.0514927972665615,0.142647526651684,21,435
4,970,"P-GP",120,0,0.17250819105221,15,345
4,971,"P-GP",120,0,0.136029552238715,18,390
4,972,"P-GP",120,0.0514927972665615,0.189054576507617,13,315
4,973,"P-GP",120,0.0514927972665615,0.194603581937547,11,285
4,974,"P-GP",104,0.0257463986332808,0.15643653720633,23,449
4,975,"P-GP",120,0.174357546462441,0.208630505321984,18,390
4,976,"P-GP",120,0.0514927972665615,0.102708111691211,14,330
4,977,"P-GP",120,0,0.232264510212981,22,450
4,978,"P-GP",120,0.839612167375785,0.190871431521532,11,285
4,979,"P-GP",120,0.0514927972665615,0.104496720849752,14,330
4,980,"P-GP",120,0.0514927972665615,0.113160535521697,14,330
4,981,"P-GP",120,0,0.166706440849142,18,390
4,982,"P-GP",120,0,0.188536654116084,15,345
4,983,"P-GP",120,0.174357546462441,0.196278139769343,19,405
4,984,"P-GP",120,0.0257463986332808,0.19115023409814,18,390
4,985,"P-GP",120,0.0514927972665615,0.10365821222917,12,300
4,986,"P-GP",120,0.839612167375785,0.218139289387025,9,255
4,987,"P-GP",120,0.0514927972665615,0.0849775812895196,15,345
4,988,"P-GP",120,0.174357546462441,0.272408610068726,18,390
4,989,"P-GP",120,0.839612167375785,0.190957137459886,11,285
4,990,"P-GP",120,0.0257463986332808,0.318081406613355,12,300
4,991,"P-GP",120,0.0257463986332808,0.389335065947849,22,450
4,992,"P-GP",120,0.0514927972665615,0.204711917762993,17,375
4,993,"P-GP",120,0.0514927972665615,0.110758475000081,14,330
4,994,"P-GP",120,0.183242019876149,0.18550263721773,14,330
4,995,"P-GP",120,0.0257463986332808,0.199086101647851,15,345
4,996,"P-GP",120,0.0514927972665615,0.131910905896455,12,300
4,997,"P-GP",120,0.0514927972665615,0.156747866857903,15,345
4,998,"P-GP",120,0.0514927972665615,0.111519963031079,16,360
4,999,"P-GP",120,0.0257463986332808,0.129987707881194,17,375
4,1000,"P-GP",120,0.0514927972665615,0.156153978695847,22,450
4,1,"S-GP",120,0.0514927972665615,0.110850141033397,20,420
4,2,"S-GP",120,0.0514927972665615,0.0902879918804319,16,360
4,3,"S-GP",120,0.0514927972665615,0.100556364274864,17,375
4,4,"S-GP",120,0.0514927972665615,0.0889601115415904,19,405
4,5,"S-GP",120,0.839612167375785,0.191159542280793,10,270
4,6,"S-GP",120,0.0514927972665615,0.108360263313316,17,375
4,7,"S-GP",120,0.0514927972665615,0.097163042908243,16,360
4,8,"S-GP",120,0.174357546462441,0.207194432419373,21,435
4,9,"S-GP",120,0.0514927972665615,0.208160168877503,11,285
4,10,"S-GP",120,0.0514927972665615,0.102163274632522,17,375
4,11,"S-GP",120,0.0514927972665615,0.283035660134073,19,405
4,12,"S-GP",120,0.0514927972665615,0.0813006604085474,16,360
4,13,"S-GP",120,0.0514927972665615,1.04756700248054,11,285
4,14,"S-GP",120,0.0514927972665615,0.0772685532410212,17,375
4,15,"S-GP",120,0.839612167375785,0.200041941063218,11,285
4,16,"S-GP",120,0.839612167375785,0.195998290451137,9,255
4,17,"S-GP",120,0.174357546462441,0.202284417815782,13,315
4,18,"S-GP",120,0.0514927972665615,0.15454723477379,17,375
4,19,"S-GP",120,0.174357546462441,0.233134392229057,18,390
4,20,"S-GP",120,0.174357546462441,0.94413869053722,11,285
4,21,"S-GP",120,0.0514927972665615,0.20684577827845,12,300
4,22,"S-GP",104,0.0514927972665615,0.273345624947766,23,449
4,23,"S-GP",120,0.0514927972665615,0.105663448767217,19,405
4,24,"S-GP",120,0.839612167375785,0.193673346182671,10,270
4,25,"S-GP",120,0.174357546462441,0.204387924504732,14,330
4,26,"S-GP",120,0.174357546462441,0.216356670629554,17,375
4,27,"S-GP",120,0.0514927972665615,0.0795833119319192,22,450
4,28,"S-GP",120,0.0514927972665615,0.147153955720244,18,390
4,29,"S-GP",120,0.174357546462441,0.216714095079848,19,405
4,30,"S-GP",120,0.0514927972665615,0.102243949180159,17,375
4,31,"S-GP",120,0.174357546462441,0.202382791004454,20,420
4,32,"S-GP",120,0.174357546462441,0.197682874949926,16,360
4,33,"S-GP",120,0.0514927972665615,0.0947038187731156,20,420
4,34,"S-GP",120,0.0514927972665615,0.302852995794035,19,405
4,35,"S-GP",120,0.0514927972665615,0.076236453212132,12,300
4,36,"S-GP",120,0.0514927972665615,0.146631876329616,22,450
4,37,"S-GP",120,0.839612167375785,0.192942549464889,10,270
4,38,"S-GP",120,0.0514927972665615,0.172555085845141,16,360
4,39,"S-GP",120,0.0514927972665615,0.122321133100709,11,285
4,40,"S-GP",120,0.0514927972665615,0.0936435326456846,16,360
4,41,"S-GP",120,0.314991242485737,0.193875011523725,16,360
4,42,"S-GP",120,0.174357546462441,0.210436841316501,21,435
4,43,"S-GP",120,0.839612167375785,0.194196923952994,11,285
4,44,"S-GP",120,0.0514927972665615,0.206237122359552,11,285
4,45,"S-GP",120,0.174357546462441,0.207592809415153,21,435
4,46,"S-GP",120,0.0514927972665615,0.103185099092353,18,390
4,47,"S-GP",120,0.0514927972665615,0.0956405300876427,20,420
4,48,"S-GP",120,0.0514927972665615,0.125871790624925,19,405
4,49,"S-GP",120,0.174357546462441,0.215652008468691,16,360
4,50,"S-GP",104,0.314991242485737,0.339081325284849,23,449
4,51,"S-GP",120,0.0514927972665615,0.096573962222976,20,420
4,52,"S-GP",120,0.0514927972665615,0.136772034197028,16,360
4,53,"S-GP",120,0.174357546462441,0.194755905122857,14,330
4,54,"S-GP",120,0.0514927972665615,0.10410319399722,18,390
4,55,"S-GP",120,0.0514927972665615,0.0816850779042374,21,435
4,56,"S-GP",120,0.174357546462441,0.191031194979938,14,330
4,57,"S-GP",120,0.0514927972665615,0.122365716362441,12,300
4,58,"S-GP",120,0.0514927972665615,0.147185493530062,12,300
4,59,"S-GP",120,0.0514927972665615,0.105656414855656,12,300
4,60,"S-GP",120,0.0514927972665615,0.44193923332413,11,285
4,61,"S-GP",120,0.0514927972665615,0.129531629969261,17,375
4,62,"S-GP",120,0.174357546462441,0.200897825564697,17,375
4,63,"S-GP",120,0.174357546462441,0.201179590928377,17,375
4,64,"S-GP",120,0.314991242485737,0.0869191163523657,17,375
4,65,"S-GP",104,0.0514927972665615,0.165858451881981,23,449
4,66,"S-GP",120,0.0514927972665615,0.10787835477148,21,435
4,67,"S-GP",120,0.0514927972665615,0.109550745306926,15,345
4,68,"S-GP",120,0.0514927972665615,0.087544622378123,16,360
4,69,"S-GP",120,0.174357546462441,0.193899514680398,17,375
4,70,"S-GP",120,0.0514927972665615,0.169588595010737,12,300
4,71,"S-GP",120,0.314991242485737,0.120747667897207,22,450
4,72,"S-GP",120,0.0514927972665615,0.0812449732076863,20,420
4,73,"S-GP",120,0.0514927972665615,0.181887019922745,12,300
4,74,"S-GP",104,0.0514927972665615,0.126549786783269,23,449
4,75,"S-GP",104,0.0514927972665615,0.23390323242674,23,449
4,76,"S-GP",120,0.921613320735482,0.123775912856073,11,285
4,77,"S-GP",120,0.174357546462441,0.216123887763199,18,390
4,78,"S-GP",120,0.314991242485737,0.141667079937287,19,405
4,79,"S-GP",104,0.0514927972665615,0.113410759144488,23,449
4,80,"S-GP",120,0.0514927972665615,0.191770216641382,11,285
4,81,"S-GP",120,0.174357546462441,0.835611346865876,11,285
4,82,"S-GP",120,0.839612167375785,0.193929057955915,11,285
4,83,"S-GP",90,0.0514927972665615,0.141677397720953,24,450
4,84,"S-GP",120,0.0514927972665615,0.098094499517087,18,390
4,85,"S-GP",120,0.0514927972665615,0.108683581971453,17,375
4,86,"S-GP",120,0.174357546462441,0.371563920784235,15,345
4,87,"S-GP",120,0.0514927972665615,0.118303134031242,22,450
4,88,"S-GP",120,0.0514927972665615,0.133224322295022,16,360
4,89,"S-GP",120,0.174357546462441,0.215220330572083,20,420
4,90,"S-GP",120,0.0514927972665615,0.0773217037649409,16,360
4,91,"S-GP",120,0.0514927972665615,0.10005973977901,18,390
4,92,"S-GP",120,0.0514927972665615,0.106030886799131,15,345
4,93,"S-GP",120,0.0514927972665615,0.148984984622807,18,390
4,94,"S-GP",90,0.0514927972665615,0.307859152323881,24,450
4,95,"S-GP",120,0.839612167375785,0.236596304028523,11,285
4,96,"S-GP",120,0.0514927972665615,0.0950073792895747,20,420
4,97,"S-GP",120,0.174357546462441,0.198551387213424,17,375
4,98,"S-GP",120,0.0514927972665615,0.159281646934724,14,330
4,99,"S-GP",120,0.0514927972665615,0.101897632291633,13,315
4,100,"S-GP",120,0.174357546462441,0.215600353759507,16,360
4,101,"S-GP",120,0.0514927972665615,0.122063761499477,13,315
4,102,"S-GP",120,0.0514927972665615,0.124641626678272,17,375
4,103,"S-GP",120,0.0514927972665615,0.120427701291511,17,375
4,104,"S-GP",120,0.174357546462441,0.235924562451288,21,435
4,105,"S-GP",120,0.0514927972665615,0.124040737187139,14,330
4,106,"S-GP",120,0.0514927972665615,0.10089481189703,14,330
4,107,"S-GP",120,0.174357546462441,0.231897750656328,18,390
4,108,"S-GP",120,0.0514927972665615,0.0762667715328337,18,390
4,109,"S-GP",120,0.839612167375785,0.199799109212071,11,285
4,110,"S-GP",120,0.0514927972665615,0.115368450315227,19,405
4,111,"S-GP",120,0.0514927972665615,0.164009837633121,19,405
4,112,"S-GP",120,1.25808937658307,0.152854155456073,11,285
4,113,"S-GP",120,0.0514927972665615,0.0807521755057125,20,420
4,114,"S-GP",90,0.174357546462441,0.242913523637039,24,450
4,115,"S-GP",120,0.0514927972665615,0.164869034344311,17,375
4,116,"S-GP",120,0.0514927972665615,0.209666181420685,19,405
4,117,"S-GP",120,0.0514927972665615,0.121269146347949,17,375
4,118,"S-GP",120,0.0514927972665615,0.119413009186005,12,300
4,119,"S-GP",90,0.0514927972665615,0.128506038833352,24,450
4,120,"S-GP",120,0.0514927972665615,0.112271759442374,15,345
4,121,"S-GP",120,0.0514927972665615,0.0919614965221922,18,390
4,122,"S-GP",120,0.174357546462441,0.198543264332255,16,360
4,123,"S-GP",120,0.0514927972665615,0.0828176103690865,17,375
4,124,"S-GP",120,0.0514927972665615,0.403507787944769,11,285
4,125,"S-GP",120,0.0514927972665615,0.124076892610154,17,375
4,126,"S-GP",120,0.0514927972665615,0.118990914902369,17,375
4,127,"S-GP",120,0.0514927972665615,0.169528939553051,18,390
4,128,"S-GP",120,0.0514927972665615,0.119030437947801,19,405
4,129,"S-GP",120,0.0514927972665615,0.25329577115465,16,360
4,130,"S-GP",120,0.0514927972665615,0.0803087765536656,20,420
4,131,"S-GP",90,0.174357546462441,0.268487701250236,24,450
4,132,"S-GP",120,0.0514927972665615,0.0879020105698557,13,315
4,133,"S-GP",120,0.174357546462441,0.255585272286689,20,420
4,134,"S-GP",120,0.0514927972665615,0.431310106005358,12,300
4,135,"S-GP",120,0.0514927972665615,0.20229527527645,16,360
4,136,"S-GP",120,0.0514927972665615,0.0948000525214802,18,390
4,137,"S-GP",120,0.174357546462441,0.249186766010035,20,420
4,138,"S-GP",120,1.07183869928071,0.187820203700685,11,285
4,139,"S-GP",120,0.0514927972665615,0.212239244997035,12,300
4,140,"S-GP",120,0.0514927972665615,0.123308593437281,18,390
4,141,"S-GP",120,0.839612167375785,0.198903207608327,11,285
4,142,"S-GP",120,0.0514927972665615,0.0932041949179722,21,435
4,143,"S-GP",120,0.0514927972665615,0.0990852544450047,19,405
4,144,"S-GP",120,0.0514927972665615,0.220212241132044,22,450
4,145,"S-GP",120,0.0514927972665615,0.119806972447822,13,315
4,146,"S-GP",120,0.0514927972665615,0.0964543361601992,14,330
4,147,"S-GP",120,0.0514927972665615,0.10361080321581,14,330
4,148,"S-GP",120,0.0514927972665615,0.100554788725452,22,450
4,149,"S-GP",90,0.0514927972665615,0.122562282816066,24,450
4,150,"S-GP",120,0.0514927972665615,0.10517713237026,17,375
4,151,"S-GP",120,0.174357546462441,0.233656591312986,14,330
4,152,"S-GP",104,0.0514927972665615,0.194192144896804,23,449
4,153,"S-GP",120,0.839612167375785,0.223635618301062,12,300
4,154,"S-GP",120,0.174357546462441,0.199610501450501,17,375
4,155,"S-GP",120,0.0514927972665615,0.125129093893967,15,345
4,156,"S-GP",120,0.839612167375785,0.191312914158329,11,285
4,157,"S-GP",120,0.0514927972665615,0.138527739750056,15,345
4,158,"S-GP",120,0.839612167375785,0.205416713567333,11,285
4,159,"S-GP",120,0.839612167375785,0.201487165195336,10,270
4,160,"S-GP",120,0.839612167375785,0.196114753609626,11,285
4,161,"S-GP",120,0.174357546462441,0.214635043414015,14,330
4,162,"S-GP",120,0.174357546462441,0.217473947010698,17,375
4,163,"S-GP",120,0.921613320735482,0.132971831002112,9,255
4,164,"S-GP",120,0.0514927972665615,0.140303930015372,16,360
4,165,"S-GP",120,0.0514927972665615,0.124150285842657,20,420
4,166,"S-GP",90,0.0514927972665615,0.15527374213615,24,450
4,167,"S-GP",120,0.174357546462441,0.212539466319354,20,420
4,168,"S-GP",104,0.0514927972665615,0.17699769754463,23,449
4,169,"S-GP",120,0.0514927972665615,0.0959211571665956,18,390
4,170,"S-GP",120,0.0514927972665615,0.173538211157732,14,330
4,171,"S-GP",120,0.0514927972665615,0.127525528637994,20,420
4,172,"S-GP",120,0.0514927972665615,0.119275550274614,19,405
4,173,"S-GP",120,0.0514927972665615,0.103892669299831,12,300
4,174,"S-GP",120,0.0514927972665615,0.11556379316879,17,375
4,175,"S-GP",120,0.0514927972665615,0.141112629278482,19,405
4,176,"S-GP",120,0.0514927972665615,0.0933577668612537,15,345
4,177,"S-GP",120,0.0514927972665615,0.0843293322416812,17,375
4,178,"S-GP",120,0.174357546462441,0.202924322694903,20,420
4,179,"S-GP",120,0.0514927972665615,0.0908030759699428,18,390
4,180,"S-GP",120,0.0514927972665615,0.170486547857648,11,285
4,181,"S-GP",120,0.0514927972665615,1.05326688055446,11,285
4,182,"S-GP",120,0.839612167375785,0.198813642063594,10,270
4,183,"S-GP",120,0.0514927972665615,0.153561630478155,19,405
4,184,"S-GP",120,0.0514927972665615,0.320314910070849,10,270
4,185,"S-GP",120,0.0514927972665615,0.101805316504444,14,330
4,186,"S-GP",120,0.174357546462441,0.199634913783004,13,315
4,187,"S-GP",120,0.174357546462441,0.192732150442246,15,345
4,188,"S-GP",120,0.0514927972665615,0.145995278788125,14,330
4,189,"S-GP",120,0.174357546462441,0.191442060157159,12,300
4,190,"S-GP",120,0.0514927972665615,0.0795651608686642,14,330
4,191,"S-GP",120,0.174357546462441,0.272969835482644,18,390
4,192,"S-GP",120,0.174357546462441,0.297794279591332,12,300
4,193,"S-GP",120,0.174357546462441,0.19861168131975,15,345
4,194,"S-GP",120,0.174357546462441,0.194651791221031,21,435
4,195,"S-GP",120,0.0514927972665615,0.0966868690775841,13,315
4,196,"S-GP",120,0.0514927972665615,0.12457693043782,19,405
4,197,"S-GP",120,0.174357546462441,0.193693398547532,15,345
4,198,"S-GP",120,0.0514927972665615,0.225570615053799,12,300
4,199,"S-GP",120,0.0514927972665615,0.120883171738345,12,300
4,200,"S-GP",120,0.0514927972665615,0.0802769662334254,14,330
4,201,"S-GP",120,0.0514927972665615,0.0777575906487753,15,345
4,202,"S-GP",120,0.0514927972665615,0.0876287967191743,19,405
4,203,"S-GP",120,0.0514927972665615,0.143677542883778,16,360
4,204,"S-GP",120,0.174357546462441,0.238729988853513,18,390
4,205,"S-GP",120,0.314991242485737,0.199841398464934,18,390
4,206,"S-GP",120,0.0514927972665615,0.13105523922457,15,345
4,207,"S-GP",120,0.0514927972665615,0.0813970643795448,15,345
4,208,"S-GP",120,0.0514927972665615,0.147421016573142,12,300
4,209,"S-GP",120,0.174357546462441,0.218517205977187,20,420
4,210,"S-GP",120,0.839612167375785,0.244896940360965,11,285
4,211,"S-GP",120,0.0514927972665615,0.0863349989105537,14,330
4,212,"S-GP",120,0.0514927972665615,0.137963195724793,13,315
4,213,"S-GP",120,0.174357546462441,0.20965960656104,12,300
4,214,"S-GP",120,0.0514927972665615,0.186950651514138,18,390
4,215,"S-GP",120,0.0514927972665615,0.100120577835843,14,330
4,216,"S-GP",120,0.0514927972665615,0.180849957742677,13,315
4,217,"S-GP",120,0.0514927972665615,0.0949898857991032,14,330
4,218,"S-GP",120,0.0514927972665615,0.106861877477547,20,420
4,219,"S-GP",120,0.620295747957849,0.499075771489357,11,285
4,220,"S-GP",120,0.0514927972665615,0.144241833733095,13,315
4,221,"S-GP",120,0.174357546462441,0.195287363379089,15,345
4,222,"S-GP",90,0.174357546462441,0.243608869644027,24,450
4,223,"S-GP",120,0.174357546462441,0.231162590787861,12,300
4,224,"S-GP",120,0.314991242485737,0.132927732988084,12,300
4,225,"S-GP",120,0.0514927972665615,0.0822451098668631,20,420
4,226,"S-GP",120,0.0514927972665615,0.101503473269371,12,300
4,227,"S-GP",120,0.174357546462441,0.215280081553528,15,345
4,228,"S-GP",104,0.0514927972665615,0.137840418869922,23,449
4,229,"S-GP",120,0.174357546462441,0.243971391549402,10,270
4,230,"S-GP",104,0.314991242485737,0.209217217998204,23,449
4,231,"S-GP",120,0.0514927972665615,0.134581007206755,21,435
4,232,"S-GP",120,0.0514927972665615,0.0786005793328444,12,300
4,233,"S-GP",120,0.839612167375785,0.190012648829917,11,285
4,234,"S-GP",120,0.0514927972665615,0.0884611322808485,17,375
4,235,"S-GP",90,0.174357546462441,0.383164417046017,24,450
4,236,"S-GP",120,0.0514927972665615,0.0971003126777498,17,375
4,237,"S-GP",120,0.0514927972665615,0.104631238762773,19,405
4,238,"S-GP",120,0.921613320735482,0.121459342190069,9,255
4,239,"S-GP",120,0.839612167375785,0.213149926833735,10,270
4,240,"S-GP",120,0.921613320735482,0.110247751063103,11,285
4,241,"S-GP",104,0.174357546462441,0.212759829542508,23,449
4,242,"S-GP",120,0.0514927972665615,0.116592378828691,17,375
4,243,"S-GP",120,0.0514927972665615,0.154998581107168,17,375
4,244,"S-GP",120,0.0514927972665615,0.117265385705521,15,345
4,245,"S-GP",120,0.0514927972665615,0.136667412491591,19,405
4,246,"S-GP",120,0.0514927972665615,0.130761716147953,11,285
4,247,"S-GP",120,0.314991242485737,0.193202177974723,13,315
4,248,"S-GP",120,0.0514927972665615,0.143918194907005,15,345
4,249,"S-GP",120,0.0514927972665615,0.10888158600154,16,360
4,250,"S-GP",120,0.174357546462441,0.229860140755928,15,345
4,251,"S-GP",120,0.0514927972665615,0.0775856201674338,17,375
4,252,"S-GP",104,0.0514927972665615,0.225763355519035,23,449
4,253,"S-GP",120,0.0514927972665615,0.174152101356081,12,300
4,254,"S-GP",120,0.0514927972665615,0.138247165081333,14,330
4,255,"S-GP",90,0.174357546462441,0.230133373217451,24,450
4,256,"S-GP",120,0.174357546462441,0.219226845295329,22,450
4,257,"S-GP",120,1.17441605767686,0.1731920376434,11,285
4,258,"S-GP",104,0.0514927972665615,0.204168350830722,23,449
4,259,"S-GP",120,0.0514927972665615,0.134578720771058,12,300
4,260,"S-GP",120,0.0514927972665615,0.0826796390079207,20,420
4,261,"S-GP",120,0.174357546462441,0.893156204480195,11,285
4,262,"S-GP",120,0.0514927972665615,0.131370261765014,17,375
4,263,"S-GP",120,0.0514927972665615,0.150599753094498,21,435
4,264,"S-GP",120,0.174357546462441,0.197825110073589,17,375
4,265,"S-GP",120,0.839612167375785,0.191136503117962,12,300
4,266,"S-GP",120,0.0514927972665615,0.186704897393511,22,450
4,267,"S-GP",120,0.0514927972665615,0.0890977168639832,14,330
4,268,"S-GP",90,0.0514927972665615,0.204185933305386,24,450
4,269,"S-GP",120,0.0514927972665615,0.149566437241881,22,450
4,270,"S-GP",120,0.0514927972665615,0.180837847600799,20,420
4,271,"S-GP",120,0.839612167375785,0.224186936113403,11,285
4,272,"S-GP",120,0.0514927972665615,0.269953120942069,12,300
4,273,"S-GP",120,0.0514927972665615,0.191734813314989,21,435
4,274,"S-GP",120,0.0514927972665615,0.0957626580873228,12,300
4,275,"S-GP",120,0.0514927972665615,0.0919027157635518,18,390
4,276,"S-GP",120,0.839612167375785,0.191529518214394,11,285
4,277,"S-GP",120,0.0514927972665615,0.270810476769198,15,345
4,278,"S-GP",120,1.20836087231394,0.0705995380335719,11,285
4,279,"S-GP",120,0.0514927972665615,0.122176080574914,12,300
4,280,"S-GP",120,0.0514927972665615,0.161422746718486,16,360
4,281,"S-GP",120,0.0514927972665615,0.219148383848783,16,360
4,282,"S-GP",120,0.174357546462441,0.234100135736096,19,405
4,283,"S-GP",120,0.174357546462441,0.232921340490506,19,405
4,284,"S-GP",120,0.174357546462441,0.422519640002156,22,450
4,285,"S-GP",120,0.174357546462441,0.207849057868845,19,405
4,286,"S-GP",120,0.0514927972665615,0.106719484600474,17,375
4,287,"S-GP",104,0.174357546462441,0.263059737176655,23,449
4,288,"S-GP",120,0.0514927972665615,0.201613920691069,19,405
4,289,"S-GP",120,0.0514927972665615,0.0787645788345955,17,375
4,290,"S-GP",120,0.0514927972665615,0.101975010743821,20,420
4,291,"S-GP",120,0.0514927972665615,0.152541405643318,12,300
4,292,"S-GP",120,0.0514927972665615,0.14950895165046,15,345
4,293,"S-GP",120,0.0514927972665615,0.0925363926256461,17,375
4,294,"S-GP",120,0.839612167375785,0.194269843286241,11,285
4,295,"S-GP",120,0.174357546462441,0.194378778692536,15,345
4,296,"S-GP",120,0.0514927972665615,0.124975954537268,14,330
4,297,"S-GP",120,0.0514927972665615,0.0887905520946158,19,405
4,298,"S-GP",104,0.0514927972665615,0.154913457238885,23,449
4,299,"S-GP",120,0.0514927972665615,0.189455219322581,12,300
4,300,"S-GP",120,0.0514927972665615,0.145247469834711,11,285
4,301,"S-GP",120,0.0514927972665615,0.15581531484724,18,390
4,302,"S-GP",120,0.0514927972665615,0.109389577254878,12,300
4,303,"S-GP",120,0.174357546462441,0.253923971899082,14,330
4,304,"S-GP",74,0.0514927972665615,0.283242978771062,25,449
4,305,"S-GP",120,0.0514927972665615,0.101570927722271,22,450
4,306,"S-GP",120,0.0514927972665615,0.0852651933732936,18,390
4,307,"S-GP",120,0.0514927972665615,0.13592670628878,22,450
4,308,"S-GP",120,0.839612167375785,0.192291831110864,12,300
4,309,"S-GP",120,0.0514927972665615,0.173826477196695,11,285
4,310,"S-GP",120,0.174357546462441,0.220537613851178,15,345
4,311,"S-GP",120,0.0514927972665615,0.154311370510099,12,300
4,312,"S-GP",120,0.0514927972665615,0.122736375597232,11,285
4,313,"S-GP",120,0.0514927972665615,0.140138722269482,18,390
4,314,"S-GP",104,0.0514927972665615,0.12223550511181,23,449
4,315,"S-GP",120,0.839612167375785,0.193301093866716,11,285
4,316,"S-GP",120,0.0514927972665615,0.341529088621621,14,330
4,317,"S-GP",120,0.174357546462441,0.25148487115401,18,390
4,318,"S-GP",120,0.0514927972665615,0.0752763741260868,14,330
4,319,"S-GP",120,0.0514927972665615,0.141058155225324,12,300
4,320,"S-GP",120,0.174357546462441,0.216842579791425,19,405
4,321,"S-GP",120,0.0514927972665615,0.071637361522176,13,315
4,322,"S-GP",120,0.0514927972665615,0.380458350907207,12,300
4,323,"S-GP",120,0.174357546462441,0.200412983505889,14,330
4,324,"S-GP",120,0.839612167375785,0.195864423887667,11,285
4,325,"S-GP",120,0.174357546462441,0.931242332828822,11,285
4,326,"S-GP",120,0.0514927972665615,0.106045761502502,19,405
4,327,"S-GP",120,0.0514927972665615,0.0859779214177739,14,330
4,328,"S-GP",120,0.0514927972665615,0.466658148096309,11,285
4,329,"S-GP",120,0.0514927972665615,0.195395136601658,20,420
4,330,"S-GP",120,0.0514927972665615,0.139339552915354,12,300
4,331,"S-GP",120,0.0514927972665615,0.175254459426965,11,285
4,332,"S-GP",120,0.0514927972665615,0.080475039233546,16,360
4,333,"S-GP",120,0.839612167375785,0.227063077927964,11,285
4,334,"S-GP",120,0.0514927972665615,0.203349259375888,12,300
4,335,"S-GP",120,0.174357546462441,0.194588091501027,14,330
4,336,"S-GP",120,0.0514927972665615,0.167239946866317,22,450
4,337,"S-GP",120,0.839612167375785,0.194759574196134,11,285
4,338,"S-GP",120,0.0514927972665615,0.0774935556442396,16,360
4,339,"S-GP",120,0.0514927972665615,0.0914847294214704,13,315
4,340,"S-GP",120,0.0514927972665615,0.130089377559362,16,360
4,341,"S-GP",120,0.0514927972665615,0.118260316950158,13,315
4,342,"S-GP",120,0.921613320735482,0.107040361094256,11,285
4,343,"S-GP",120,0.174357546462441,0.209659421548842,22,450
4,344,"S-GP",120,0.0514927972665615,0.105846183172838,19,405
4,345,"S-GP",120,0.839612167375785,0.203258526527555,11,285
4,346,"S-GP",120,0.174357546462441,0.212528486182372,17,375
4,347,"S-GP",104,0.0514927972665615,0.12340714530692,23,449
4,348,"S-GP",120,0.0514927972665615,0.232075851786929,12,300
4,349,"S-GP",120,0.0514927972665615,0.13068229038378,21,435
4,350,"S-GP",120,0.0514927972665615,0.128781852991026,14,330
4,351,"S-GP",120,0.174357546462441,0.699074134541512,11,285
4,352,"S-GP",120,0.839612167375785,0.197709759376353,11,285
4,353,"S-GP",120,0.0514927972665615,0.105116631017444,16,360
4,354,"S-GP",120,0.0514927972665615,0.0953863635918627,15,345
4,355,"S-GP",90,0.174357546462441,0.243334058522944,24,450
4,356,"S-GP",120,0.0514927972665615,0.129347814998519,21,435
4,357,"S-GP",120,0.839612167375785,0.224726565135316,11,285
4,358,"S-GP",120,0.0514927972665615,0.232708709075147,15,345
4,359,"S-GP",120,0.0514927972665615,0.867539469012637,11,285
4,360,"S-GP",120,0.0514927972665615,0.146993154600573,14,330
4,361,"S-GP",120,0.174357546462441,0.259418133312055,22,450
4,362,"S-GP",120,0.839612167375785,0.196357745605482,10,270
4,363,"S-GP",120,0.0514927972665615,0.101771356442144,12,300
4,364,"S-GP",120,0.0514927972665615,0.131934136254329,13,315
4,365,"S-GP",120,0.0514927972665615,0.081545011835266,15,345
4,366,"S-GP",120,0.839612167375785,0.192615568102997,10,270
4,367,"S-GP",120,0.0514927972665615,0.128489200342481,20,420
4,368,"S-GP",120,0.0514927972665615,0.112108758111953,12,300
4,369,"S-GP",120,0.0514927972665615,0.124886926377756,19,405
4,370,"S-GP",120,0.0514927972665615,0.0899386955226861,19,405
4,371,"S-GP",120,0.0514927972665615,0.0984554217604171,18,390
4,372,"S-GP",120,0.0514927972665615,0.0962577429051204,18,390
4,373,"S-GP",120,0.0514927972665615,0.234401412369463,21,435
4,374,"S-GP",120,0.174357546462441,0.338996330195551,22,450
4,375,"S-GP",104,0.174357546462441,0.212773813941487,23,449
4,376,"S-GP",120,0.0514927972665615,0.0970045081219434,19,405
4,377,"S-GP",120,0.0514927972665615,0.096262685018609,12,300
4,378,"S-GP",90,0.174357546462441,0.236595923797114,24,450
4,379,"S-GP",120,0.0514927972665615,0.0985047588010914,18,390
4,380,"S-GP",120,0.0514927972665615,0.17779928529295,13,315
4,381,"S-GP",120,0.0514927972665615,0.198029562317852,12,300
4,382,"S-GP",120,0.0514927972665615,0.130903713814791,16,360
4,383,"S-GP",120,0.0514927972665615,0.124425084565491,20,420
4,384,"S-GP",120,0.174357546462441,0.196139125797016,19,405
4,385,"S-GP",90,0.174357546462441,0.267293687919587,24,450
4,386,"S-GP",120,0.0514927972665615,0.0989451056657173,15,345
4,387,"S-GP",120,0.839612167375785,0.195218153423642,11,285
4,388,"S-GP",120,0.0514927972665615,0.133662080837783,15,345
4,389,"S-GP",120,0.174357546462441,0.263062195960487,17,375
4,390,"S-GP",120,0.0514927972665615,0.102752732765562,14,330
4,391,"S-GP",120,0.174357546462441,0.213067126667299,17,375
4,392,"S-GP",120,0.174357546462441,0.240617096669928,19,405
4,393,"S-GP",120,0.174357546462441,0.191925727108629,12,300
4,394,"S-GP",120,0.0514927972665615,0.101887596710416,16,360
4,395,"S-GP",120,0.0514927972665615,0.139887813450676,22,450
4,396,"S-GP",120,0.0514927972665615,0.0775661297329106,15,345
4,397,"S-GP",120,0.0514927972665615,0.120920067784212,18,390
4,398,"S-GP",120,0.0514927972665615,0.135281566886636,22,450
4,399,"S-GP",90,0.0514927972665615,0.147603855706288,24,450
4,400,"S-GP",90,0.0514927972665615,0.242238257494,24,450
4,401,"S-GP",120,0.0514927972665615,0.0776785454215465,15,345
4,402,"S-GP",120,0.839612167375785,0.281661466950155,11,285
4,403,"S-GP",120,0.174357546462441,0.227471630624376,20,420
4,404,"S-GP",90,0.0514927972665615,0.181306556144953,24,450
4,405,"S-GP",120,0.839612167375785,0.216924648093802,11,285
4,406,"S-GP",120,0.174357546462441,0.19253227572199,12,300
4,407,"S-GP",120,0.174357546462441,0.210881307943228,22,450
4,408,"S-GP",120,0.839612167375785,0.20171475130674,11,285
4,409,"S-GP",120,0.0514927972665615,0.0977741028589677,19,405
4,410,"S-GP",90,0.174357546462441,0.233927116975854,24,450
4,411,"S-GP",104,0.0514927972665615,0.128500871059034,23,449
4,412,"S-GP",120,0.921613320735482,0.106159138336857,11,285
4,413,"S-GP",120,0.0514927972665615,0.0941302682633468,16,360
4,414,"S-GP",120,0.0514927972665615,0.104015247293063,16,360
4,415,"S-GP",120,0.0514927972665615,0.152219164239371,12,300
4,416,"S-GP",120,0.0514927972665615,0.149232710652464,17,375
4,417,"S-GP",120,0.0514927972665615,0.157204112025417,16,360
4,418,"S-GP",120,0.921613320735482,0.227227652299309,11,285
4,419,"S-GP",120,0.0514927972665615,0.108744969839249,15,345
4,420,"S-GP",120,0.0514927972665615,0.0937594803499226,16,360
4,421,"S-GP",120,0.0514927972665615,0.0694843548007748,12,300
4,422,"S-GP",120,0.0514927972665615,0.111862978063635,18,390
4,423,"S-GP",120,0.174357546462441,0.201787920339689,12,300
4,424,"S-GP",120,0.0514927972665615,0.106252213268918,15,345
4,425,"S-GP",120,0.0514927972665615,0.0859393798557304,16,360
4,426,"S-GP",120,0.0514927972665615,0.146693974163996,16,360
4,427,"S-GP",120,0.839612167375785,0.221466798530756,11,285
4,428,"S-GP",90,0.0514927972665615,0.144001016891001,24,450
4,429,"S-GP",120,0.174357546462441,0.202136931079963,21,435
4,430,"S-GP",120,0.174357546462441,0.235878115038136,20,420
4,431,"S-GP",120,0.0514927972665615,0.22802294168523,12,300
4,432,"S-GP",120,0.0514927972665615,0.114420778896761,12,300
4,433,"S-GP",120,0.0514927972665615,0.092790316058495,14,330
4,434,"S-GP",120,0.174357546462441,0.204027056576124,13,315
4,435,"S-GP",120,0.839612167375785,0.201287542053025,11,285
4,436,"S-GP",120,0.839612167375785,0.190022208226482,11,285
4,437,"S-GP",120,0.0514927972665615,0.0847039039493662,16,360
4,438,"S-GP",120,0.174357546462441,0.226881611041571,15,345
4,439,"S-GP",120,0.174357546462441,0.889886462592204,11,285
4,440,"S-GP",120,0.0514927972665615,0.100356326308005,19,405
4,441,"S-GP",120,0.839612167375785,0.195395378066527,9,255
4,442,"S-GP",120,0.0514927972665615,0.0949146678587839,16,360
4,443,"S-GP",120,0.174357546462441,0.205567286024232,19,405
4,444,"S-GP",120,0.0514927972665615,0.0800573378126656,14,330
4,445,"S-GP",120,0.0514927972665615,0.127247232171487,13,315
4,446,"S-GP",120,0.839612167375785,0.192167821677962,11,285
4,447,"S-GP",120,0.0514927972665615,0.108857332218579,13,315
4,448,"S-GP",120,0.839612167375785,0.194309151236829,11,285
4,449,"S-GP",120,0.174357546462441,0.267617999176567,19,405
4,450,"S-GP",120,0.0514927972665615,0.173105325759497,12,300
4,451,"S-GP",90,0.0514927972665615,0.205153114375317,24,450
4,452,"S-GP",90,0.174357546462441,0.539370595376131,24,450
4,453,"S-GP",120,0.0514927972665615,0.110104865800524,17,375
4,454,"S-GP",120,0.0514927972665615,0.206651187063156,13,315
4,455,"S-GP",120,0.174357546462441,0.211472070498562,14,330
4,456,"S-GP",120,0.0514927972665615,0.10252344598351,15,345
4,457,"S-GP",120,0.0514927972665615,0.120093029138245,14,330
4,458,"S-GP",120,0.839612167375785,0.191213443010642,11,285
4,459,"S-GP",120,0.0514927972665615,0.129410789944041,20,420
4,460,"S-GP",120,0.0514927972665615,0.227284763395732,15,345
4,461,"S-GP",120,0.174357546462441,0.249209671731676,12,300
4,462,"S-GP",120,0.839612167375785,0.207930717921262,7,225
4,463,"S-GP",120,0.0514927972665615,0.113964504523944,21,435
4,464,"S-GP",120,0.0514927972665615,0.0974918087212919,22,450
4,465,"S-GP",90,0.174357546462441,0.334745141935827,24,450
4,466,"S-GP",120,0.174357546462441,0.295262220860169,20,420
4,467,"S-GP",120,0.0514927972665615,0.137357851131445,12,300
4,468,"S-GP",120,0.0514927972665615,0.2305678178097,12,300
4,469,"S-GP",120,0.0514927972665615,0.120754851627716,19,405
4,470,"S-GP",120,0.0514927972665615,0.0863808885878163,12,300
4,471,"S-GP",120,0.839612167375785,0.224333274153728,11,285
4,472,"S-GP",120,0.0514927972665615,0.0931758201421146,14,330
4,473,"S-GP",104,0.174357546462441,0.246174805604216,23,449
4,474,"S-GP",120,0.314991242485737,0.315024909506471,21,435
4,475,"S-GP",120,0.0514927972665615,0.154163493261287,12,300
4,476,"S-GP",104,0.174357546462441,0.22561252441377,23,449
4,477,"S-GP",120,0.0514927972665615,0.0911959915371082,16,360
4,478,"S-GP",120,0.839612167375785,0.210639549310246,11,285
4,479,"S-GP",120,0.0514927972665615,0.120475389597912,16,360
4,480,"S-GP",120,0.0514927972665615,0.0951207566959132,19,405
4,481,"S-GP",120,0.921613320735482,0.153096065307251,11,285
4,482,"S-GP",120,0.0514927972665615,0.104599929252269,14,330
4,483,"S-GP",120,0.921613320735482,0.174703285046265,12,300
4,484,"S-GP",120,0.0514927972665615,0.12374417543345,14,330
4,485,"S-GP",120,0.0514927972665615,0.106312458641016,12,300
4,486,"S-GP",120,0.0514927972665615,0.236038027257806,14,330
4,487,"S-GP",90,0.174357546462441,0.256442791859509,24,450
4,488,"S-GP",120,0.0514927972665615,0.393065705192673,11,285
4,489,"S-GP",120,0.0514927972665615,0.236839743151563,11,285
4,490,"S-GP",120,0.839612167375785,0.19955629841575,11,285
4,491,"S-GP",120,0.174357546462441,0.198535372290775,18,390
4,492,"S-GP",120,0.174357546462441,0.224756949049481,14,330
4,493,"S-GP",120,0.0514927972665615,0.091610609551968,17,375
4,494,"S-GP",120,0.174357546462441,0.214807391946812,15,345
4,495,"S-GP",120,0.0514927972665615,0.104124836049908,22,450
4,496,"S-GP",120,0.174357546462441,0.198386901918216,14,330
4,497,"S-GP",90,0.0514927972665615,0.401161011150479,24,450
4,498,"S-GP",120,0.0514927972665615,0.112537433759623,16,360
4,499,"S-GP",90,0.0514927972665615,0.164631102991491,24,450
4,500,"S-GP",120,0.0514927972665615,0.132183562856828,17,375
4,501,"S-GP",120,0.0514927972665615,0.0912461103611922,21,435
4,502,"S-GP",120,0.174357546462441,0.211241342538863,19,405
4,503,"S-GP",90,0.0514927972665615,0.155943453496828,24,450
4,504,"S-GP",120,0.0514927972665615,0.263554075884246,11,285
4,505,"S-GP",120,0.0514927972665615,0.0910996978139511,15,345
4,506,"S-GP",120,0.174357546462441,0.285986498048088,16,360
4,507,"S-GP",120,0.174357546462441,0.209058629796723,13,315
4,508,"S-GP",120,0.0514927972665615,0.163773670716298,17,375
4,509,"S-GP",120,0.174357546462441,0.234104692378507,18,390
4,510,"S-GP",120,0.0514927972665615,0.0971394800144001,19,405
4,511,"S-GP",120,0.0514927972665615,0.0913775004028344,16,360
4,512,"S-GP",120,0.314991242485737,0.161342405006082,13,315
4,513,"S-GP",120,0.0514927972665615,0.118004166449693,12,300
4,514,"S-GP",120,0.839612167375785,0.212362990267192,11,285
4,515,"S-GP",120,0.0514927972665615,0.117159281218893,14,330
4,516,"S-GP",120,0.0514927972665615,0.100635407565476,12,300
4,517,"S-GP",120,0.0514927972665615,0.116824823927193,20,420
4,518,"S-GP",120,0.0514927972665615,0.0896975106123972,20,420
4,519,"S-GP",120,0.174357546462441,0.199749596996826,18,390
4,520,"S-GP",120,0.174357546462441,0.219466056340476,17,375
4,521,"S-GP",120,0.0514927972665615,0.0852688362264974,13,315
4,522,"S-GP",120,0.0514927972665615,0.0879700169335206,15,345
4,523,"S-GP",120,0.0514927972665615,0.0947841062796005,17,375
4,524,"S-GP",120,1.14566816261412,0.163941424870404,11,285
4,525,"S-GP",120,0.0514927972665615,0.0955900507043093,21,435
4,526,"S-GP",120,0.0514927972665615,0.131163995997629,20,420
4,527,"S-GP",120,0.174357546462441,0.206952142240383,14,330
4,528,"S-GP",120,0.0514927972665615,0.338247155664259,14,330
4,529,"S-GP",120,0.174357546462441,0.198520134469525,19,405
4,530,"S-GP",120,0.0514927972665615,0.130746731845063,12,300
4,531,"S-GP",104,0.174357546462441,0.224854877994597,23,449
4,532,"S-GP",120,0.0514927972665615,0.114653668372172,17,375
4,533,"S-GP",120,0.0514927972665615,0.0888888000235769,15,345
4,534,"S-GP",120,0.839612167375785,0.194797384946295,11,285
4,535,"S-GP",120,0.0514927972665615,0.13220116080229,13,315
4,536,"S-GP",120,0.0514927972665615,0.109247580671182,14,330
4,537,"S-GP",120,0.839612167375785,0.198058288689507,10,270
4,538,"S-GP",90,0.174357546462441,0.255011226273978,24,450
4,539,"S-GP",120,0.839612167375785,0.191734395335045,11,285
4,540,"S-GP",120,0.0514927972665615,0.0987022901850275,22,450
4,541,"S-GP",120,0.174357546462441,0.231694467430326,15,345
4,542,"S-GP",120,0.0514927972665615,0.147417848463144,16,360
4,543,"S-GP",120,0.0514927972665615,0.0988634674368823,16,360
4,544,"S-GP",120,0.0514927972665615,0.178248117712651,18,390
4,545,"S-GP",120,0.839612167375785,0.337329321766556,8,240
4,546,"S-GP",120,0.0514927972665615,0.130683502175979,12,300
4,547,"S-GP",120,0.0514927972665615,0.118209252951594,16,360
4,548,"S-GP",120,0.0514927972665615,0.271868458484864,12,300
4,549,"S-GP",120,0.921613320735482,0.146589762976815,11,285
4,550,"S-GP",120,0.0514927972665615,0.0933907350015067,19,405
4,551,"S-GP",120,0.174357546462441,0.223229915312877,18,390
4,552,"S-GP",120,0.0514927972665615,0.0847539225126656,12,300
4,553,"S-GP",120,0.0514927972665615,0.0910630453559095,15,345
4,554,"S-GP",120,0.174357546462441,0.193466304843519,14,330
4,555,"S-GP",120,0.0514927972665615,0.0988543174108241,12,300
4,556,"S-GP",120,0.174357546462441,0.240731914000903,12,300
4,557,"S-GP",120,0.839612167375785,0.194589568908802,11,285
4,558,"S-GP",120,0.174357546462441,0.826349532868545,11,285
4,559,"S-GP",120,0.0514927972665615,0.146552053241032,12,300
4,560,"S-GP",120,0.174357546462441,0.218844590099463,19,405
4,561,"S-GP",120,0.0514927972665615,0.129271494605591,20,420
4,562,"S-GP",120,0.0514927972665615,0.150981811882892,12,300
4,563,"S-GP",120,0.0514927972665615,0.115322795403082,17,375
4,564,"S-GP",104,0.0514927972665615,0.140226707484507,23,449
4,565,"S-GP",120,0.0514927972665615,0.0756478906458386,14,330
4,566,"S-GP",120,0.839612167375785,0.225261228103673,12,300
4,567,"S-GP",120,0.0514927972665615,0.184996273590274,19,405
4,568,"S-GP",120,0.0514927972665615,0.203770245541899,19,405
4,569,"S-GP",120,0.0514927972665615,0.0744083293605997,15,345
4,570,"S-GP",120,0.0514927972665615,0.0784685354441088,12,300
4,571,"S-GP",120,0.174357546462441,0.218083726291107,13,315
4,572,"S-GP",120,0.0514927972665615,0.212511763515399,12,300
4,573,"S-GP",120,0.174357546462441,0.199219934933026,14,330
4,574,"S-GP",120,0.174357546462441,0.237039572236877,22,450
4,575,"S-GP",120,0.0514927972665615,0.123327924198068,20,420
4,576,"S-GP",120,0.0514927972665615,0.156988842139138,20,420
4,577,"S-GP",120,0.0514927972665615,0.112650414797679,16,360
4,578,"S-GP",120,0.174357546462441,0.198667297499282,18,390
4,579,"S-GP",120,0.0514927972665615,0.926441430823839,12,300
4,580,"S-GP",120,0.0514927972665615,0.0923716757441844,12,300
4,581,"S-GP",120,0.0514927972665615,0.107928109430249,17,375
4,582,"S-GP",90,0.174357546462441,0.289926786024006,24,450
4,583,"S-GP",120,0.174357546462441,0.208631480433392,21,435
4,584,"S-GP",120,0.0514927972665615,0.115682991644429,20,420
4,585,"S-GP",120,0.0514927972665615,0.0949573276500479,15,345
4,586,"S-GP",120,0.174357546462441,0.195024571531555,13,315
4,587,"S-GP",90,0.0514927972665615,0.150926518123277,24,450
4,588,"S-GP",120,0.0514927972665615,0.0890905507979066,21,435
4,589,"S-GP",120,0.0514927972665615,0.151262969338209,21,435
4,590,"S-GP",120,0.0514927972665615,0.343951834438983,11,285
4,591,"S-GP",120,1.25808937658307,0.125252239634178,9,255
4,592,"S-GP",120,0.174357546462441,0.19204679558142,22,450
4,593,"S-GP",120,0.0514927972665615,0.0987029358573114,20,420
4,594,"S-GP",120,0.0514927972665615,0.122861730838834,13,315
4,595,"S-GP",120,0.174357546462441,0.207729283977604,16,360
4,596,"S-GP",120,0.0514927972665615,0.153428156036936,15,345
4,597,"S-GP",120,0.0514927972665615,0.100267395726912,20,420
4,598,"S-GP",120,0.839612167375785,0.198308891289921,11,285
4,599,"S-GP",120,0.0514927972665615,0.0995820645894448,14,330
4,600,"S-GP",120,0.0514927972665615,0.227765105207732,12,300
4,601,"S-GP",120,0.0514927972665615,0.121130105420423,18,390
4,602,"S-GP",120,0.0514927972665615,0.103537131028642,13,315
4,603,"S-GP",120,0.839612167375785,0.200907734076882,11,285
4,604,"S-GP",120,0.0514927972665615,0.10122950915947,22,450
4,605,"S-GP",120,0.0514927972665615,0.2158233614189,21,435
4,606,"S-GP",120,0.0514927972665615,0.200902483603843,18,390
4,607,"S-GP",120,0.0514927972665615,0.0780357968297974,17,375
4,608,"S-GP",120,0.0514927972665615,0.117251598500732,18,390
4,609,"S-GP",120,0.0514927972665615,0.140318442002563,20,420
4,610,"S-GP",120,0.0514927972665615,0.0782482514458337,20,420
4,611,"S-GP",120,0.0514927972665615,0.110814222574058,15,345
4,612,"S-GP",120,0.0514927972665615,0.10512944782822,15,345
4,613,"S-GP",120,0.0514927972665615,0.0826508818687468,15,345
4,614,"S-GP",120,0.0514927972665615,0.144986410332133,15,345
4,615,"S-GP",104,0.0514927972665615,0.114259999582707,23,449
4,616,"S-GP",120,0.0514927972665615,0.0814663350763948,22,450
4,617,"S-GP",120,0.0514927972665615,0.166436185400014,17,375
4,618,"S-GP",120,0.0514927972665615,0.860451216598414,12,300
4,619,"S-GP",120,0.174357546462441,0.231753736791241,12,300
4,620,"S-GP",120,0.174357546462441,0.254606023940111,14,330
4,621,"S-GP",120,0.839612167375785,0.198308548096823,11,285
4,622,"S-GP",120,0.0514927972665615,0.0885463467995318,18,390
4,623,"S-GP",120,0.0514927972665615,0.185574155682742,17,375
4,624,"S-GP",120,0.0514927972665615,0.144075814248659,14,330
4,625,"S-GP",120,0.0514927972665615,0.108956712439752,13,315
4,626,"S-GP",120,0.314991242485737,0.119881001088175,13,315
4,627,"S-GP",90,0.0514927972665615,0.260764334393165,24,450
4,628,"S-GP",120,0.0514927972665615,0.104815451082873,21,435
4,629,"S-GP",120,0.0514927972665615,0.0835443056533356,15,345
4,630,"S-GP",120,0.0514927972665615,0.147434269905291,12,300
4,631,"S-GP",120,0.0514927972665615,0.10002573760116,14,330
4,632,"S-GP",120,0.0514927972665615,0.158226411355551,11,285
4,633,"S-GP",104,0.174357546462441,0.213403807713136,23,449
4,634,"S-GP",120,0.839612167375785,0.574878625678926,12,300
4,635,"S-GP",120,0.0514927972665615,0.192477123276666,15,345
4,636,"S-GP",120,0.0514927972665615,0.134311111933967,14,330
4,637,"S-GP",120,0.839612167375785,0.193619348882372,11,285
4,638,"S-GP",120,0.0514927972665615,0.0965237727695166,12,300
4,639,"S-GP",120,0.174357546462441,0.209748527644116,14,330
4,640,"S-GP",120,0.0514927972665615,0.0912499077259215,14,330
4,641,"S-GP",120,0.0514927972665615,0.0965886355377029,19,405
4,642,"S-GP",120,0.0514927972665615,0.156602311390076,16,360
4,643,"S-GP",120,0.0514927972665615,0.0957689963775748,22,450
4,644,"S-GP",120,0.0514927972665615,0.15940016483072,17,375
4,645,"S-GP",120,0.0514927972665615,0.0932874679539247,19,405
4,646,"S-GP",120,0.0514927972665615,0.159323810506009,18,390
4,647,"S-GP",120,0.921613320735482,0.294439556586806,11,285
4,648,"S-GP",120,0.0514927972665615,0.0797843895578465,17,375
4,649,"S-GP",120,0.0514927972665615,0.115905050458956,13,315
4,650,"S-GP",120,0.174357546462441,0.273946413796444,18,390
4,651,"S-GP",120,0.0514927972665615,0.0915557308012099,18,390
4,652,"S-GP",120,0.839612167375785,0.197283825750835,10,270
4,653,"S-GP",120,0.0514927972665615,0.105927130020911,12,300
4,654,"S-GP",120,0.839612167375785,0.193489282537222,11,285
4,655,"S-GP",120,0.0514927972665615,0.100922171878028,12,300
4,656,"S-GP",104,0.174357546462441,0.238671273338756,23,449
4,657,"S-GP",120,0.921613320735482,0.148204012615193,11,285
4,658,"S-GP",120,0.314991242485737,0.24209286416008,21,435
4,659,"S-GP",120,0.174357546462441,0.994670281331627,11,285
4,660,"S-GP",120,0.0514927972665615,0.137244092437913,18,390
4,661,"S-GP",120,0.0514927972665615,0.182846391158917,22,450
4,662,"S-GP",104,0.0514927972665615,0.154556409184987,23,449
4,663,"S-GP",120,0.174357546462441,0.202134120215119,20,420
4,664,"S-GP",120,0.174357546462441,0.196439059688907,15,345
4,665,"S-GP",120,0.0514927972665615,0.0792529696169837,15,345
4,666,"S-GP",120,0.0514927972665615,0.0870734514167693,14,330
4,667,"S-GP",120,1.07183869928071,0.186293515280654,11,285
4,668,"S-GP",120,0.0514927972665615,0.0826243231521974,18,390
4,669,"S-GP",104,0.0514927972665615,0.108329066711481,23,449
4,670,"S-GP",120,0.0514927972665615,0.146392366192465,14,330
4,671,"S-GP",120,0.174357546462441,0.369948731321658,12,300
4,672,"S-GP",120,0.0514927972665615,0.124387698768466,18,390
4,673,"S-GP",120,0.0514927972665615,0.170588725600407,15,345
4,674,"S-GP",120,0.0514927972665615,0.223201631463663,19,405
4,675,"S-GP",120,0.921613320735482,0.128710551942368,11,285
4,676,"S-GP",120,0.0514927972665615,0.0832104786562624,22,450
4,677,"S-GP",90,0.0514927972665615,0.256770420506323,24,450
4,678,"S-GP",120,0.174357546462441,0.203343921771473,17,375
4,679,"S-GP",120,0.0514927972665615,0.0832349828392917,20,420
4,680,"S-GP",120,0.0514927972665615,0.230170831060434,14,330
4,681,"S-GP",120,0.0514927972665615,0.122555359211346,15,345
4,682,"S-GP",120,0.0514927972665615,0.103748848063078,19,405
4,683,"S-GP",120,0.839612167375785,0.190411172107216,12,300
4,684,"S-GP",120,0.0514927972665615,0.142498474108544,15,345
4,685,"S-GP",120,0.0514927972665615,0.0840200774416455,16,360
4,686,"S-GP",120,0.0514927972665615,0.133061059240137,18,390
4,687,"S-GP",120,0.0514927972665615,0.221389564252472,12,300
4,688,"S-GP",120,0.0514927972665615,0.286373005097798,11,285
4,689,"S-GP",120,0.0514927972665615,0.126380568927953,15,345
4,690,"S-GP",120,0.0514927972665615,0.238137064569264,14,330
4,691,"S-GP",120,0.0514927972665615,0.0910043318163325,17,375
4,692,"S-GP",120,0.174357546462441,0.193389914719689,14,330
4,693,"S-GP",120,0.0514927972665615,0.162526788329923,18,390
4,694,"S-GP",120,0.0514927972665615,0.0919306865323346,12,300
4,695,"S-GP",120,0.0514927972665615,0.103511187213903,20,420
4,696,"S-GP",120,0.174357546462441,0.241400351549764,11,285
4,697,"S-GP",120,0.174357546462441,0.241937608155183,16,360
4,698,"S-GP",90,0.174357546462441,0.266872824571643,24,450
4,699,"S-GP",104,0.0514927972665615,0.149881000675382,23,449
4,700,"S-GP",120,0.174357546462441,0.227490068071783,18,390
4,701,"S-GP",120,0.174357546462441,0.233777765944743,17,375
4,702,"S-GP",104,0.0514927972665615,0.142447753769324,23,449
4,703,"S-GP",120,0.0514927972665615,0.150470800034965,22,450
4,704,"S-GP",120,0.0514927972665615,0.0965951335105418,17,375
4,705,"S-GP",120,0.839612167375785,0.194169535433614,11,285
4,706,"S-GP",120,0.0514927972665615,0.103864844831485,22,450
4,707,"S-GP",120,0.0514927972665615,0.151972228010203,20,420
4,708,"S-GP",120,0.0514927972665615,0.173928467277957,11,285
4,709,"S-GP",120,0.174357546462441,0.195760069993121,19,405
4,710,"S-GP",120,0.0514927972665615,0.199417274920142,14,330
4,711,"S-GP",120,0.0514927972665615,0.134474773238613,22,450
4,712,"S-GP",120,0.0514927972665615,0.0812752387895018,12,300
4,713,"S-GP",120,0.174357546462441,0.22663183863777,15,345
4,714,"S-GP",120,0.0514927972665615,0.0917637004663499,16,360
4,715,"S-GP",120,0.174357546462441,0.78559923356562,11,285
4,716,"S-GP",120,0.174357546462441,0.19519752676694,18,390
4,717,"S-GP",120,0.174357546462441,0.201498807752138,19,405
4,718,"S-GP",120,0.0514927972665615,0.12432983177526,19,405
4,719,"S-GP",104,0.0514927972665615,0.115945366540848,23,449
4,720,"S-GP",90,0.174357546462441,0.257705028768093,24,450
4,721,"S-GP",120,0.0514927972665615,0.714866318946541,16,360
4,722,"S-GP",120,0.0514927972665615,0.163057139355293,17,375
4,723,"S-GP",120,0.921613320735482,0.176393812980697,11,285
4,724,"S-GP",120,0.174357546462441,0.220155239767703,17,375
4,725,"S-GP",120,0.0514927972665615,0.0916621946926229,14,330
4,726,"S-GP",120,0.0514927972665615,0.139100804600903,20,420
4,727,"S-GP",120,0.0514927972665615,0.0891386910211293,18,390
4,728,"S-GP",120,0.174357546462441,0.200646934687827,18,390
4,729,"S-GP",120,0.0514927972665615,0.0858367494517483,17,375
4,730,"S-GP",104,0.0514927972665615,0.0936209222964438,23,449
4,731,"S-GP",120,0.174357546462441,0.232098445042645,14,330
4,732,"S-GP",120,0.0514927972665615,0.158828369901883,21,435
4,733,"S-GP",90,0.174357546462441,0.212915904467965,24,450
4,734,"S-GP",120,0.0514927972665615,0.134170573452657,18,390
4,735,"S-GP",120,0.174357546462441,0.214413150298656,14,330
4,736,"S-GP",120,0.921613320735482,0.114660194581479,11,285
4,737,"S-GP",120,0.0514927972665615,0.083161240398746,18,390
4,738,"S-GP",104,0.0514927972665615,0.25977186278313,23,449
4,739,"S-GP",120,0.0514927972665615,0.122923196895843,14,330
4,740,"S-GP",90,0.0514927972665615,0.143394877071022,24,450
4,741,"S-GP",120,0.0514927972665615,0.0842419159333138,19,405
4,742,"S-GP",90,0.620295747957849,0.569531185165671,24,450
4,743,"S-GP",120,0.0514927972665615,0.0885781833652432,14,330
4,744,"S-GP",120,0.0514927972665615,0.0965640957799688,15,345
4,745,"S-GP",120,0.0514927972665615,0.0764816249851931,17,375
4,746,"S-GP",120,0.921613320735482,0.1950087853537,11,285
4,747,"S-GP",120,0.0514927972665615,0.116286276261177,13,315
4,748,"S-GP",120,0.0514927972665615,0.299530032204494,12,300
4,749,"S-GP",120,0.0514927972665615,0.0921496962958086,21,435
4,750,"S-GP",120,0.0514927972665615,0.195913843223956,20,420
4,751,"S-GP",120,0.839612167375785,0.199841583518833,12,300
4,752,"S-GP",120,0.174357546462441,0.254405587445307,18,390
4,753,"S-GP",120,0.0514927972665615,0.20572382485767,17,375
4,754,"S-GP",120,0.0514927972665615,0.105630503409192,19,405
4,755,"S-GP",120,1.31462130022846,0.182122118191011,9,255
4,756,"S-GP",120,0.0514927972665615,0.0947634091134611,15,345
4,757,"S-GP",120,0.0514927972665615,0.134509116593648,18,390
4,758,"S-GP",120,0.0514927972665615,0.124521833223461,17,375
4,759,"S-GP",120,0.174357546462441,0.199486642667273,18,390
4,760,"S-GP",104,0.0514927972665615,0.185636879875265,23,449
4,761,"S-GP",120,0.0514927972665615,0.14918969576833,17,375
4,762,"S-GP",120,0.0514927972665615,0.125736311072664,12,300
4,763,"S-GP",120,0.174357546462441,0.440267499330587,15,345
4,764,"S-GP",120,0.174357546462441,0.196562726443089,13,315
4,765,"S-GP",120,0.839612167375785,0.197248161464586,10,270
4,766,"S-GP",120,0.0514927972665615,0.0979086039271508,12,300
4,767,"S-GP",120,0.0514927972665615,0.122980076984875,12,300
4,768,"S-GP",120,0.0514927972665615,0.153247104804971,20,420
4,769,"S-GP",120,0.0514927972665615,0.11713294648292,13,315
4,770,"S-GP",90,0.0514927972665615,0.238732862327845,24,450
4,771,"S-GP",120,0.174357546462441,0.854784413623984,11,285
4,772,"S-GP",120,0.839612167375785,0.199133837551636,12,300
4,773,"S-GP",90,0.0514927972665615,0.119198951705462,24,450
4,774,"S-GP",120,0.174357546462441,0.202004669898702,15,345
4,775,"S-GP",120,0.0514927972665615,0.124510810711916,15,345
4,776,"S-GP",120,0.174357546462441,0.199203140817993,16,360
4,777,"S-GP",120,0.174357546462441,0.196162250620772,13,315
4,778,"S-GP",120,1.07183869928071,0.185034282558771,11,285
4,779,"S-GP",120,0.839612167375785,0.204011084060719,11,285
4,780,"S-GP",120,0.174357546462441,0.270024948696188,17,375
4,781,"S-GP",120,0.174357546462441,0.211736889210062,22,450
4,782,"S-GP",120,0.174357546462441,0.195097500885597,20,420
4,783,"S-GP",120,0.174357546462441,0.276169260860473,19,405
4,784,"S-GP",90,0.174357546462441,0.240703976867535,24,450
4,785,"S-GP",120,0.839612167375785,0.196522772172775,11,285
4,786,"S-GP",120,0.839612167375785,0.198419855650343,11,285
4,787,"S-GP",120,0.921613320735482,0.139846244887207,11,285
4,788,"S-GP",120,0.174357546462441,0.198420123551021,20,420
4,789,"S-GP",120,0.174357546462441,0.246247830625418,18,390
4,790,"S-GP",120,0.839612167375785,0.352382514392939,11,285
4,791,"S-GP",120,0.174357546462441,0.228205138546092,17,375
4,792,"S-GP",120,0.0514927972665615,0.877333108755839,11,285
4,793,"S-GP",120,0.0514927972665615,0.107975821176333,21,435
4,794,"S-GP",120,0.0514927972665615,0.198795233961431,12,300
4,795,"S-GP",120,0.0514927972665615,0.0997698169376136,18,390
4,796,"S-GP",120,0.0514927972665615,0.126663664679286,19,405
4,797,"S-GP",120,0.0514927972665615,0.121963304720567,18,390
4,798,"S-GP",104,0.0514927972665615,0.279653598084345,23,449
4,799,"S-GP",120,0.174357546462441,0.203934917700182,19,405
4,800,"S-GP",120,0.0514927972665615,0.0785404434632791,13,315
4,801,"S-GP",120,0.174357546462441,0.203405456948811,19,405
4,802,"S-GP",120,0.839612167375785,0.193609903699375,11,285
4,803,"S-GP",120,0.174357546462441,0.304429420758879,19,405
4,804,"S-GP",120,0.0514927972665615,0.17236619372103,12,300
4,805,"S-GP",120,0.314991242485737,0.352582495469181,11,285
4,806,"S-GP",120,0.0514927972665615,0.0979606876926564,17,375
4,807,"S-GP",120,0.839612167375785,0.236695313922576,12,300
4,808,"S-GP",120,0.0514927972665615,0.113415328457729,17,375
4,809,"S-GP",120,0.174357546462441,0.219863380214424,14,330
4,810,"S-GP",120,0.0514927972665615,0.0992014550785453,22,450
4,811,"S-GP",120,0.0514927972665615,0.195224609785735,16,360
4,812,"S-GP",120,0.174357546462441,0.199492969734947,13,315
4,813,"S-GP",120,0.0514927972665615,0.123261441441169,17,375
4,814,"S-GP",120,0.174357546462441,0.210935614874226,16,360
4,815,"S-GP",120,0.174357546462441,0.560545834093703,12,300
4,816,"S-GP",120,0.174357546462441,0.738999637076007,11,285
4,817,"S-GP",120,0.0514927972665615,0.221869171030226,14,330
4,818,"S-GP",120,0.0514927972665615,0.24876055120636,14,330
4,819,"S-GP",120,0.0514927972665615,0.0846229126641871,19,405
4,820,"S-GP",120,0.174357546462441,0.228291854804188,17,375
4,821,"S-GP",120,0.839612167375785,0.198324940464249,11,285
4,822,"S-GP",120,0.0514927972665615,0.121663118589683,13,315
4,823,"S-GP",104,0.0514927972665615,0.155283567537625,23,449
4,824,"S-GP",120,0.174357546462441,0.595805507892923,13,315
4,825,"S-GP",120,0.0514927972665615,0.122636798087068,18,390
4,826,"S-GP",120,0.0514927972665615,0.127794511495172,16,360
4,827,"S-GP",120,0.839612167375785,0.204353027052497,10,270
4,828,"S-GP",120,0.839612167375785,0.190838083982106,11,285
4,829,"S-GP",120,0.0514927972665615,0.110181166524208,17,375
4,830,"S-GP",120,0.0514927972665615,0.113342978555871,15,345
4,831,"S-GP",104,0.174357546462441,0.213395829215668,23,449
4,832,"S-GP",120,0.174357546462441,0.812855790786563,11,285
4,833,"S-GP",120,0.0514927972665615,0.121395031820204,19,405
4,834,"S-GP",120,0.0514927972665615,0.146773144839108,17,375
4,835,"S-GP",120,0.0514927972665615,0.0896654857790308,21,435
4,836,"S-GP",120,0.0514927972665615,0.109586331860293,16,360
4,837,"S-GP",120,0.174357546462441,0.218225019702215,13,315
4,838,"S-GP",120,0.0514927972665615,0.098112673093506,17,375
4,839,"S-GP",120,0.839612167375785,0.201627333454242,11,285
4,840,"S-GP",120,0.174357546462441,0.218693114394939,18,390
4,841,"S-GP",120,0.0514927972665615,0.133405118989871,13,315
4,842,"S-GP",120,0.174357546462441,0.202223250489803,16,360
4,843,"S-GP",120,0.0514927972665615,0.123609844479224,21,435
4,844,"S-GP",104,0.174357546462441,0.219911886281573,23,449
4,845,"S-GP",120,0.0514927972665615,0.123447359957227,17,375
4,846,"S-GP",120,0.921613320735482,0.168210644395769,11,285
4,847,"S-GP",120,0.174357546462441,0.215409662056455,20,420
4,848,"S-GP",120,0.0514927972665615,0.156719467544457,21,435
4,849,"S-GP",120,0.839612167375785,0.198568868503646,11,285
4,850,"S-GP",120,0.0514927972665615,0.114569324068946,22,450
4,851,"S-GP",120,0.0514927972665615,0.125639930042506,15,345
4,852,"S-GP",120,0.0514927972665615,0.0955757491820483,22,450
4,853,"S-GP",90,0.0514927972665615,0.213019872387442,24,450
4,854,"S-GP",120,0.174357546462441,0.218472896577258,15,345
4,855,"S-GP",120,0.0514927972665615,0.0923730360719255,16,360
4,856,"S-GP",120,0.0514927972665615,0.107934357321734,18,390
4,857,"S-GP",104,0.0514927972665615,0.117151563512757,23,449
4,858,"S-GP",120,0.174357546462441,0.223419555189693,20,420
4,859,"S-GP",120,0.0514927972665615,0.222356903781802,12,300
4,860,"S-GP",74,0.0514927972665615,0.256028800390877,25,449
4,861,"S-GP",120,0.0514927972665615,0.198669850708053,18,390
4,862,"S-GP",120,0.0514927972665615,0.0815302430869657,14,330
4,863,"S-GP",120,0.0514927972665615,0.102793885890726,21,435
4,864,"S-GP",120,0.0514927972665615,0.105455265082795,22,450
4,865,"S-GP",120,0.839612167375785,0.200445626424373,12,300
4,866,"S-GP",120,0.0514927972665615,0.173560934116614,12,300
4,867,"S-GP",120,0.0514927972665615,0.147004458941683,19,405
4,868,"S-GP",120,0.174357546462441,0.683517039063286,10,270
4,869,"S-GP",120,0.0514927972665615,0.0997248445882915,19,405
4,870,"S-GP",120,0.0514927972665615,0.188011298812113,14,330
4,871,"S-GP",120,0.620295747957849,0.522592453976883,11,285
4,872,"S-GP",120,0.0514927972665615,0.158114069376484,15,345
4,873,"S-GP",120,0.0514927972665615,0.131365553929817,19,405
4,874,"S-GP",120,0.0514927972665615,0.416176903489915,11,285
4,875,"S-GP",120,0.0514927972665615,0.155702850347799,17,375
4,876,"S-GP",120,0.0514927972665615,0.155964710135012,15,345
4,877,"S-GP",90,0.0514927972665615,0.207014443671249,24,450
4,878,"S-GP",120,0.0514927972665615,0.199531460047572,14,330
4,879,"S-GP",120,0.0514927972665615,0.146968399454972,17,375
4,880,"S-GP",120,0.0514927972665615,0.583157487884802,12,300
4,881,"S-GP",120,0.0514927972665615,0.0948561749168346,19,405
4,882,"S-GP",104,0.174357546462441,0.245449289493665,23,449
4,883,"S-GP",120,0.839612167375785,0.202300296860998,9,255
4,884,"S-GP",120,0.174357546462441,0.195741498658194,15,345
4,885,"S-GP",120,0.0514927972665615,0.0839432999696875,14,330
4,886,"S-GP",120,0.0514927972665615,0.115269944436326,16,360
4,887,"S-GP",120,0.0514927972665615,0.146759445129349,11,285
4,888,"S-GP",120,0.0514927972665615,0.115059701087305,18,390
4,889,"S-GP",120,0.0514927972665615,0.0962805439599028,17,375
4,890,"S-GP",120,0.839612167375785,0.197117235767442,12,300
4,891,"S-GP",120,0.174357546462441,0.19922996372631,12,300
4,892,"S-GP",120,0.0514927972665615,0.134788542538878,15,345
4,893,"S-GP",120,0.0514927972665615,0.0861032179961325,15,345
4,894,"S-GP",120,0.620295747957849,0.526604309192183,11,285
4,895,"S-GP",120,1.31462130022846,0.118333728211666,9,255
4,896,"S-GP",104,0.0514927972665615,0.137798561394299,23,449
4,897,"S-GP",120,0.0514927972665615,0.0829733973721617,15,345
4,898,"S-GP",104,0.0514927972665615,0.149914772127432,23,449
4,899,"S-GP",120,0.174357546462441,0.261304661404325,12,300
4,900,"S-GP",120,0.0514927972665615,0.117426245437326,13,315
4,901,"S-GP",120,0.0514927972665615,0.0851834667857587,17,375
4,902,"S-GP",120,0.0514927972665615,0.13517619436814,19,405
4,903,"S-GP",120,0.174357546462441,0.264550343537911,21,435
4,904,"S-GP",120,0.0514927972665615,0.0882153256986206,17,375
4,905,"S-GP",120,0.174357546462441,0.235092564147887,18,390
4,906,"S-GP",120,0.0514927972665615,0.180302210317845,21,435
4,907,"S-GP",120,0.0514927972665615,0.104723227366246,12,300
4,908,"S-GP",120,0.174357546462441,0.207154220267866,18,390
4,909,"S-GP",120,0.0514927972665615,0.126514050753416,13,315
4,910,"S-GP",120,0.0514927972665615,0.15654814162896,16,360
4,911,"S-GP",120,0.0514927972665615,0.202555259910724,18,390
4,912,"S-GP",120,0.0514927972665615,0.150127422511193,22,450
4,913,"S-GP",120,0.0514927972665615,0.0831041362034503,18,390
4,914,"S-GP",120,0.0514927972665615,0.109060356985907,14,330
4,915,"S-GP",90,0.0514927972665615,0.150000318074683,24,450
4,916,"S-GP",120,0.174357546462441,0.207186536935321,13,315
4,917,"S-GP",120,0.174357546462441,0.193585293551083,15,345
4,918,"S-GP",90,0.174357546462441,0.222755382876753,24,450
4,919,"S-GP",120,0.0514927972665615,0.205226719658013,19,405
4,920,"S-GP",120,0.174357546462441,0.190051143592738,12,300
4,921,"S-GP",120,0.0514927972665615,0.100342880949469,18,390
4,922,"S-GP",120,0.174357546462441,0.210335521227209,17,375
4,923,"S-GP",120,0.0514927972665615,0.102549747744517,16,360
4,924,"S-GP",120,0.0514927972665615,0.0950946314003031,13,315
4,925,"S-GP",120,0.0514927972665615,0.0942999522840781,16,360
4,926,"S-GP",120,0.0514927972665615,0.135976850655785,12,300
4,927,"S-GP",120,0.839612167375785,0.234466458683031,11,285
4,928,"S-GP",104,0.0514927972665615,0.118385754458196,23,449
4,929,"S-GP",120,0.0514927972665615,0.443680714532334,11,285
4,930,"S-GP",120,0.0514927972665615,0.109520329191775,11,285
4,931,"S-GP",104,0.0514927972665615,0.184021714283945,23,449
4,932,"S-GP",120,0.0514927972665615,0.113055632277416,19,405
4,933,"S-GP",120,0.0514927972665615,0.233110951466582,10,270
4,934,"S-GP",120,0.0514927972665615,0.182323084780717,19,405
4,935,"S-GP",120,0.174357546462441,0.251648497639983,15,345
4,936,"S-GP",90,0.314991242485737,0.347709692266362,24,450
4,937,"S-GP",120,0.0514927972665615,0.173820854393203,17,375
4,938,"S-GP",120,0.0514927972665615,0.0910903595063328,13,315
4,939,"S-GP",120,0.921613320735482,0.119619529268353,11,285
4,940,"S-GP",120,0.839612167375785,0.198745072920115,11,285
4,941,"S-GP",120,0.174357546462441,0.488676878162927,11,285
4,942,"S-GP",120,0.0514927972665615,0.105228736455187,17,375
4,943,"S-GP",120,0.0514927972665615,0.111412860195585,16,360
4,944,"S-GP",120,0.0514927972665615,0.136482661317273,12,300
4,945,"S-GP",120,0.0514927972665615,0.0983541915381168,12,300
4,946,"S-GP",120,0.0514927972665615,0.175104384631115,18,390
4,947,"S-GP",120,0.0514927972665615,0.131011776675508,16,360
4,948,"S-GP",120,0.0514927972665615,0.19942350632156,18,390
4,949,"S-GP",120,0.0514927972665615,0.108950900777118,19,405
4,950,"S-GP",120,0.0514927972665615,0.0879486525430276,13,315
4,951,"S-GP",120,0.0514927972665615,0.11340917518182,14,330
4,952,"S-GP",120,0.174357546462441,0.21694883306902,18,390
4,953,"S-GP",120,0.0514927972665615,0.0854103682914283,18,390
4,954,"S-GP",120,0.0514927972665615,0.135239905311447,20,420
4,955,"S-GP",120,0.0514927972665615,0.0896689742464669,12,300
4,956,"S-GP",120,0.0514927972665615,0.102741262422983,22,450
4,957,"S-GP",120,0.620295747957849,0.293869237562254,11,285
4,958,"S-GP",120,0.174357546462441,0.201925235159093,13,315
4,959,"S-GP",120,0.0514927972665615,0.0813356651163786,18,390
4,960,"S-GP",120,0.0514927972665615,0.111313326591751,18,390
4,961,"S-GP",120,0.0514927972665615,0.130001259489169,18,390
4,962,"S-GP",120,0.0514927972665615,0.153997052396825,12,300
4,963,"S-GP",120,0.0514927972665615,0.106991575714825,19,405
4,964,"S-GP",120,0.174357546462441,0.240067744060399,19,405
4,965,"S-GP",120,0.0514927972665615,0.0997027661810188,21,435
4,966,"S-GP",120,0.314991242485737,0.264904714578227,20,420
4,967,"S-GP",120,0.0514927972665615,0.13765646374541,13,315
4,968,"S-GP",120,0.174357546462441,0.193482409399192,14,330
4,969,"S-GP",120,0.0514927972665615,0.0847784243587231,19,405
4,970,"S-GP",120,0.174357546462441,0.21610915293919,16,360
4,971,"S-GP",120,0.174357546462441,0.216184137508093,16,360
4,972,"S-GP",120,0.174357546462441,0.226380935039909,13,315
4,973,"S-GP",120,0.174357546462441,0.32005335946497,18,390
4,974,"S-GP",120,0.174357546462441,0.208747194733708,13,315
4,975,"S-GP",120,0.0514927972665615,0.153936788365127,22,450
4,976,"S-GP",120,0.0514927972665615,0.075732898588185,14,330
4,977,"S-GP",120,0.839612167375785,0.191987083566388,11,285
4,978,"S-GP",104,0.0514927972665615,0.122601130608874,23,449
4,979,"S-GP",120,0.0514927972665615,0.0810753365991175,13,315
4,980,"S-GP",120,0.174357546462441,0.385522313521859,13,315
4,981,"S-GP",120,0.0514927972665615,0.200713680508583,14,330
4,982,"S-GP",120,0.0514927972665615,0.0994001714343055,17,375
4,983,"S-GP",104,0.174357546462441,0.23419169104935,23,449
4,984,"S-GP",120,0.0514927972665615,0.104166029389271,16,360
4,985,"S-GP",120,0.0514927972665615,0.0847259171005391,18,390
4,986,"S-GP",120,0.0514927972665615,0.13569028357195,13,315
4,987,"S-GP",120,0.839612167375785,0.198905924871243,11,285
4,988,"S-GP",120,0.174357546462441,0.241972422226106,14,330
4,989,"S-GP",120,0.0514927972665615,0.0822351655509704,17,375
4,990,"S-GP",120,0.839612167375785,0.202751091762833,11,285
4,991,"S-GP",104,0.0514927972665615,0.157349793073526,23,449
4,992,"S-GP",120,0.0514927972665615,0.170283062489904,13,315
4,993,"S-GP",120,0.0514927972665615,0.0947708137769392,19,405
4,994,"S-GP",120,0.174357546462441,0.192811500532207,12,300
4,995,"S-GP",120,0.0514927972665615,0.0831855786728963,13,315
4,996,"S-GP",120,0.0514927972665615,0.0826400565814606,12,300
4,997,"S-GP",120,0.0514927972665615,0.182876842426008,17,375
4,998,"S-GP",120,0.0514927972665615,0.159166118494525,21,435
4,999,"S-GP",120,0.0514927972665615,0.128213832087387,13,315
4,1000,"S-GP",90,0.0514927972665615,0.13256235892888,24,450
