"scenario","replicate","method","n","regret","rpsel","unique_doses","total_cost"
1,1,"AB-GP",120,0.015555642137155,0.125109353013329,14,260
1,2,"AB-GP",120,0.03111128427431,0.0589765369741584,16,280
1,3,"AB-GP",120,0.03111128427431,0.0842038785857225,12,240
1,4,"AB-GP",120,0.015555642137155,0.13702494029284,22,340
1,5,"AB-GP",120,0.015555642137155,0.116729822010199,16,280
1,6,"AB-GP",120,0.03111128427431,0.108524631324608,13,250
1,7,"AB-GP",120,0.015555642137155,0.128443205581496,15,270
1,8,"AB-GP",120,0.03111128427431,0.056086821593676,13,250
1,9,"AB-GP",120,0.015555642137155,0.171380580628545,14,260
1,10,"AB-GP",120,0.03111128427431,0.0893117719080439,14,260
1,11,"AB-GP",120,0.03111128427431,0.0837536333817747,25,370
1,12,"AB-GP",120,0.03111128427431,0.115651907051474,25,370
1,13,"AB-GP",120,0.03111128427431,0.0869098102186086,12,240
1,14,"AB-GP",120,0.03111128427431,0.105425833149166,25,370
1,15,"AB-GP",120,0.162330933824191,0.155364411080453,19,310
1,16,"AB-GP",120,0.154984485744392,0.183966417321027,25,370
1,17,"AB-GP",120,0,0.176475286735597,20,320
1,18,"AB-GP",120,0.03111128427431,0.0604376888123794,15,270
1,19,"AB-GP",120,0.015555642137155,0.109018369032998,25,370
1,20,"AB-GP",120,0.03111128427431,0.0698814333875483,17,290
1,21,"AB-GP",120,0,0.169619332360463,25,370
1,22,"AB-GP",120,0.03111128427431,0.0628007307742085,19,310
1,23,"AB-GP",120,0.015555642137155,0.0887502606440965,14,260
1,24,"AB-GP",120,0.03111128427431,0.126826193673025,13,250
1,25,"AB-GP",120,0.03111128427431,0.14030126782771,25,370
1,26,"AB-GP",120,0.03111128427431,0.092294695188078,25,370
1,27,"AB-GP",120,0.03111128427431,0.104135594927319,17,290
1,28,"AB-GP",120,0.03111128427431,0.117976102846332,16,280
1,29,"AB-GP",120,0.015555642137155,0.110571763429241,15,270
1,30,"AB-GP",120,0.03111128427431,0.110713872243936,14,260
1,31,"AB-GP",120,0.03111128427431,0.112413802874052,14,260
1,32,"AB-GP",120,0.015555642137155,0.0965661256636351,12,240
1,33,"AB-GP",120,0.03111128427431,0.24692868764512,12,240
1,34,"AB-GP",120,0.03111128427431,0.107149493048486,25,370
1,35,"AB-GP",120,0,0.127028993266835,25,370
1,36,"AB-GP",120,0.154984485744392,0.173451365310415,15,270
1,37,"AB-GP",120,0.154984485744392,0.136520016966044,25,370
1,38,"AB-GP",120,0.03111128427431,0.0578375084363934,20,320
1,39,"AB-GP",120,0.015555642137155,0.0757060187018615,17,290
1,40,"AB-GP",120,0.03111128427431,0.0679386527437207,18,300
1,41,"AB-GP",120,0.03111128427431,0.0626798769760662,15,270
1,42,"AB-GP",120,0.03111128427431,0.121805602249275,23,350
1,43,"AB-GP",120,0.03111128427431,0.097987438399582,12,240
1,44,"AB-GP",120,0.015555642137155,0.10395159532467,14,260
1,45,"AB-GP",120,0.154984485744392,0.187159012015971,13,250
1,46,"AB-GP",120,0.015555642137155,0.0961773169171575,17,290
1,47,"AB-GP",120,0,0.160306188406629,17,290
1,48,"AB-GP",120,0.03111128427431,0.094712873117581,14,260
1,49,"AB-GP",120,0.03111128427431,0.10283644291072,25,370
1,50,"AB-GP",120,0.03111128427431,0.11740853485176,17,290
1,51,"AB-GP",120,0.015555642137155,0.0989548539299057,15,270
1,52,"AB-GP",120,0.03111128427431,0.119581995382047,17,290
1,53,"AB-GP",120,0.03111128427431,0.128551552193676,15,270
1,54,"AB-GP",120,0.03111128427431,0.0916028833871893,25,370
1,55,"AB-GP",120,0.03111128427431,0.113252697545144,18,300
1,56,"AB-GP",120,0,0.1262119029649,19,310
1,57,"AB-GP",120,0.03111128427431,0.085927446062092,15,270
1,58,"AB-GP",120,0.03111128427431,0.111803596352739,19,310
1,59,"AB-GP",120,0.154984485744392,0.19032471289666,25,370
1,60,"AB-GP",120,0.03111128427431,0.0742526665919535,19,310
1,61,"AB-GP",120,0.03111128427431,0.1140326397337,16,280
1,62,"AB-GP",120,0,0.187184416025176,25,370
1,63,"AB-GP",120,0.015555642137155,0.113567729339083,16,280
1,64,"AB-GP",120,0.015555642137155,0.104807605895039,16,280
1,65,"AB-GP",120,0.03111128427431,0.168225060975423,25,370
1,66,"AB-GP",120,0,0.140732762362738,14,260
1,67,"AB-GP",120,0.03111128427431,0.0705866163705838,25,370
1,68,"AB-GP",120,0,0.118699289475868,20,320
1,69,"AB-GP",120,0.03111128427431,0.102164541176736,14,260
1,70,"AB-GP",120,0.03111128427431,0.0886161490139191,25,370
1,71,"AB-GP",120,0.015555642137155,0.116170312693118,25,370
1,72,"AB-GP",120,0,0.176577443368996,18,300
1,73,"AB-GP",120,0.03111128427431,0.106330847828784,25,370
1,74,"AB-GP",120,0,0.104897418586643,19,310
1,75,"AB-GP",120,0,0.157651895656815,25,370
1,76,"AB-GP",120,0.154984485744392,0.183547960712947,25,370
1,77,"AB-GP",120,0.03111128427431,0.140670685036164,17,290
1,78,"AB-GP",120,0,0.106660792349804,18,300
1,79,"AB-GP",120,0.03111128427431,0.0627271740089351,11,230
1,80,"AB-GP",120,0.03111128427431,0.0725913609782329,15,270
1,81,"AB-GP",120,0.03111128427431,0.0858316981384677,25,370
1,82,"AB-GP",120,0,0.157526499003197,22,340
1,83,"AB-GP",120,0.015555642137155,0.153017790488927,16,280
1,84,"AB-GP",120,0.03111128427431,0.0784748779007286,19,310
1,85,"AB-GP",120,0.154984485744392,0.169474538810068,18,300
1,86,"AB-GP",120,0,0.113709228149405,16,280
1,87,"AB-GP",120,0.03111128427431,0.0751653275380447,25,370
1,88,"AB-GP",120,0.015555642137155,0.0830976598801568,14,260
1,89,"AB-GP",120,0.015555642137155,0.193310719443209,18,300
1,90,"AB-GP",120,0.03111128427431,0.137114476491049,18,300
1,91,"AB-GP",120,0.154984485744392,0.0953823559098125,16,280
1,92,"AB-GP",120,0.03111128427431,0.056328905935966,11,230
1,93,"AB-GP",120,0,0.0990373351266839,18,300
1,94,"AB-GP",120,0.03111128427431,0.0569764741564674,12,240
1,95,"AB-GP",120,0.154984485744392,0.167335913905155,25,370
1,96,"AB-GP",120,0.015555642137155,0.0955203823084856,15,270
1,97,"AB-GP",120,0.03111128427431,0.0734821776256272,11,230
1,98,"AB-GP",120,0.03111128427431,0.134509027483894,25,370
1,99,"AB-GP",120,0.03111128427431,0.107002229473001,25,370
1,100,"AB-GP",120,0.015555642137155,0.0913271330016725,15,270
1,101,"AB-GP",120,0.154984485744392,0.10100746628903,14,260
1,102,"AB-GP",120,0.03111128427431,0.0791165582538224,25,370
1,103,"AB-GP",120,0.03111128427431,0.0729313355005341,18,300
1,104,"AB-GP",120,0.03111128427431,0.0679791978067768,18,300
1,105,"AB-GP",120,0.03111128427431,0.0960061548014235,25,370
1,106,"AB-GP",120,0.03111128427431,0.111530019664365,25,370
1,107,"AB-GP",120,0.03111128427431,0.074872144339265,21,330
1,108,"AB-GP",120,0.03111128427431,0.0690643720548709,13,250
1,109,"AB-GP",120,0.246313494864583,0.347723075914675,19,310
1,110,"AB-GP",120,0.03111128427431,0.0729312532495322,19,310
1,111,"AB-GP",120,0.154984485744392,0.165463981531849,14,260
1,112,"AB-GP",120,0.015555642137155,0.0915543103363806,14,260
1,113,"AB-GP",120,0.03111128427431,0.0624673595569011,14,260
1,114,"AB-GP",120,0.03111128427431,0.121859757524777,14,260
1,115,"AB-GP",120,0.154984485744392,0.17861775383169,11,230
1,116,"AB-GP",120,0.03111128427431,0.0805472449622492,14,260
1,117,"AB-GP",120,0.03111128427431,0.128291271535403,18,300
1,118,"AB-GP",120,0.03111128427431,0.0648681556548529,16,280
1,119,"AB-GP",120,0.015555642137155,0.133572749302272,18,300
1,120,"AB-GP",120,0.03111128427431,0.0919333049613405,14,260
1,121,"AB-GP",120,0.03111128427431,0.0920345660976202,20,320
1,122,"AB-GP",120,0.015555642137155,0.128814961636432,25,370
1,123,"AB-GP",120,0.03111128427431,0.087186375928603,16,280
1,124,"AB-GP",120,0.03111128427431,0.066517674560057,25,370
1,125,"AB-GP",120,0.154984485744392,0.315748337476932,24,360
1,126,"AB-GP",120,0.03111128427431,0.10572740724741,25,370
1,127,"AB-GP",120,0.03111128427431,0.100152889758096,16,280
1,128,"AB-GP",120,0.03111128427431,0.06235867645831,13,250
1,129,"AB-GP",120,0.015555642137155,0.118840820371388,20,320
1,130,"AB-GP",120,0,0.149057325801249,17,290
1,131,"AB-GP",120,0.015555642137155,0.121375452273335,15,270
1,132,"AB-GP",120,0.015555642137155,0.140714674421801,25,370
1,133,"AB-GP",120,0.03111128427431,0.112312834358704,12,240
1,134,"AB-GP",120,0.03111128427431,0.0976438039687445,25,370
1,135,"AB-GP",120,0.03111128427431,0.057930235141024,18,300
1,136,"AB-GP",120,0.015555642137155,0.0953699931265553,12,240
1,137,"AB-GP",120,0.03111128427431,0.0600246120352876,11,230
1,138,"AB-GP",120,0.015555642137155,0.149534568237076,25,370
1,139,"AB-GP",120,0.015555642137155,0.116921466852118,16,280
1,140,"AB-GP",120,0.015555642137155,0.128982276480096,19,310
1,141,"AB-GP",120,0.03111128427431,0.065684486082759,12,240
1,142,"AB-GP",120,0.03111128427431,0.0728684937345553,12,240
1,143,"AB-GP",120,0.015555642137155,0.126702360738074,12,240
1,144,"AB-GP",120,0.03111128427431,0.0971608182352328,18,300
1,145,"AB-GP",120,0.03111128427431,0.0680467936045944,14,260
1,146,"AB-GP",120,0.015555642137155,0.193236877311856,14,260
1,147,"AB-GP",120,0.015555642137155,0.127391065983453,14,260
1,148,"AB-GP",120,0.03111128427431,0.0558223848417105,12,240
1,149,"AB-GP",120,0.015555642137155,0.118675614973146,15,270
1,150,"AB-GP",120,0.03111128427431,0.0708859624657726,11,230
1,151,"AB-GP",120,0.015555642137155,0.166598105487732,16,280
1,152,"AB-GP",120,0.015555642137155,0.112395607595377,17,290
1,153,"AB-GP",120,0.03111128427431,0.125053859659601,21,330
1,154,"AB-GP",120,0.03111128427431,0.149672180426306,25,370
1,155,"AB-GP",120,0.154984485744392,0.184354592840804,20,320
1,156,"AB-GP",120,0.03111128427431,0.0867738846076402,25,370
1,157,"AB-GP",120,0.03111128427431,0.07811003301689,25,370
1,158,"AB-GP",120,0.03111128427431,0.0902859994064223,13,250
1,159,"AB-GP",120,0.03111128427431,0.0779655397730543,14,260
1,160,"AB-GP",120,0.03111128427431,0.076140486309035,25,370
1,161,"AB-GP",120,0,0.108531770465683,18,300
1,162,"AB-GP",120,0.03111128427431,0.124063696109669,19,310
1,163,"AB-GP",120,0.015555642137155,0.114101844470669,15,270
1,164,"AB-GP",120,0.03111128427431,0.0847301552612203,21,330
1,165,"AB-GP",120,0.015555642137155,0.104120315358554,12,240
1,166,"AB-GP",120,0.03111128427431,0.0764763117922422,15,270
1,167,"AB-GP",120,0.03111128427431,0.0723060962307491,11,230
1,168,"AB-GP",120,0.03111128427431,0.146898217950147,19,310
1,169,"AB-GP",120,0.03111128427431,0.0703671173081532,15,270
1,170,"AB-GP",120,0.015555642137155,0.120690274317259,15,270
1,171,"AB-GP",120,0.03111128427431,0.130723276283012,15,270
1,172,"AB-GP",120,0.03111128427431,0.135661178255896,25,370
1,173,"AB-GP",120,0.03111128427431,0.0692724686896086,18,300
1,174,"AB-GP",120,0.015555642137155,0.134869475153691,15,270
1,175,"AB-GP",120,0.03111128427431,0.143610529670744,25,370
1,176,"AB-GP",120,0.03111128427431,0.0872225802205303,25,370
1,177,"AB-GP",120,0.154984485744392,0.179957567198047,25,370
1,178,"AB-GP",120,0.015555642137155,0.109097221363045,15,270
1,179,"AB-GP",120,0.154984485744392,0.170019498319282,12,240
1,180,"AB-GP",120,0.03111128427431,0.105339050192598,18,300
1,181,"AB-GP",120,0.015555642137155,0.100080975910348,17,290
1,182,"AB-GP",120,0.03111128427431,0.103295484298125,20,320
1,183,"AB-GP",120,0.03111128427431,0.0903585809134787,11,230
1,184,"AB-GP",120,0.03111128427431,0.207981972882874,16,280
1,185,"AB-GP",120,0.015555642137155,0.0903522819711301,12,240
1,186,"AB-GP",120,0.015555642137155,0.123251843896786,18,300
1,187,"AB-GP",120,0,0.150294915740162,17,290
1,188,"AB-GP",120,0.03111128427431,0.0607227811784889,19,310
1,189,"AB-GP",120,0.154984485744392,0.224086853296915,25,370
1,190,"AB-GP",120,0.03111128427431,0.0625819731335672,15,270
1,191,"AB-GP",120,0,0.11792074846611,19,310
1,192,"AB-GP",120,0.03111128427431,0.0586185144708927,17,290
1,193,"AB-GP",120,0.03111128427431,0.115129865542696,14,260
1,194,"AB-GP",120,0.03111128427431,0.0604105571166394,12,240
1,195,"AB-GP",120,0.03111128427431,0.085398739339321,17,290
1,196,"AB-GP",120,0.015555642137155,0.099173510746607,14,260
1,197,"AB-GP",120,0.154984485744392,0.168889330286144,25,370
1,198,"AB-GP",120,0.03111128427431,0.0808177193869724,19,310
1,199,"AB-GP",120,0.03111128427431,0.121603449819263,13,250
1,200,"AB-GP",120,0.03111128427431,0.124565356199716,25,370
1,201,"AB-GP",120,0.03111128427431,0.0614254890927445,15,270
1,202,"AB-GP",120,0.03111128427431,0.133685828162616,17,290
1,203,"AB-GP",120,0.015555642137155,0.0935769274369896,15,270
1,204,"AB-GP",120,0.03111128427431,0.126507058140529,19,310
1,205,"AB-GP",120,0.015555642137155,0.124441997787184,14,260
1,206,"AB-GP",120,0.03111128427431,0.17779478219401,25,370
1,207,"AB-GP",120,0.03111128427431,0.157723366064681,18,300
1,208,"AB-GP",120,0,0.144369486216153,16,280
1,209,"AB-GP",120,0.015555642137155,0.125981294114767,17,290
1,210,"AB-GP",120,0.154984485744392,0.185090281890871,20,320
1,211,"AB-GP",120,0.015555642137155,0.152820209102478,19,310
1,212,"AB-GP",120,0.03111128427431,0.0622852170553777,13,250
1,213,"AB-GP",120,0.015555642137155,0.105527812268795,21,330
1,214,"AB-GP",120,0.03111128427431,0.0700959915851089,13,250
1,215,"AB-GP",120,0.03111128427431,0.0862602319798,25,370
1,216,"AB-GP",120,0.03111128427431,0.0676715642437742,20,320
1,217,"AB-GP",120,0.03111128427431,0.126454407264488,25,370
1,218,"AB-GP",120,0.03111128427431,0.125221401970982,14,260
1,219,"AB-GP",120,0.03111128427431,0.134307405713072,14,260
1,220,"AB-GP",120,0.015555642137155,0.131602210581211,25,370
1,221,"AB-GP",120,0.015555642137155,0.110967634792171,13,250
1,222,"AB-GP",120,0.03111128427431,0.176279291999054,25,370
1,223,"AB-GP",120,0.170540127881547,0.0949192270877205,14,260
1,224,"AB-GP",120,0.03111128427431,0.0796398548425441,14,260
1,225,"AB-GP",120,0,0.160397138894815,15,270
1,226,"AB-GP",120,0.03111128427431,0.190974173723406,25,370
1,227,"AB-GP",120,0.03111128427431,0.0687979257909377,15,270
1,228,"AB-GP",120,0.03111128427431,0.0802134243106173,14,260
1,229,"AB-GP",120,0.03111128427431,0.0685634106578608,13,250
1,230,"AB-GP",120,0,0.126754971857527,18,300
1,231,"AB-GP",120,0,0.112087557918062,19,310
1,232,"AB-GP",120,0,0.133000620946477,25,370
1,233,"AB-GP",120,0.03111128427431,0.0943948500898519,25,370
1,234,"AB-GP",120,0.03111128427431,0.0979115662547246,21,330
1,235,"AB-GP",120,0.154984485744392,0.118676652753155,20,320
1,236,"AB-GP",120,0.015555642137155,0.115369876022394,13,250
1,237,"AB-GP",120,0.015555642137155,0.121923039275008,25,370
1,238,"AB-GP",120,0.015555642137155,0.0962869386927248,11,230
1,239,"AB-GP",120,0,0.150980287911586,18,300
1,240,"AB-GP",120,0.015555642137155,0.11249439503203,14,260
1,241,"AB-GP",120,0.03111128427431,0.0596414769385667,13,250
1,242,"AB-GP",120,0.015555642137155,0.179628930058447,16,280
1,243,"AB-GP",120,0.03111128427431,0.0634553465653055,12,240
1,244,"AB-GP",120,0.03111128427431,0.0673255164065408,17,290
1,245,"AB-GP",120,0.03111128427431,0.118126907505569,11,230
1,246,"AB-GP",120,0.162330933824191,0.17428799868979,25,370
1,247,"AB-GP",120,0.03111128427431,0.13983658386209,17,290
1,248,"AB-GP",120,0.154984485744392,0.172666191598962,19,310
1,249,"AB-GP",120,0.03111128427431,0.0970834813802961,14,260
1,250,"AB-GP",120,0.015555642137155,0.0989026999941904,12,240
1,251,"AB-GP",120,0.015555642137155,0.110105905374238,11,230
1,252,"AB-GP",120,0.03111128427431,0.0865117101348853,25,370
1,253,"AB-GP",120,0.03111128427431,0.0607548015674394,18,300
1,254,"AB-GP",120,0.03111128427431,0.0869911942157536,16,280
1,255,"AB-GP",120,0.015555642137155,0.133351476300679,19,310
1,256,"AB-GP",120,0.03111128427431,0.11768384557514,25,370
1,257,"AB-GP",120,0.015555642137155,0.133291981369794,13,250
1,258,"AB-GP",120,0.03111128427431,0.0864540850471653,25,370
1,259,"AB-GP",120,0.03111128427431,0.071956581022421,19,310
1,260,"AB-GP",120,0.015555642137155,0.0865124624408475,16,280
1,261,"AB-GP",120,0.03111128427431,0.0733424498104432,17,290
1,262,"AB-GP",120,0.03111128427431,0.107377706092845,14,260
1,263,"AB-GP",120,0.03111128427431,0.123115058149967,15,270
1,264,"AB-GP",120,0.015555642137155,0.10482138589607,16,280
1,265,"AB-GP",120,0,0.142690679025657,21,330
1,266,"AB-GP",120,0.03111128427431,0.13924353608553,16,280
1,267,"AB-GP",120,0.03111128427431,0.0812764013996209,14,260
1,268,"AB-GP",120,0.015555642137155,0.119229459486879,17,290
1,269,"AB-GP",120,0.015555642137155,0.0860361886251358,17,290
1,270,"AB-GP",120,0.015555642137155,0.14217773351983,16,280
1,271,"AB-GP",120,0.015555642137155,0.0950464444264488,14,260
1,272,"AB-GP",120,0.015555642137155,0.226915622314538,19,310
1,273,"AB-GP",120,0,0.141446563276076,25,370
1,274,"AB-GP",120,0.03111128427431,0.0697487904619104,17,290
1,275,"AB-GP",120,0.015555642137155,0.097350654463837,16,280
1,276,"AB-GP",120,0.154984485744392,0.199426105214526,18,300
1,277,"AB-GP",120,0.154984485744392,0.174015590876016,25,370
1,278,"AB-GP",120,0.015555642137155,0.106555788128804,14,260
1,279,"AB-GP",120,0.015555642137155,0.119977931946819,12,240
1,280,"AB-GP",120,0.03111128427431,0.0588869341177001,18,300
1,281,"AB-GP",120,0.03111128427431,0.0820845406095667,15,270
1,282,"AB-GP",120,0.03111128427431,0.126533255083763,16,280
1,283,"AB-GP",120,0.03111128427431,0.106451824720415,19,310
1,284,"AB-GP",120,0.015555642137155,0.211687550046935,21,330
1,285,"AB-GP",120,0.03111128427431,0.0640126940712754,13,250
1,286,"AB-GP",120,0.015555642137155,0.110964495957023,19,310
1,287,"AB-GP",120,0.03111128427431,0.0894049995947658,18,300
1,288,"AB-GP",120,0.03111128427431,0.100419562864355,14,260
1,289,"AB-GP",120,0.015555642137155,0.117046635218348,20,320
1,290,"AB-GP",120,0.03111128427431,0.126470163536076,14,260
1,291,"AB-GP",120,0.015555642137155,0.0937276666413459,13,250
1,292,"AB-GP",120,0.03111128427431,0.0565300890821996,18,300
1,293,"AB-GP",120,0.154984485744392,0.179696889159817,25,370
1,294,"AB-GP",120,0.170540127881547,0.117403288346738,22,340
1,295,"AB-GP",120,0,0.245439704182478,13,250
1,296,"AB-GP",120,0.03111128427431,0.0872225024933634,14,260
1,297,"AB-GP",120,0.03111128427431,0.0869103516690567,14,260
1,298,"AB-GP",120,0.03111128427431,0.0972931783591697,15,270
1,299,"AB-GP",120,0.146775291687036,0.22254807701362,15,270
1,300,"AB-GP",120,0.015555642137155,0.221038346044172,17,290
1,301,"AB-GP",120,0.03111128427431,0.137678697041246,13,250
1,302,"AB-GP",120,0.03111128427431,0.078124508212411,25,370
1,303,"AB-GP",120,0.015555642137155,0.118490082594818,19,310
1,304,"AB-GP",120,0.03111128427431,0.100394703401765,15,270
1,305,"AB-GP",120,0.03111128427431,0.0749912504033186,12,240
1,306,"AB-GP",120,0.154984485744392,0.169979588774741,13,250
1,307,"AB-GP",120,0.03111128427431,0.0694963201168215,12,240
1,308,"AB-GP",120,0.03111128427431,0.0613878351727489,18,300
1,309,"AB-GP",120,0,0.211323588324945,19,310
1,310,"AB-GP",120,0.03111128427431,0.0669550270592578,17,290
1,311,"AB-GP",120,0.03111128427431,0.0711598459180676,14,260
1,312,"AB-GP",120,0,0.139616489017685,20,320
1,313,"AB-GP",120,0.03111128427431,0.10527612383635,21,330
1,314,"AB-GP",120,0.293550583374071,0.203862532176017,16,280
1,315,"AB-GP",120,0.03111128427431,0.0646860856989357,13,250
1,316,"AB-GP",120,0.03111128427431,0.062421935261292,19,310
1,317,"AB-GP",120,0.015555642137155,0.118146298324199,25,370
1,318,"AB-GP",120,0.03111128427431,0.10837251312525,25,370
1,319,"AB-GP",120,0.015555642137155,0.219029367949482,25,370
1,320,"AB-GP",120,0.03111128427431,0.0664966089989678,15,270
1,321,"AB-GP",120,0.03111128427431,0.169757628430562,25,370
1,322,"AB-GP",120,0.015555642137155,0.157480686965614,15,270
1,323,"AB-GP",120,0.015555642137155,0.126868316223743,14,260
1,324,"AB-GP",120,0.154984485744392,0.171190754252971,16,280
1,325,"AB-GP",120,0,0.220314359194633,21,330
1,326,"AB-GP",120,0.015555642137155,0.105320575478756,17,290
1,327,"AB-GP",120,0.03111128427431,0.0632105620668297,25,370
1,328,"AB-GP",120,0.03111128427431,0.0624066668433828,23,350
1,329,"AB-GP",120,0.154984485744392,0.148295511160866,17,290
1,330,"AB-GP",120,0.03111128427431,0.116197063821878,17,290
1,331,"AB-GP",120,0.03111128427431,0.113012507351788,13,250
1,332,"AB-GP",120,0.03111128427431,0.118499789035481,20,320
1,333,"AB-GP",120,0.03111128427431,0.111435037323047,13,250
1,334,"AB-GP",120,0.03111128427431,0.0598968871646842,14,260
1,335,"AB-GP",120,0.03111128427431,0.058341401179312,12,240
1,336,"AB-GP",120,0.015555642137155,0.0955222838637612,15,270
1,337,"AB-GP",120,0.03111128427431,0.0856324383301331,15,270
1,338,"AB-GP",120,0.03111128427431,0.102456333153175,19,310
1,339,"AB-GP",120,0.154984485744392,0.170604613139872,14,260
1,340,"AB-GP",120,0.015555642137155,0.107132750956606,14,260
1,341,"AB-GP",120,0.015555642137155,0.149752411862493,18,300
1,342,"AB-GP",120,0.03111128427431,0.156372961828559,25,370
1,343,"AB-GP",120,0.03111128427431,0.150789454898171,19,310
1,344,"AB-GP",120,0.154984485744392,0.198526668624486,25,370
1,345,"AB-GP",120,0.015555642137155,0.0998773609901598,16,280
1,346,"AB-GP",120,0.03111128427431,0.0647409573628762,20,320
1,347,"AB-GP",120,0.03111128427431,0.114973361830372,14,260
1,348,"AB-GP",120,0.03111128427431,0.068205380232438,25,370
1,349,"AB-GP",120,0.015555642137155,0.144392113675003,19,310
1,350,"AB-GP",120,0.03111128427431,0.0648356038839232,16,280
1,351,"AB-GP",120,0,0.092006856769826,13,250
1,352,"AB-GP",120,0.154984485744392,0.178743209727206,25,370
1,353,"AB-GP",120,0.154984485744392,0.203460564847551,25,370
1,354,"AB-GP",120,0,0.206868828979326,20,320
1,355,"AB-GP",120,0.03111128427431,0.102356238532942,25,370
1,356,"AB-GP",120,0.015555642137155,0.121137489466003,17,290
1,357,"AB-GP",120,0.03111128427431,0.103947241329212,25,370
1,358,"AB-GP",120,0,0.110978423886413,25,370
1,359,"AB-GP",120,0.03111128427431,0.140942894560013,22,340
1,360,"AB-GP",120,0.03111128427431,0.0655909811955236,25,370
1,361,"AB-GP",120,0.03111128427431,0.11109323097483,25,370
1,362,"AB-GP",120,0.03111128427431,0.0673699480109062,14,260
1,363,"AB-GP",120,0.03111128427431,0.0540274655116326,17,290
1,364,"AB-GP",120,0.03111128427431,0.131643923760261,17,290
1,365,"AB-GP",120,0.03111128427431,0.0869075999598197,25,370
1,366,"AB-GP",120,0.154984485744392,0.174513638791397,18,300
1,367,"AB-GP",120,0.03111128427431,0.109740107447405,25,370
1,368,"AB-GP",120,0.03111128427431,0.109011391148149,13,250
1,369,"AB-GP",120,0.03111128427431,0.090940154161896,17,290
1,370,"AB-GP",120,0.015555642137155,0.162318849697228,15,270
1,371,"AB-GP",120,0.03111128427431,0.106099284189613,25,370
1,372,"AB-GP",120,0.015555642137155,0.110228700993004,14,260
1,373,"AB-GP",120,0,0.164444084872096,20,320
1,374,"AB-GP",120,0.154984485744392,0.175170261181085,17,290
1,375,"AB-GP",120,0.154984485744392,0.227753375497541,13,250
1,376,"AB-GP",120,0.015555642137155,0.121859434377248,15,270
1,377,"AB-GP",120,0.03111128427431,0.107728851990255,25,370
1,378,"AB-GP",120,0.170540127881547,0.154193899360309,12,240
1,379,"AB-GP",120,0.03111128427431,0.106173808959103,16,280
1,380,"AB-GP",120,0.03111128427431,0.0773022757234105,25,370
1,381,"AB-GP",120,0.015555642137155,0.0890673413735341,20,320
1,382,"AB-GP",120,0.03111128427431,0.104445290707053,17,290
1,383,"AB-GP",120,0.293550583374071,0.0794054368544741,25,370
1,384,"AB-GP",120,0.015555642137155,0.128288041599209,21,330
1,385,"AB-GP",120,0.03111128427431,0.155506427679535,25,370
1,386,"AB-GP",120,0.015555642137155,0.100413569710496,22,340
1,387,"AB-GP",120,0.03111128427431,0.0776187104266435,18,300
1,388,"AB-GP",120,0.03111128427431,0.0727908186432075,20,320
1,389,"AB-GP",120,0.03111128427431,0.0732154841816016,18,300
1,390,"AB-GP",120,0.154984485744392,0.228696529459414,19,310
1,391,"AB-GP",120,0.03111128427431,0.0739169008007199,18,300
1,392,"AB-GP",120,0,0.132567642937059,25,370
1,393,"AB-GP",120,0.03111128427431,0.106761900035396,25,370
1,394,"AB-GP",120,0.03111128427431,0.066113619442869,15,270
1,395,"AB-GP",120,0.015555642137155,0.193186632467915,19,310
1,396,"AB-GP",120,0.03111128427431,0.0747646298131367,12,240
1,397,"AB-GP",120,0.015555642137155,0.113446535667626,13,250
1,398,"AB-GP",120,0.03111128427431,0.0798966877719141,15,270
1,399,"AB-GP",120,0.015555642137155,0.0985988842726263,16,280
1,400,"AB-GP",120,0.03111128427431,0.0698305580043488,25,370
1,401,"AB-GP",120,0.015555642137155,0.139883041347252,12,240
1,402,"AB-GP",120,0.015555642137155,0.130793057482994,17,290
1,403,"AB-GP",120,0.03111128427431,0.0764146274596663,17,290
1,404,"AB-GP",120,0.03111128427431,0.125157225837113,16,280
1,405,"AB-GP",120,0,0.127192387795032,14,260
1,406,"AB-GP",120,0.03111128427431,0.0992780022881834,14,260
1,407,"AB-GP",120,0.03111128427431,0.126321217146348,25,370
1,408,"AB-GP",120,0.154984485744392,0.178157765911026,20,320
1,409,"AB-GP",120,0.03111128427431,0.0590026640991359,25,370
1,410,"AB-GP",120,0.03111128427431,0.104692314106554,13,250
1,411,"AB-GP",120,0.03111128427431,0.0640974180989577,18,300
1,412,"AB-GP",120,0.154984485744392,0.188344327947677,25,370
1,413,"AB-GP",120,0.03111128427431,0.0581371350185748,12,240
1,414,"AB-GP",120,0.154984485744392,0.178650198058359,25,370
1,415,"AB-GP",120,0.015555642137155,0.123689202464627,14,260
1,416,"AB-GP",120,0.03111128427431,0.0962823906071641,13,250
1,417,"AB-GP",120,0.03111128427431,0.0972237534358855,19,310
1,418,"AB-GP",120,0.015555642137155,0.0889476684873927,16,280
1,419,"AB-GP",120,0.154984485744392,0.101763316748952,21,330
1,420,"AB-GP",120,0.03111128427431,0.105687286613618,25,370
1,421,"AB-GP",120,0.154984485744392,0.170286147397291,15,270
1,422,"AB-GP",120,0,0.0985708392719554,15,270
1,423,"AB-GP",120,0.03111128427431,0.0678591570518448,25,370
1,424,"AB-GP",120,0.03111128427431,0.172045845698081,13,250
1,425,"AB-GP",120,0.170540127881547,0.213906062672229,17,290
1,426,"AB-GP",120,0.03111128427431,0.0865718876939679,25,370
1,427,"AB-GP",120,0.015555642137155,0.137487585986029,25,370
1,428,"AB-GP",120,0,0.127630318484838,21,330
1,429,"AB-GP",120,0.015555642137155,0.135355489866409,15,270
1,430,"AB-GP",120,0.015555642137155,0.109307748338313,17,290
1,431,"AB-GP",120,0.154984485744392,0.135708784908524,15,270
1,432,"AB-GP",120,0.03111128427431,0.124756107834608,15,270
1,433,"AB-GP",120,0.03111128427431,0.0726008769952876,13,250
1,434,"AB-GP",120,0.154984485744392,0.177702353814449,14,260
1,435,"AB-GP",120,0,0.112550645844132,17,290
1,436,"AB-GP",120,0.03111128427431,0.17013503382484,18,300
1,437,"AB-GP",120,0.015555642137155,0.12025744138317,25,370
1,438,"AB-GP",120,0.015555642137155,0.0876773108544618,18,300
1,439,"AB-GP",120,0.015555642137155,0.105221548910602,16,280
1,440,"AB-GP",120,0.015555642137155,0.105532784891727,14,260
1,441,"AB-GP",120,0.015555642137155,0.0877647178642919,13,250
1,442,"AB-GP",120,0.015555642137155,0.126212106193872,23,350
1,443,"AB-GP",120,0.03111128427431,0.0582397282275573,15,270
1,444,"AB-GP",120,0.03111128427431,0.101781669935619,16,280
1,445,"AB-GP",120,0.03111128427431,0.0616525426874303,20,320
1,446,"AB-GP",120,0.015555642137155,0.125416305076923,20,320
1,447,"AB-GP",120,0.154984485744392,0.173478814032951,25,370
1,448,"AB-GP",120,0.03111128427431,0.0822063804217399,14,260
1,449,"AB-GP",120,0,0.115503555700707,24,360
1,450,"AB-GP",120,0,0.187286150281923,16,280
1,451,"AB-GP",120,0.03111128427431,0.128668741501136,12,240
1,452,"AB-GP",120,0.015555642137155,0.145918840970278,16,280
1,453,"AB-GP",120,0.015555642137155,0.112388965192148,17,290
1,454,"AB-GP",120,0.03111128427431,0.186828993368359,25,370
1,455,"AB-GP",120,0.03111128427431,0.0855718494971088,25,370
1,456,"AB-GP",120,0.015555642137155,0.1103705404008,17,290
1,457,"AB-GP",120,0,0.101601977921234,19,310
1,458,"AB-GP",120,0.03111128427431,0.0699574208380909,13,250
1,459,"AB-GP",120,0.03111128427431,0.162691336878929,14,260
1,460,"AB-GP",120,0.154984485744392,0.173949580885153,14,260
1,461,"AB-GP",120,0.03111128427431,0.0709415984075133,12,240
1,462,"AB-GP",120,0.03111128427431,0.0888271610149301,14,260
1,463,"AB-GP",120,0.03111128427431,0.117989618258931,23,350
1,464,"AB-GP",120,0.015555642137155,0.128879856535771,25,370
1,465,"AB-GP",120,0.03111128427431,0.0540774957874734,16,280
1,466,"AB-GP",120,0.03111128427431,0.0711147339943239,15,270
1,467,"AB-GP",120,0.03111128427431,0.0728113601890751,25,370
1,468,"AB-GP",120,0,0.103341244829073,14,260
1,469,"AB-GP",120,0.015555642137155,0.106779165301447,15,270
1,470,"AB-GP",120,0.03111128427431,0.148501621375352,25,370
1,471,"AB-GP",120,0.03111128427431,0.0800240534796559,13,250
1,472,"AB-GP",120,0.03111128427431,0.0721572990045681,14,260
1,473,"AB-GP",120,0,0.122882552634218,25,370
1,474,"AB-GP",120,0.015555642137155,0.0687851605271542,17,290
1,475,"AB-GP",120,0.03111128427431,0.100507046924867,13,250
1,476,"AB-GP",120,0.015555642137155,0.0964962723972771,18,300
1,477,"AB-GP",120,0,0.105416089617803,20,320
1,478,"AB-GP",120,0,0.140171187703395,23,350
1,479,"AB-GP",120,0.03111128427431,0.144232534386917,21,330
1,480,"AB-GP",120,0,0.0961848599119357,18,300
1,481,"AB-GP",120,0.154984485744392,0.173997921065188,21,330
1,482,"AB-GP",120,0,0.121376023970366,25,370
1,483,"AB-GP",120,0.03111128427431,0.108730424792788,19,310
1,484,"AB-GP",120,0.03111128427431,0.0843520137926173,19,310
1,485,"AB-GP",120,0.015555642137155,0.101811980862401,13,250
1,486,"AB-GP",120,0.03111128427431,0.0947734936396805,19,310
1,487,"AB-GP",120,0.03111128427431,0.0742163769047216,19,310
1,488,"AB-GP",120,0.154984485744392,0.189422632746198,20,320
1,489,"AB-GP",120,0.015555642137155,0.184545315410229,13,250
1,490,"AB-GP",120,0.03111128427431,0.111857815544083,16,280
1,491,"AB-GP",120,0.015555642137155,0.0971894098274912,19,310
1,492,"AB-GP",120,0.03111128427431,0.0738801801349758,17,290
1,493,"AB-GP",120,0.162330933824191,0.16115540720564,18,300
1,494,"AB-GP",120,0.146775291687036,0.153447201320817,16,280
1,495,"AB-GP",120,0.03111128427431,0.066316510110003,17,290
1,496,"AB-GP",120,0.03111128427431,0.0637059518691091,14,260
1,497,"AB-GP",120,0.03111128427431,0.115528962627932,25,370
1,498,"AB-GP",120,0.015555642137155,0.090603045632581,13,250
1,499,"AB-GP",120,0.03111128427431,0.123884792548068,25,370
1,500,"AB-GP",120,0.015555642137155,0.102732365235257,20,320
1,501,"AB-GP",120,0.03111128427431,0.0639801310367072,17,290
1,502,"AB-GP",120,0.03111128427431,0.0712363807098311,25,370
1,503,"AB-GP",120,0.03111128427431,0.129571147635346,16,280
1,504,"AB-GP",120,0.03111128427431,0.119173736863768,25,370
1,505,"AB-GP",120,0.015555642137155,0.147958748565975,16,280
1,506,"AB-GP",120,0.03111128427431,0.0836090801499238,25,370
1,507,"AB-GP",120,0.154984485744392,0.175941964220166,21,330
1,508,"AB-GP",120,0.015555642137155,0.102859820488526,25,370
1,509,"AB-GP",120,0.03111128427431,0.0833346086280473,15,270
1,510,"AB-GP",120,0.015555642137155,0.106583310569407,15,270
1,511,"AB-GP",120,0.015555642137155,0.206076853622533,18,300
1,512,"AB-GP",120,0.03111128427431,0.100402074161839,20,320
1,513,"AB-GP",120,0.03111128427431,0.0870145687089939,13,250
1,514,"AB-GP",120,0.03111128427431,0.101542040205135,25,370
1,515,"AB-GP",120,0.154984485744392,0.225058241775943,25,370
1,516,"AB-GP",120,0.154984485744392,0.19546679254458,20,320
1,517,"AB-GP",120,0.03111128427431,0.114028441516149,25,370
1,518,"AB-GP",120,0.154984485744392,0.197834577173835,25,370
1,519,"AB-GP",120,0.154984485744392,0.188354792918619,25,370
1,520,"AB-GP",120,0.03111128427431,0.0832973758755909,13,250
1,521,"AB-GP",120,0.03111128427431,0.0788965101916251,25,370
1,522,"AB-GP",120,0.015555642137155,0.136989834779754,20,320
1,523,"AB-GP",120,0.015555642137155,0.14896891359824,15,270
1,524,"AB-GP",120,0,0.126438517684616,25,370
1,525,"AB-GP",120,0.03111128427431,0.0699629016586749,14,260
1,526,"AB-GP",120,0.03111128427431,0.0875523874150217,25,370
1,527,"AB-GP",120,0.015555642137155,0.122228090373746,19,310
1,528,"AB-GP",120,0.03111128427431,0.121476699726825,20,320
1,529,"AB-GP",120,0,0.116560774564666,16,280
1,530,"AB-GP",120,0.154984485744392,0.169115839002993,12,240
1,531,"AB-GP",120,0.154984485744392,0.21765271685416,25,370
1,532,"AB-GP",120,0.015555642137155,0.0994204476844716,20,320
1,533,"AB-GP",120,0.03111128427431,0.185019094020009,19,310
1,534,"AB-GP",120,0.03111128427431,0.0665071414575136,18,300
1,535,"AB-GP",120,0.015555642137155,0.0940937750569995,18,300
1,536,"AB-GP",120,0.03111128427431,0.0660041900397822,17,290
1,537,"AB-GP",120,0,0.152676450169099,25,370
1,538,"AB-GP",120,0.154984485744392,0.186555600742486,25,370
1,539,"AB-GP",120,0.03111128427431,0.128240198058097,25,370
1,540,"AB-GP",120,0.154984485744392,0.187481513071013,14,260
1,541,"AB-GP",120,0.154984485744392,0.116853937098623,25,370
1,542,"AB-GP",120,0.03111128427431,0.050810111836774,10,220
1,543,"AB-GP",120,0.03111128427431,0.166240506840291,17,290
1,544,"AB-GP",120,0.154984485744392,0.214889648294059,25,370
1,545,"AB-GP",120,0.03111128427431,0.0647211533296844,14,260
1,546,"AB-GP",120,0.03111128427431,0.165710386592955,17,290
1,547,"AB-GP",120,0.03111128427431,0.114730318084576,17,290
1,548,"AB-GP",120,0.03111128427431,0.0733468471150261,25,370
1,549,"AB-GP",120,0.015555642137155,0.105401136192509,25,370
1,550,"AB-GP",120,0.162330933824191,0.23201370430707,25,370
1,551,"AB-GP",120,0.03111128427431,0.0640654511430592,13,250
1,552,"AB-GP",120,0,0.154077361711372,25,370
1,553,"AB-GP",120,0.03111128427431,0.0575288016541919,16,280
1,554,"AB-GP",120,0.015555642137155,0.0872892558003868,15,270
1,555,"AB-GP",120,0.03111128427431,0.0635257234384528,16,280
1,556,"AB-GP",120,0.154984485744392,0.194592755781191,25,370
1,557,"AB-GP",120,0.03111128427431,0.0728950252969911,13,250
1,558,"AB-GP",120,0.015555642137155,0.142292943516099,16,280
1,559,"AB-GP",120,0.03111128427431,0.0811895340346758,25,370
1,560,"AB-GP",120,0,0.130406871772482,19,310
1,561,"AB-GP",120,0.015555642137155,0.193906969595466,17,290
1,562,"AB-GP",120,0.03111128427431,0.0735191201721806,13,250
1,563,"AB-GP",120,0.03111128427431,0.107564264706961,25,370
1,564,"AB-GP",120,0.015555642137155,0.177019833937754,17,290
1,565,"AB-GP",120,0.03111128427431,0.163805964376894,25,370
1,566,"AB-GP",120,0.015555642137155,0.132491182497319,22,340
1,567,"AB-GP",120,0.03111128427431,0.0737342463009997,25,370
1,568,"AB-GP",120,0.170540127881547,0.16037990141917,19,310
1,569,"AB-GP",120,0.03111128427431,0.103189515982307,25,370
1,570,"AB-GP",120,0.154984485744392,0.180228787619185,14,260
1,571,"AB-GP",120,0.03111128427431,0.08830459466352,11,230
1,572,"AB-GP",120,0.03111128427431,0.13903454591523,22,340
1,573,"AB-GP",120,0.03111128427431,0.06394583811577,12,240
1,574,"AB-GP",120,0.03111128427431,0.0999315196223948,16,280
1,575,"AB-GP",120,0.03111128427431,0.137796012809979,14,260
1,576,"AB-GP",120,0,0.103424677188953,18,300
1,577,"AB-GP",120,0.03111128427431,0.07365443266347,13,250
1,578,"AB-GP",120,0.015555642137155,0.115769103362174,22,340
1,579,"AB-GP",120,0.03111128427431,0.0715263046621418,25,370
1,580,"AB-GP",120,0.03111128427431,0.0756712466046368,12,240
1,581,"AB-GP",120,0.03111128427431,0.0782776062619053,20,320
1,582,"AB-GP",120,0.03111128427431,0.14573591691594,16,280
1,583,"AB-GP",120,0.03111128427431,0.10891346125264,25,370
1,584,"AB-GP",120,0.03111128427431,0.0758459940106144,14,260
1,585,"AB-GP",120,0.015555642137155,0.205676550660503,22,340
1,586,"AB-GP",120,0.015555642137155,0.132045512728168,25,370
1,587,"AB-GP",120,0.03111128427431,0.0523998237768235,14,260
1,588,"AB-GP",120,0.03111128427431,0.0744763580662855,12,240
1,589,"AB-GP",120,0.015555642137155,0.0970909216872988,25,370
1,590,"AB-GP",120,0,0.157302767699416,14,260
1,591,"AB-GP",120,0.154984485744392,0.181240496356153,18,300
1,592,"AB-GP",120,0.03111128427431,0.0783020876215705,15,270
1,593,"AB-GP",120,0.03111128427431,0.0891905207057844,16,280
1,594,"AB-GP",120,0.03111128427431,0.0600061463612853,16,280
1,595,"AB-GP",120,0.03111128427431,0.0798782480721307,20,320
1,596,"AB-GP",120,0.015555642137155,0.106269487863566,15,270
1,597,"AB-GP",120,0.03111128427431,0.102584879224327,25,370
1,598,"AB-GP",120,0.03111128427431,0.167995419083717,18,300
1,599,"AB-GP",120,0,0.12360263675394,18,300
1,600,"AB-GP",120,0.162330933824191,0.183984643263708,25,370
1,601,"AB-GP",120,0.015555642137155,0.0946233006512331,16,280
1,602,"AB-GP",120,0.015555642137155,0.125726592432952,19,310
1,603,"AB-GP",120,0.03111128427431,0.0773552633199561,17,290
1,604,"AB-GP",120,0.03111128427431,0.0838080810288432,25,370
1,605,"AB-GP",120,0,0.117283310545828,18,300
1,606,"AB-GP",120,0.03111128427431,0.0519396658509257,11,230
1,607,"AB-GP",120,0.015555642137155,0.132112619961808,17,290
1,608,"AB-GP",120,0.03111128427431,0.0703194239648238,17,290
1,609,"AB-GP",120,0.03111128427431,0.0849116521001873,16,280
1,610,"AB-GP",120,0.015555642137155,0.144999000877446,21,330
1,611,"AB-GP",120,0.015555642137155,0.153715691494943,12,240
1,612,"AB-GP",120,0.03111128427431,0.0636633622927585,17,290
1,613,"AB-GP",120,0.03111128427431,0.157133322948765,17,290
1,614,"AB-GP",120,0.03111128427431,0.0562374330826331,13,250
1,615,"AB-GP",120,0.03111128427431,0.116179298014629,21,330
1,616,"AB-GP",120,0,0.17338959853144,18,300
1,617,"AB-GP",120,0.015555642137155,0.10892961606853,14,260
1,618,"AB-GP",120,0,0.166213734126936,25,370
1,619,"AB-GP",120,0.015555642137155,0.0842754224817068,19,310
1,620,"AB-GP",120,0.03111128427431,0.0914155097990507,25,370
1,621,"AB-GP",120,0.146775291687036,0.226361814688023,15,270
1,622,"AB-GP",120,0.03111128427431,0.1831664479737,17,290
1,623,"AB-GP",120,0.015555642137155,0.0925686064045114,15,270
1,624,"AB-GP",120,0.03111128427431,0.0810467653821024,25,370
1,625,"AB-GP",120,0.03111128427431,0.268707856072368,11,230
1,626,"AB-GP",120,0.03111128427431,0.116192097617086,15,270
1,627,"AB-GP",120,0,0.109756131592344,21,330
1,628,"AB-GP",120,0.03111128427431,0.111812856889237,25,370
1,629,"AB-GP",120,0.03111128427431,0.0725940304596827,18,300
1,630,"AB-GP",120,0.03111128427431,0.0977530349900089,19,310
1,631,"AB-GP",120,0.015555642137155,0.113120619146588,14,260
1,632,"AB-GP",120,0.03111128427431,0.100982566584946,17,290
1,633,"AB-GP",120,0.03111128427431,0.0808567691541852,25,370
1,634,"AB-GP",120,0,0.126893610758626,16,280
1,635,"AB-GP",120,0.015555642137155,0.0927235110531697,11,230
1,636,"AB-GP",120,0.015555642137155,0.185163538875511,24,360
1,637,"AB-GP",120,0.03111128427431,0.107014114739201,17,290
1,638,"AB-GP",120,0.015555642137155,0.13283748829339,22,340
1,639,"AB-GP",120,0.850344151802164,0.119963141155264,11,230
1,640,"AB-GP",120,0.03111128427431,0.0606542867681875,19,310
1,641,"AB-GP",120,0.015555642137155,0.110579861842852,13,250
1,642,"AB-GP",120,0.015555642137155,0.15143858771009,13,250
1,643,"AB-GP",120,0.015555642137155,0.205142659871535,21,330
1,644,"AB-GP",120,0.015555642137155,0.100718697183372,18,300
1,645,"AB-GP",120,0.015555642137155,0.0902275802104561,13,250
1,646,"AB-GP",120,0.015555642137155,0.0906271324153378,17,290
1,647,"AB-GP",120,0.03111128427431,0.0931100725327711,15,270
1,648,"AB-GP",120,0.015555642137155,0.152567109981722,25,370
1,649,"AB-GP",120,0.03111128427431,0.101821354836678,18,300
1,650,"AB-GP",120,0.03111128427431,0.0860985562008817,25,370
1,651,"AB-GP",120,0.015555642137155,0.110128279697209,23,350
1,652,"AB-GP",120,0.154984485744392,0.204742465913845,25,370
1,653,"AB-GP",120,0.154984485744392,0.170609594718088,14,260
1,654,"AB-GP",120,0.015555642137155,0.106759449703102,18,300
1,655,"AB-GP",120,0.154984485744392,0.193351211983788,11,230
1,656,"AB-GP",120,0.015555642137155,0.143044549519984,19,310
1,657,"AB-GP",120,0.154984485744392,0.173093002094864,17,290
1,658,"AB-GP",120,0.015555642137155,0.12483714046264,17,290
1,659,"AB-GP",120,0.03111128427431,0.0859652944469389,19,310
1,660,"AB-GP",120,0.03111128427431,0.12122408510585,25,370
1,661,"AB-GP",120,0.03111128427431,0.0917785410608825,13,250
1,662,"AB-GP",120,0.154984485744392,0.121172917686283,19,310
1,663,"AB-GP",120,0.015555642137155,0.133417003743939,13,250
1,664,"AB-GP",120,0.03111128427431,0.0777584557011742,25,370
1,665,"AB-GP",120,0.015555642137155,0.213982194547242,25,370
1,666,"AB-GP",120,0.015555642137155,0.120112645845178,14,260
1,667,"AB-GP",120,0.03111128427431,0.114593862881772,14,260
1,668,"AB-GP",120,0,0.157080340672854,17,290
1,669,"AB-GP",120,0.03111128427431,0.142395669795924,18,300
1,670,"AB-GP",120,0.03111128427431,0.0891767436531182,25,370
1,671,"AB-GP",120,0.03111128427431,0.0951590922389818,20,320
1,672,"AB-GP",120,0.03111128427431,0.128337395281034,25,370
1,673,"AB-GP",120,0.03111128427431,0.0808830163116904,21,330
1,674,"AB-GP",120,0.03111128427431,0.0647863784049885,17,290
1,675,"AB-GP",120,0.154984485744392,0.184465067085178,25,370
1,676,"AB-GP",120,0.03111128427431,0.0901653313399849,15,270
1,677,"AB-GP",120,0.015555642137155,0.169901178651699,16,280
1,678,"AB-GP",120,0.03111128427431,0.120992214755534,25,370
1,679,"AB-GP",120,0.146775291687036,0.129677280281073,20,320
1,680,"AB-GP",120,0.03111128427431,0.076148110803822,18,300
1,681,"AB-GP",120,0.03111128427431,0.107712772027783,15,270
1,682,"AB-GP",120,0.146775291687036,0.118013919782568,17,290
1,683,"AB-GP",120,0.03111128427431,0.0835319359356788,15,270
1,684,"AB-GP",120,0.03111128427431,0.0759394724015488,12,240
1,685,"AB-GP",120,0.03111128427431,0.0840731988975236,19,310
1,686,"AB-GP",120,0.03111128427431,0.0727627578255723,14,260
1,687,"AB-GP",120,0.146775291687036,0.264901174820948,16,280
1,688,"AB-GP",120,0.015555642137155,0.114971026239832,18,300
1,689,"AB-GP",120,0,0.104449402981788,14,260
1,690,"AB-GP",120,0.03111128427431,0.195124948683446,25,370
1,691,"AB-GP",120,0.03111128427431,0.0968406892398747,25,370
1,692,"AB-GP",120,0.03111128427431,0.0670758987309485,25,370
1,693,"AB-GP",120,0.015555642137155,0.13718543110297,17,290
1,694,"AB-GP",120,0.03111128427431,0.0813381331415967,19,310
1,695,"AB-GP",120,0.03111128427431,0.0546359050425331,19,310
1,696,"AB-GP",120,0.015555642137155,0.118000597132689,14,260
1,697,"AB-GP",120,0.015555642137155,0.116040014305072,13,250
1,698,"AB-GP",120,0.03111128427431,0.170581161374365,18,300
1,699,"AB-GP",120,0.154984485744392,0.181475162792707,15,270
1,700,"AB-GP",120,0.03111128427431,0.147521475441416,25,370
1,701,"AB-GP",120,0.03111128427431,0.0799094327276062,25,370
1,702,"AB-GP",120,0.03111128427431,0.12148972815851,18,300
1,703,"AB-GP",120,0.146775291687036,0.149439412188636,14,260
1,704,"AB-GP",120,0.015555642137155,0.172837159959339,18,300
1,705,"AB-GP",120,0.03111128427431,0.0646161418181234,17,290
1,706,"AB-GP",120,0.03111128427431,0.0604796849236106,14,260
1,707,"AB-GP",120,0.03111128427431,0.0663139104606818,18,300
1,708,"AB-GP",120,0.03111128427431,0.067685430202498,25,370
1,709,"AB-GP",120,0.154984485744392,0.198209856712064,25,370
1,710,"AB-GP",120,0.03111128427431,0.0969889469564103,12,240
1,711,"AB-GP",120,0.03111128427431,0.0936901262798538,19,310
1,712,"AB-GP",120,0.154984485744392,0.147419832898979,21,330
1,713,"AB-GP",120,0.015555642137155,0.117832859151614,13,250
1,714,"AB-GP",120,0.154984485744392,0.167229289095261,14,260
1,715,"AB-GP",120,0.015555642137155,0.122089248155716,16,280
1,716,"AB-GP",120,0.03111128427431,0.064812902051148,14,260
1,717,"AB-GP",120,0.015555642137155,0.135772721075948,14,260
1,718,"AB-GP",120,0.03111128427431,0.12402328591379,16,280
1,719,"AB-GP",120,0.154984485744392,0.170500806814918,12,240
1,720,"AB-GP",120,0.03111128427431,0.0562783290143137,11,230
1,721,"AB-GP",120,0.015555642137155,0.0893913156349966,11,230
1,722,"AB-GP",120,0.03111128427431,0.0547493548540367,13,250
1,723,"AB-GP",120,0.03111128427431,0.0932996636348672,13,250
1,724,"AB-GP",120,0.03111128427431,0.0720808718557645,14,260
1,725,"AB-GP",120,0.03111128427431,0.0840157137272259,20,320
1,726,"AB-GP",120,0.03111128427431,0.139549061669193,12,240
1,727,"AB-GP",120,0.03111128427431,0.160410096364634,25,370
1,728,"AB-GP",120,0.03111128427431,0.073259515265455,25,370
1,729,"AB-GP",120,0.015555642137155,0.12590350437586,15,270
1,730,"AB-GP",120,0.03111128427431,0.0685042383925766,25,370
1,731,"AB-GP",120,0.03111128427431,0.0738782682973559,12,240
1,732,"AB-GP",120,0.03111128427431,0.0966067544142673,25,370
1,733,"AB-GP",120,0.154984485744392,0.189070567687616,25,370
1,734,"AB-GP",120,0.03111128427431,0.118746541014024,20,320
1,735,"AB-GP",120,0,0.202123261341769,18,300
1,736,"AB-GP",120,0.015555642137155,0.142199439424872,18,300
1,737,"AB-GP",120,0,0.160297694462464,16,280
1,738,"AB-GP",120,0.015555642137155,0.61227547215617,13,250
1,739,"AB-GP",120,0.015555642137155,0.0920781626556813,17,290
1,740,"AB-GP",120,0.03111128427431,0.144654903704951,17,290
1,741,"AB-GP",120,0.03111128427431,0.136807397345983,16,280
1,742,"AB-GP",120,0.015555642137155,0.121452791591944,25,370
1,743,"AB-GP",120,0.03111128427431,0.0735205687759518,11,230
1,744,"AB-GP",120,0.03111128427431,0.192921873689779,12,240
1,745,"AB-GP",120,0.162330933824191,0.132752323855326,14,260
1,746,"AB-GP",120,0.170540127881547,0.1484127749379,25,370
1,747,"AB-GP",120,0.03111128427431,0.0777942481674636,25,370
1,748,"AB-GP",120,0.03111128427431,0.060386277011873,18,300
1,749,"AB-GP",120,0.015555642137155,0.102256031690171,20,320
1,750,"AB-GP",120,0.03111128427431,0.0874734796812624,18,300
1,751,"AB-GP",120,0.03111128427431,0.102402613751129,23,350
1,752,"AB-GP",120,0.03111128427431,0.12024281805066,13,250
1,753,"AB-GP",120,0.03111128427431,0.0754982988345432,19,310
1,754,"AB-GP",120,0.015555642137155,0.157216191657003,22,340
1,755,"AB-GP",120,0.03111128427431,0.0958951705946813,15,270
1,756,"AB-GP",120,0.03111128427431,0.117660319583012,18,300
1,757,"AB-GP",120,0.03111128427431,0.136809265049763,20,320
1,758,"AB-GP",120,0.03111128427431,0.143119085056195,19,310
1,759,"AB-GP",120,0.015555642137155,0.0915072099205569,13,250
1,760,"AB-GP",120,0.03111128427431,0.0821612440488359,25,370
1,761,"AB-GP",120,0.03111128427431,0.0830271543236316,25,370
1,762,"AB-GP",120,0.015555642137155,0.130900205011858,19,310
1,763,"AB-GP",120,0.03111128427431,0.0731986162113934,25,370
1,764,"AB-GP",120,0.03111128427431,0.0808875264854479,25,370
1,765,"AB-GP",120,0.03111128427431,0.113680192865345,18,300
1,766,"AB-GP",120,0.03111128427431,0.167488497641344,19,310
1,767,"AB-GP",120,0,0.205533741616344,22,340
1,768,"AB-GP",120,0.03111128427431,0.0649171564103106,25,370
1,769,"AB-GP",120,0.015555642137155,0.206379846781626,20,320
1,770,"AB-GP",120,0.015555642137155,0.151191637695123,19,310
1,771,"AB-GP",120,0.015555642137155,0.107528668447595,13,250
1,772,"AB-GP",120,0.154984485744392,0.202214355477166,21,330
1,773,"AB-GP",120,0.03111128427431,0.101953144000971,25,370
1,774,"AB-GP",120,0.146775291687036,0.161529944446735,25,370
1,775,"AB-GP",120,0.03111128427431,0.0765251043809178,25,370
1,776,"AB-GP",120,0.03111128427431,0.0783854402347727,12,240
1,777,"AB-GP",120,0.015555642137155,0.161138693885589,25,370
1,778,"AB-GP",120,0.154984485744392,0.1749175703115,19,310
1,779,"AB-GP",120,0.03111128427431,0.131708607680494,11,230
1,780,"AB-GP",120,0,0.101599257678234,25,370
1,781,"AB-GP",120,0.015555642137155,0.084987365395671,18,300
1,782,"AB-GP",120,0.015555642137155,0.114328509166861,25,370
1,783,"AB-GP",120,0.03111128427431,0.0554325760966019,14,260
1,784,"AB-GP",120,0.015555642137155,0.122909135991965,14,260
1,785,"AB-GP",120,0.015555642137155,0.172705269824983,25,370
1,786,"AB-GP",120,0.03111128427431,0.150562383599962,25,370
1,787,"AB-GP",120,0.03111128427431,0.139168185027448,22,340
1,788,"AB-GP",120,0.015555642137155,0.102493188940268,15,270
1,789,"AB-GP",120,0.015555642137155,0.113381789151769,12,240
1,790,"AB-GP",120,0.015555642137155,0.148870216397799,18,300
1,791,"AB-GP",120,0.03111128427431,0.117409927824998,14,260
1,792,"AB-GP",120,0.03111128427431,0.0833095189348874,25,370
1,793,"AB-GP",120,0.03111128427431,0.0619393438182013,17,290
1,794,"AB-GP",120,0,0.0846923767666713,15,270
1,795,"AB-GP",120,0.03111128427431,0.122430259249463,25,370
1,796,"AB-GP",120,0,0.134209507369188,19,310
1,797,"AB-GP",120,0.03111128427431,0.102010450000587,22,340
1,798,"AB-GP",120,0.03111128427431,0.0608393170571099,17,290
1,799,"AB-GP",120,0.154984485744392,0.2011188828258,25,370
1,800,"AB-GP",120,0.254512223965843,0.290058645444023,25,370
1,801,"AB-GP",120,0.03111128427431,0.106117772531939,12,240
1,802,"AB-GP",120,0.03111128427431,0.174320458419333,16,280
1,803,"AB-GP",120,0.03111128427431,0.171477052612501,18,300
1,804,"AB-GP",120,0.03111128427431,0.0685706967077841,18,300
1,805,"AB-GP",120,0,0.14600178560427,20,320
1,806,"AB-GP",120,0.03111128427431,0.0831620077885231,18,300
1,807,"AB-GP",120,0.015555642137155,0.0933339531085725,15,270
1,808,"AB-GP",120,0.03111128427431,0.0745267915339138,25,370
1,809,"AB-GP",120,0.03111128427431,0.115206387577454,25,370
1,810,"AB-GP",120,0.03111128427431,0.095961928200768,14,260
1,811,"AB-GP",120,0.03111128427431,0.114333415060566,12,240
1,812,"AB-GP",120,0.154984485744392,0.189145549823823,16,280
1,813,"AB-GP",120,0.03111128427431,0.0595840989166732,22,340
1,814,"AB-GP",120,0.154984485744392,0.168648308507386,15,270
1,815,"AB-GP",120,0.015555642137155,0.100228786736884,16,280
1,816,"AB-GP",120,0,0.130688154818942,25,370
1,817,"AB-GP",120,0.03111128427431,0.077506293851232,25,370
1,818,"AB-GP",120,0.154984485744392,0.172597708305882,21,330
1,819,"AB-GP",120,0.850344151802164,0.0907257607289537,11,230
1,820,"AB-GP",120,0,0.09954997005665,16,280
1,821,"AB-GP",120,0,0.147549937967259,17,290
1,822,"AB-GP",120,0.015555642137155,0.16049058110114,18,300
1,823,"AB-GP",120,0.015555642137155,0.128169826798911,25,370
1,824,"AB-GP",120,0.03111128427431,0.0841017292112086,25,370
1,825,"AB-GP",120,0.154984485744392,0.180098721491791,17,290
1,826,"AB-GP",120,0.03111128427431,0.122887122440495,13,250
1,827,"AB-GP",120,0.03111128427431,0.0778354962600179,14,260
1,828,"AB-GP",120,0.03111128427431,0.071888143003016,25,370
1,829,"AB-GP",120,0.015555642137155,0.0936914136115536,17,290
1,830,"AB-GP",120,0.03111128427431,0.0811128747892546,25,370
1,831,"AB-GP",120,0.03111128427431,0.0697648228928697,13,250
1,832,"AB-GP",120,0.03111128427431,0.062034608886215,13,250
1,833,"AB-GP",120,0.015555642137155,0.196078909696366,19,310
1,834,"AB-GP",120,0.015555642137155,0.0862361594098623,14,260
1,835,"AB-GP",120,0,0.109009310167722,18,300
1,836,"AB-GP",120,0.154984485744392,0.181766257323518,25,370
1,837,"AB-GP",120,0.03111128427431,0.119988939566558,12,240
1,838,"AB-GP",120,0.03111128427431,0.140428535185054,22,340
1,839,"AB-GP",120,0.03111128427431,0.113798350057538,23,350
1,840,"AB-GP",120,0.015555642137155,0.106061738352314,24,360
1,841,"AB-GP",120,0,0.14211794568735,13,250
1,842,"AB-GP",120,0.154984485744392,0.199916126158487,16,280
1,843,"AB-GP",120,0.03111128427431,0.0913082233983912,16,280
1,844,"AB-GP",120,0.154984485744392,0.206830626655504,24,360
1,845,"AB-GP",120,0,0.0909120709998333,16,280
1,846,"AB-GP",120,0.03111128427431,0.153465526976282,25,370
1,847,"AB-GP",120,0.03111128427431,0.121551353023047,25,370
1,848,"AB-GP",120,0.015555642137155,0.0987856169709672,19,310
1,849,"AB-GP",120,0,0.245416993344512,25,370
1,850,"AB-GP",120,0.015555642137155,0.0910432392380282,14,260
1,851,"AB-GP",120,0.03111128427431,0.105711868871658,25,370
1,852,"AB-GP",120,0.015555642137155,0.171270111444923,16,280
1,853,"AB-GP",120,0.154984485744392,0.166484709919593,17,290
1,854,"AB-GP",120,0.015555642137155,0.12050862989458,16,280
1,855,"AB-GP",120,0.015555642137155,0.110655267691691,25,370
1,856,"AB-GP",120,0.03111128427431,0.0678047576854001,25,370
1,857,"AB-GP",120,0.03111128427431,0.0966618554376237,25,370
1,858,"AB-GP",120,0.03111128427431,0.0808348496345315,12,240
1,859,"AB-GP",120,0.03111128427431,0.0669503570772885,23,350
1,860,"AB-GP",120,0.015555642137155,0.150386900750647,25,370
1,861,"AB-GP",120,0.03111128427431,0.179270863971438,25,370
1,862,"AB-GP",120,0.154984485744392,0.18336776675099,19,310
1,863,"AB-GP",120,0.154984485744392,0.169375716818763,13,250
1,864,"AB-GP",120,0,0.101401439808069,19,310
1,865,"AB-GP",120,0.03111128427431,0.0621539889904462,17,290
1,866,"AB-GP",120,0,0.137084153945714,25,370
1,867,"AB-GP",120,0.154984485744392,0.168532949021965,20,320
1,868,"AB-GP",120,0.03111128427431,0.0780058604993456,17,290
1,869,"AB-GP",120,0.015555642137155,0.0996762842645681,21,330
1,870,"AB-GP",120,0,0.129387985497173,17,290
1,871,"AB-GP",120,0.015555642137155,0.112572418142476,16,280
1,872,"AB-GP",120,0.154984485744392,0.206417106569931,21,330
1,873,"AB-GP",120,0.03111128427431,0.0920614915243174,25,370
1,874,"AB-GP",120,0,0.163631165838061,25,370
1,875,"AB-GP",120,0,0.152056587233081,18,300
1,876,"AB-GP",120,0.03111128427431,0.134202182435914,12,240
1,877,"AB-GP",120,0.03111128427431,0.0995916804047211,20,320
1,878,"AB-GP",120,0.03111128427431,0.116494103679451,25,370
1,879,"AB-GP",120,0.015555642137155,0.129475018781979,13,250
1,880,"AB-GP",120,0.015555642137155,0.137782344001483,25,370
1,881,"AB-GP",120,0.015555642137155,0.101591193122245,14,260
1,882,"AB-GP",120,0.015555642137155,0.181835772702774,25,370
1,883,"AB-GP",120,0,0.101960941425198,16,280
1,884,"AB-GP",120,0,0.113644259745871,20,320
1,885,"AB-GP",120,0.03111128427431,0.0916794081124482,25,370
1,886,"AB-GP",120,0.015555642137155,0.123200573418787,13,250
1,887,"AB-GP",120,0.03111128427431,0.117677983128154,14,260
1,888,"AB-GP",120,0.03111128427431,0.0853391545305064,25,370
1,889,"AB-GP",120,0.154984485744392,0.179310251753063,25,370
1,890,"AB-GP",120,0.03111128427431,0.0985556017164346,19,310
1,891,"AB-GP",120,0.03111128427431,0.0907946645411461,22,340
1,892,"AB-GP",120,0.847581054605956,0.105801844201916,13,250
1,893,"AB-GP",120,0.170540127881547,0.214149989858435,16,280
1,894,"AB-GP",120,0.015555642137155,0.145461781242595,19,310
1,895,"AB-GP",120,0.03111128427431,0.0881277452870616,21,330
1,896,"AB-GP",120,0.03111128427431,0.0949926910749503,21,330
1,897,"AB-GP",120,0.154984485744392,0.141212288124543,25,370
1,898,"AB-GP",120,0.015555642137155,0.162866705382884,13,250
1,899,"AB-GP",120,0.015555642137155,0.136201109313105,25,370
1,900,"AB-GP",120,0.03111128427431,0.158961582800212,20,320
1,901,"AB-GP",120,0.03111128427431,0.114643108137487,20,320
1,902,"AB-GP",120,0,0.149641953009409,23,350
1,903,"AB-GP",120,0,0.115948910535268,18,300
1,904,"AB-GP",120,0.015555642137155,0.136643077222911,16,280
1,905,"AB-GP",120,0.015555642137155,0.121239153843905,13,250
1,906,"AB-GP",120,0.03111128427431,0.0587516629889437,14,260
1,907,"AB-GP",120,0.03111128427431,0.108331266352816,25,370
1,908,"AB-GP",120,0.03111128427431,0.078331083180708,12,240
1,909,"AB-GP",120,0.015555642137155,0.175019115161115,19,310
1,910,"AB-GP",120,0.015555642137155,0.0751455578346396,13,250
1,911,"AB-GP",120,0.03111128427431,0.125892905105665,25,370
1,912,"AB-GP",120,0.015555642137155,0.168958687104707,18,300
1,913,"AB-GP",120,0.03111128427431,0.0866243128884796,19,310
1,914,"AB-GP",120,0.154984485744392,0.180709436600279,25,370
1,915,"AB-GP",120,0.03111128427431,0.130017391687549,25,370
1,916,"AB-GP",120,0.015555642137155,0.148714601337021,25,370
1,917,"AB-GP",120,0.154984485744392,0.180542278849845,21,330
1,918,"AB-GP",120,0,0.185453430618788,24,360
1,919,"AB-GP",120,0.03111128427431,0.132511002004796,14,260
1,920,"AB-GP",120,0.015555642137155,0.187268331720322,19,310
1,921,"AB-GP",120,0.03111128427431,0.142931839050008,13,250
1,922,"AB-GP",120,0.03111128427431,0.114596818341514,25,370
1,923,"AB-GP",120,0.03111128427431,0.0685592889981694,25,370
1,924,"AB-GP",120,0.03111128427431,0.176634521639094,13,250
1,925,"AB-GP",120,0.03111128427431,0.0562127218310754,12,240
1,926,"AB-GP",120,0.03111128427431,0.108977127489089,25,370
1,927,"AB-GP",120,0.015555642137155,0.0815010382606893,16,280
1,928,"AB-GP",120,0.154984485744392,0.202660546283924,25,370
1,929,"AB-GP",120,0.03111128427431,0.0957444012368569,25,370
1,930,"AB-GP",120,0.03111128427431,0.0642004608071965,13,250
1,931,"AB-GP",120,0.03111128427431,0.120152950750249,25,370
1,932,"AB-GP",120,0.015555642137155,0.158317262350057,13,250
1,933,"AB-GP",120,0.03111128427431,0.124891678642597,25,370
1,934,"AB-GP",120,0.03111128427431,0.0610492931733415,18,300
1,935,"AB-GP",120,0.03111128427431,0.0804692599977676,13,250
1,936,"AB-GP",120,0.03111128427431,0.0708025741188595,18,300
1,937,"AB-GP",120,0.015555642137155,0.191240256603608,18,300
1,938,"AB-GP",120,0.146775291687036,0.238103848158841,19,310
1,939,"AB-GP",120,0.015555642137155,0.103476287698256,14,260
1,940,"AB-GP",120,0,0.13058664478025,16,280
1,941,"AB-GP",120,0.293550583374071,0.489198468195797,19,310
1,942,"AB-GP",120,0.03111128427431,0.0830047644825294,13,250
1,943,"AB-GP",120,0.03111128427431,0.161383882247095,14,260
1,944,"AB-GP",120,0.015555642137155,0.119096871112516,17,290
1,945,"AB-GP",120,0,0.104600069337393,16,280
1,946,"AB-GP",120,0,0.0907087940359497,20,320
1,947,"AB-GP",120,0.03111128427431,0.144956001946762,11,230
1,948,"AB-GP",120,0.015555642137155,0.140794162952191,18,300
1,949,"AB-GP",120,0.03111128427431,0.138986902198642,23,350
1,950,"AB-GP",120,0.03111128427431,0.0606435554209929,17,290
1,951,"AB-GP",120,0.03111128427431,0.180440093981113,25,370
1,952,"AB-GP",120,0.015555642137155,0.15739039760095,12,240
1,953,"AB-GP",120,0.03111128427431,0.061522993536965,15,270
1,954,"AB-GP",120,0.170540127881547,0.0991776187883415,19,310
1,955,"AB-GP",120,0.03111128427431,0.09130525663971,14,260
1,956,"AB-GP",120,0.015555642137155,0.193351415219245,15,270
1,957,"AB-GP",120,0.03111128427431,0.0938053927164904,25,370
1,958,"AB-GP",120,0.03111128427431,0.0530469101049504,14,260
1,959,"AB-GP",120,0.015555642137155,0.0905657651310358,18,300
1,960,"AB-GP",120,0,0.183855894475771,25,370
1,961,"AB-GP",120,0.03111128427431,0.0750160546105732,25,370
1,962,"AB-GP",120,0.03111128427431,0.0570781128195297,15,270
1,963,"AB-GP",120,0.015555642137155,0.086524647830767,15,270
1,964,"AB-GP",120,0.03111128427431,0.105140707740684,19,310
1,965,"AB-GP",120,0.03111128427431,0.061701038067687,25,370
1,966,"AB-GP",120,0.015555642137155,0.121700136836336,21,330
1,967,"AB-GP",120,0.154984485744392,0.178931856337993,13,250
1,968,"AB-GP",120,0.03111128427431,0.192633999671462,17,290
1,969,"AB-GP",120,0.03111128427431,0.0559271406280143,16,280
1,970,"AB-GP",120,0.146775291687036,0.16744996419564,23,350
1,971,"AB-GP",120,0.03111128427431,0.152586905185932,12,240
1,972,"AB-GP",120,0.015555642137155,0.109328233632227,14,260
1,973,"AB-GP",120,0.015555642137155,0.113164270820416,19,310
1,974,"AB-GP",120,0.015555642137155,0.157321149025674,25,370
1,975,"AB-GP",120,0.03111128427431,0.0900234965394856,22,340
1,976,"AB-GP",120,0.154984485744392,0.187699880133897,25,370
1,977,"AB-GP",120,0.03111128427431,0.087701934941409,16,280
1,978,"AB-GP",120,0.015555642137155,0.112492292008749,25,370
1,979,"AB-GP",120,0.03111128427431,0.0744293679233012,14,260
1,980,"AB-GP",120,0.03111128427431,0.172696204521078,25,370
1,981,"AB-GP",120,0.015555642137155,0.160405207326602,23,350
1,982,"AB-GP",120,0.03111128427431,0.0704566826955076,15,270
1,983,"AB-GP",120,0.154984485744392,0.165074670015699,22,340
1,984,"AB-GP",120,0.015555642137155,0.154484957794986,18,300
1,985,"AB-GP",120,0.03111128427431,0.103546308854286,13,250
1,986,"AB-GP",120,0,0.131958413664231,19,310
1,987,"AB-GP",120,0.03111128427431,0.0987346462307946,12,240
1,988,"AB-GP",120,0.154984485744392,0.202906638353325,25,370
1,989,"AB-GP",120,0.015555642137155,0.0962604702127067,12,240
1,990,"AB-GP",120,0.03111128427431,0.0583492388269661,15,270
1,991,"AB-GP",120,0.03111128427431,0.0561563370481337,17,290
1,992,"AB-GP",120,0.015555642137155,0.109338239039496,12,240
1,993,"AB-GP",120,0.03111128427431,0.126971289124994,18,300
1,994,"AB-GP",120,0.015555642137155,0.145586482166558,15,270
1,995,"AB-GP",120,0.015555642137155,0.111583843259426,19,310
1,996,"AB-GP",120,0.03111128427431,0.061596404057094,17,290
1,997,"AB-GP",120,0.03111128427431,0.102914070770824,14,260
1,998,"AB-GP",120,0.03111128427431,0.0810260125572861,25,370
1,999,"AB-GP",120,0.03111128427431,0.0788679263436199,25,370
1,1000,"AB-GP",120,0.015555642137155,0.0991496276122669,14,260
1,1,"CA-AB-GP",120,0.03111128427431,0.133388338141521,11,230
1,2,"CA-AB-GP",120,0.03111128427431,0.0565431291497139,15,270
1,3,"CA-AB-GP",120,0.015555642137155,0.109612130388742,13,250
1,4,"CA-AB-GP",120,0.015555642137155,0.122463236253348,13,250
1,5,"CA-AB-GP",120,0.03111128427431,0.106333230213497,15,270
1,6,"CA-AB-GP",120,0.03111128427431,0.128780098280168,11,230
1,7,"CA-AB-GP",120,0.154984485744392,0.183891988935813,13,250
1,8,"CA-AB-GP",120,0.03111128427431,0.0516506863291205,12,240
1,9,"CA-AB-GP",120,0.015555642137155,0.109068259960127,19,310
1,10,"CA-AB-GP",120,0.03111128427431,0.087496701536904,10,220
1,11,"CA-AB-GP",120,0.03111128427431,0.104395782538847,16,280
1,12,"CA-AB-GP",120,0.03111128427431,0.0772651097338583,25,370
1,13,"CA-AB-GP",120,0.03111128427431,0.103747852029898,14,260
1,14,"CA-AB-GP",120,0.03111128427431,0.113281267738535,25,370
1,15,"CA-AB-GP",120,0.015555642137155,0.103329478092339,13,250
1,16,"CA-AB-GP",120,0.03111128427431,0.100593616972242,25,370
1,17,"CA-AB-GP",120,0.03111128427431,0.0749108892446221,11,230
1,18,"CA-AB-GP",120,0.03111128427431,0.057007259940105,12,240
1,19,"CA-AB-GP",120,0.03111128427431,0.0893066457999951,25,370
1,20,"CA-AB-GP",120,0.03111128427431,0.0529415790618998,11,230
1,21,"CA-AB-GP",120,0.03111128427431,0.0859339106612486,25,370
1,22,"CA-AB-GP",120,0.015555642137155,0.106062464406081,15,270
1,23,"CA-AB-GP",120,0.015555642137155,0.109762772334047,11,230
1,24,"CA-AB-GP",120,0.015555642137155,0.116151150242092,12,240
1,25,"CA-AB-GP",120,0.03111128427431,0.130736825612727,25,370
1,26,"CA-AB-GP",120,0.03111128427431,0.0922537991033885,25,370
1,27,"CA-AB-GP",120,0.03111128427431,0.108299429174532,18,300
1,28,"CA-AB-GP",120,0.03111128427431,0.0978114497819973,11,230
1,29,"CA-AB-GP",120,0.015555642137155,0.221437890625664,17,290
1,30,"CA-AB-GP",120,0.03111128427431,0.112666674981324,12,240
1,31,"CA-AB-GP",120,0.03111128427431,0.0787284160189587,15,270
1,32,"CA-AB-GP",120,0.015555642137155,0.0906557024157919,9,210
1,33,"CA-AB-GP",120,0.03111128427431,0.0634349229050085,19,310
1,34,"CA-AB-GP",120,0.03111128427431,0.0956671364420451,22,340
1,35,"CA-AB-GP",120,0.03111128427431,0.0826678386018105,25,370
1,36,"CA-AB-GP",120,0.03111128427431,0.0615178236808037,12,240
1,37,"CA-AB-GP",120,0.015555642137155,0.143954899324537,25,370
1,38,"CA-AB-GP",120,0.03111128427431,0.116828256929738,13,250
1,39,"CA-AB-GP",120,0.015555642137155,0.0792566949469926,12,240
1,40,"CA-AB-GP",120,0.03111128427431,0.0513972003280515,13,250
1,41,"CA-AB-GP",120,0.03111128427431,0.104659626553226,11,230
1,42,"CA-AB-GP",120,0.03111128427431,0.0823083348570682,25,370
1,43,"CA-AB-GP",120,0.03111128427431,0.0887398102437615,12,240
1,44,"CA-AB-GP",120,0.015555642137155,0.0991826534464889,13,250
1,45,"CA-AB-GP",120,0.015555642137155,0.0911410814776307,11,230
1,46,"CA-AB-GP",120,0.015555642137155,0.0992899453969678,12,240
1,47,"CA-AB-GP",120,0.015555642137155,0.170375394550907,13,250
1,48,"CA-AB-GP",120,0.03111128427431,0.0639001050211925,11,230
1,49,"CA-AB-GP",120,0.03111128427431,0.106530948995323,25,370
1,50,"CA-AB-GP",120,0.015555642137155,0.148814988946372,12,240
1,51,"CA-AB-GP",120,0.03111128427431,0.0988930736348162,16,280
1,52,"CA-AB-GP",120,0.03111128427431,0.11027352509122,17,290
1,53,"CA-AB-GP",120,0.03111128427431,0.153990439378981,13,250
1,54,"CA-AB-GP",120,0.03111128427431,0.0901584758233459,25,370
1,55,"CA-AB-GP",120,0.03111128427431,0.117697672828418,12,240
1,56,"CA-AB-GP",120,0,0.153141335995924,20,320
1,57,"CA-AB-GP",120,0.154984485744392,0.141932228483142,10,220
1,58,"CA-AB-GP",120,0.154984485744392,0.192610164554659,15,270
1,59,"CA-AB-GP",120,0.015555642137155,0.106795005213517,13,250
1,60,"CA-AB-GP",120,0.015555642137155,0.0964423561409302,14,260
1,61,"CA-AB-GP",120,0.03111128427431,0.114807053450445,15,270
1,62,"CA-AB-GP",120,0.154984485744392,0.244674883514316,25,370
1,63,"CA-AB-GP",120,0.03111128427431,0.0931681407543636,16,280
1,64,"CA-AB-GP",120,0.015555642137155,0.115615486918492,15,270
1,65,"CA-AB-GP",120,0.03111128427431,0.114265171586977,21,330
1,66,"CA-AB-GP",120,0.03111128427431,0.0554787520503574,16,280
1,67,"CA-AB-GP",120,0.03111128427431,0.0704566543652735,25,370
1,68,"CA-AB-GP",120,0,0.133786549236677,14,260
1,69,"CA-AB-GP",120,0.03111128427431,0.116600481273205,13,250
1,70,"CA-AB-GP",120,0.03111128427431,0.0924528716724206,20,320
1,71,"CA-AB-GP",120,0.015555642137155,0.11772630840252,25,370
1,72,"CA-AB-GP",120,0.293550583374071,0.118818229644747,16,280
1,73,"CA-AB-GP",120,0.03111128427431,0.103256769254935,25,370
1,74,"CA-AB-GP",120,0.015555642137155,0.10332354064389,15,270
1,75,"CA-AB-GP",120,0.015555642137155,0.140556608688565,23,350
1,76,"CA-AB-GP",120,0.015555642137155,0.139493650548519,17,290
1,77,"CA-AB-GP",120,0.03111128427431,0.142453042698271,12,240
1,78,"CA-AB-GP",120,0,0.126078971246095,13,250
1,79,"CA-AB-GP",120,0.03111128427431,0.105638601025135,12,240
1,80,"CA-AB-GP",120,0.015555642137155,0.120486870733081,11,230
1,81,"CA-AB-GP",120,0.03111128427431,0.0899415690075883,25,370
1,82,"CA-AB-GP",120,0.154984485744392,0.181299932489192,25,370
1,83,"CA-AB-GP",120,0.03111128427431,0.127746732469744,12,240
1,84,"CA-AB-GP",120,0.03111128427431,0.0897099494724901,18,300
1,85,"CA-AB-GP",120,0.03111128427431,0.120396469297095,14,260
1,86,"CA-AB-GP",120,0.03111128427431,0.0764272932956679,12,240
1,87,"CA-AB-GP",120,0.03111128427431,0.0840622440959393,25,370
1,88,"CA-AB-GP",120,0,0.120844714485911,16,280
1,89,"CA-AB-GP",120,0.03111128427431,0.0799904042740395,12,240
1,90,"CA-AB-GP",120,0.03111128427431,0.101985948086329,10,220
1,91,"CA-AB-GP",120,0,0.0909812338724436,15,270
1,92,"CA-AB-GP",120,0.03111128427431,0.0529552887247152,10,220
1,93,"CA-AB-GP",120,0.03111128427431,0.115227872406436,13,250
1,94,"CA-AB-GP",120,0.03111128427431,0.0794170512630784,10,220
1,95,"CA-AB-GP",120,0.154984485744392,0.18775266388883,19,310
1,96,"CA-AB-GP",120,0.015555642137155,0.107079532850824,20,320
1,97,"CA-AB-GP",120,0.03111128427431,0.104109894681705,12,240
1,98,"CA-AB-GP",120,0.03111128427431,0.102835944841334,25,370
1,99,"CA-AB-GP",120,0.03111128427431,0.0690316290725297,14,260
1,100,"CA-AB-GP",120,0.015555642137155,0.0851219765324399,13,250
1,101,"CA-AB-GP",120,0.015555642137155,0.146807333874175,12,240
1,102,"CA-AB-GP",120,0.03111128427431,0.0752820389353072,25,370
1,103,"CA-AB-GP",120,0.03111128427431,0.11379717970372,15,270
1,104,"CA-AB-GP",120,0.03111128427431,0.0601888296001224,13,250
1,105,"CA-AB-GP",120,0.03111128427431,0.0963886639600714,25,370
1,106,"CA-AB-GP",120,0.015555642137155,0.116384097925665,16,280
1,107,"CA-AB-GP",120,0.015555642137155,0.103964954387985,14,260
1,108,"CA-AB-GP",120,0.03111128427431,0.0697419327606935,17,290
1,109,"CA-AB-GP",120,0.015555642137155,0.109995568437583,12,240
1,110,"CA-AB-GP",120,0.03111128427431,0.0788981587261791,15,270
1,111,"CA-AB-GP",120,0.154984485744392,0.16413976283933,12,240
1,112,"CA-AB-GP",120,0.015555642137155,0.0979501032832164,12,240
1,113,"CA-AB-GP",120,0.015555642137155,0.146952029112161,12,240
1,114,"CA-AB-GP",120,0.015555642137155,0.113064680871464,12,240
1,115,"CA-AB-GP",120,0.03111128427431,0.0771284387747036,11,230
1,116,"CA-AB-GP",120,0.03111128427431,0.0805617501884106,12,240
1,117,"CA-AB-GP",120,0.154984485744392,0.177153542644133,13,250
1,118,"CA-AB-GP",120,0.03111128427431,0.0896106138579153,15,270
1,119,"CA-AB-GP",120,0.015555642137155,0.0913553046887866,12,240
1,120,"CA-AB-GP",120,0.03111128427431,0.0989447175851007,12,240
1,121,"CA-AB-GP",120,0.03111128427431,0.0636415431595611,12,240
1,122,"CA-AB-GP",120,0.015555642137155,0.123379513032398,21,330
1,123,"CA-AB-GP",120,0.03111128427431,0.117014851413956,13,250
1,124,"CA-AB-GP",120,0.03111128427431,0.104384397672799,22,340
1,125,"CA-AB-GP",120,0.03111128427431,0.0902080514262687,16,280
1,126,"CA-AB-GP",120,0.03111128427431,0.0920739316871295,25,370
1,127,"CA-AB-GP",120,0.015555642137155,0.0943972997680293,14,260
1,128,"CA-AB-GP",120,0.154984485744392,0.205286713108244,9,210
1,129,"CA-AB-GP",120,0.03111128427431,0.12319116165527,12,240
1,130,"CA-AB-GP",120,0.154984485744392,0.16968513151791,11,230
1,131,"CA-AB-GP",120,0.03111128427431,0.0740200438978284,13,250
1,132,"CA-AB-GP",120,0.03111128427431,0.113903123431027,25,370
1,133,"CA-AB-GP",120,0.03111128427431,0.0909109516609701,10,220
1,134,"CA-AB-GP",120,0.03111128427431,0.106884109078024,25,370
1,135,"CA-AB-GP",120,0.03111128427431,0.0554867585788345,12,240
1,136,"CA-AB-GP",120,0.03111128427431,0.0934905611963624,11,230
1,137,"CA-AB-GP",120,0.03111128427431,0.0596898156091338,11,230
1,138,"CA-AB-GP",120,0.154984485744392,0.275226366206855,22,340
1,139,"CA-AB-GP",120,0.015555642137155,0.11378471095507,16,280
1,140,"CA-AB-GP",120,0.015555642137155,0.13022507876883,18,300
1,141,"CA-AB-GP",120,0.015555642137155,0.109553574169412,13,250
1,142,"CA-AB-GP",120,0.015555642137155,0.0759975317133457,12,240
1,143,"CA-AB-GP",120,0.015555642137155,0.124119674202962,13,250
1,144,"CA-AB-GP",120,0.03111128427431,0.109712642340764,10,220
1,145,"CA-AB-GP",120,0.03111128427431,0.104877697460934,16,280
1,146,"CA-AB-GP",120,0.015555642137155,0.254112113645489,12,240
1,147,"CA-AB-GP",120,0,0.0826178839747837,12,240
1,148,"CA-AB-GP",120,0.03111128427431,0.0558223838323647,12,240
1,149,"CA-AB-GP",120,0.015555642137155,0.119989457921507,15,270
1,150,"CA-AB-GP",120,0.03111128427431,0.0712300454851072,10,220
1,151,"CA-AB-GP",120,0.015555642137155,0.159362074351881,15,270
1,152,"CA-AB-GP",120,0.03111128427431,0.0901432212861114,12,240
1,153,"CA-AB-GP",120,0,0.123989817586422,15,270
1,154,"CA-AB-GP",120,0.03111128427431,0.115480647818846,17,290
1,155,"CA-AB-GP",120,0.154984485744392,0.186351431468615,17,290
1,156,"CA-AB-GP",120,0.03111128427431,0.0632862227104769,21,330
1,157,"CA-AB-GP",120,0.03111128427431,0.0732332530477081,25,370
1,158,"CA-AB-GP",120,0.154984485744392,0.24837137637513,14,260
1,159,"CA-AB-GP",120,0.03111128427431,0.104315377867713,11,230
1,160,"CA-AB-GP",120,0.03111128427431,0.0753362478090076,25,370
1,161,"CA-AB-GP",120,0.015555642137155,0.0946107847032822,11,230
1,162,"CA-AB-GP",120,0.03111128427431,0.0806678988259006,11,230
1,163,"CA-AB-GP",120,0.03111128427431,0.0746999864460148,19,310
1,164,"CA-AB-GP",120,0.03111128427431,0.0676306017831803,16,280
1,165,"CA-AB-GP",120,0.015555642137155,0.140870526004041,13,250
1,166,"CA-AB-GP",120,0.03111128427431,0.0661171031012238,15,270
1,167,"CA-AB-GP",120,0.03111128427431,0.0851637157492833,11,230
1,168,"CA-AB-GP",120,0.03111128427431,0.15595883354303,15,270
1,169,"CA-AB-GP",120,0.03111128427431,0.096939817949629,15,270
1,170,"CA-AB-GP",120,0.015555642137155,0.101302334491734,13,250
1,171,"CA-AB-GP",120,0.015555642137155,0.261108400314185,13,250
1,172,"CA-AB-GP",120,0.03111128427431,0.129790117783999,25,370
1,173,"CA-AB-GP",120,0.03111128427431,0.0646113321405633,16,280
1,174,"CA-AB-GP",120,0,0.164029738643384,17,290
1,175,"CA-AB-GP",120,0.154984485744392,0.182830617247155,18,300
1,176,"CA-AB-GP",120,0.03111128427431,0.0988160452153285,23,350
1,177,"CA-AB-GP",120,0.03111128427431,0.0634657804226514,25,370
1,178,"CA-AB-GP",120,0.03111128427431,0.210541800708236,9,210
1,179,"CA-AB-GP",120,0.154984485744392,0.169907629233591,11,230
1,180,"CA-AB-GP",120,0.03111128427431,0.103308110317028,15,270
1,181,"CA-AB-GP",120,0.015555642137155,0.085716206258673,10,220
1,182,"CA-AB-GP",120,0.03111128427431,0.0978502350000164,20,320
1,183,"CA-AB-GP",120,0.03111128427431,0.120891667252622,12,240
1,184,"CA-AB-GP",120,0.03111128427431,0.0566549489796632,12,240
1,185,"CA-AB-GP",120,0.03111128427431,0.107782568932128,12,240
1,186,"CA-AB-GP",120,0.03111128427431,0.13395597011599,21,330
1,187,"CA-AB-GP",120,0.015555642137155,0.171593326357339,12,240
1,188,"CA-AB-GP",120,0.03111128427431,0.0609748347930884,16,280
1,189,"CA-AB-GP",120,0.03111128427431,0.0643323150975075,23,350
1,190,"CA-AB-GP",120,0.03111128427431,0.0511017781260495,12,240
1,191,"CA-AB-GP",120,0,0.153639245223689,15,270
1,192,"CA-AB-GP",120,0.03111128427431,0.0563177829855858,14,260
1,193,"CA-AB-GP",120,0.03111128427431,0.127146654366448,11,230
1,194,"CA-AB-GP",120,0.03111128427431,0.076551212591245,13,250
1,195,"CA-AB-GP",120,0.015555642137155,0.197339186880151,14,260
1,196,"CA-AB-GP",120,0.03111128427431,0.0811130688976621,10,220
1,197,"CA-AB-GP",120,0.015555642137155,0.113418241020287,12,240
1,198,"CA-AB-GP",120,0.03111128427431,0.105012903655756,17,290
1,199,"CA-AB-GP",120,0.03111128427431,0.0712516448412109,10,220
1,200,"CA-AB-GP",120,0.015555642137155,0.103389850416889,21,330
1,201,"CA-AB-GP",120,0.03111128427431,0.0613122777375137,13,250
1,202,"CA-AB-GP",120,0.03111128427431,0.134420851073637,17,290
1,203,"CA-AB-GP",120,0.03111128427431,0.108115498147614,13,250
1,204,"CA-AB-GP",120,0.03111128427431,0.111318858563477,12,240
1,205,"CA-AB-GP",120,0.015555642137155,0.126899120727474,16,280
1,206,"CA-AB-GP",120,0,0.168369750076206,20,320
1,207,"CA-AB-GP",120,0.015555642137155,0.151514361861671,13,250
1,208,"CA-AB-GP",120,0.03111128427431,0.104398760873068,14,260
1,209,"CA-AB-GP",120,0.015555642137155,0.163447927757307,15,270
1,210,"CA-AB-GP",120,0.03111128427431,0.0912830859064187,21,330
1,211,"CA-AB-GP",120,0.03111128427431,0.127549180632959,15,270
1,212,"CA-AB-GP",120,0.03111128427431,0.0637232229505017,13,250
1,213,"CA-AB-GP",120,0.015555642137155,0.126692911211015,24,360
1,214,"CA-AB-GP",120,0.03111128427431,0.0645520565899933,11,230
1,215,"CA-AB-GP",120,0.154984485744392,0.179507168109623,9,210
1,216,"CA-AB-GP",120,0.03111128427431,0.0734081886962379,18,300
1,217,"CA-AB-GP",120,0.03111128427431,0.103071272319101,21,330
1,218,"CA-AB-GP",120,0.015555642137155,0.10563347746958,15,270
1,219,"CA-AB-GP",120,0.015555642137155,0.1310367467072,12,240
1,220,"CA-AB-GP",120,0.015555642137155,0.215305688760827,23,350
1,221,"CA-AB-GP",120,0,0.0966820732878253,14,260
1,222,"CA-AB-GP",120,0.246313494864583,0.219042077086447,19,310
1,223,"CA-AB-GP",120,0.170540127881547,0.0918555346061042,12,240
1,224,"CA-AB-GP",120,0.03111128427431,0.123860803510549,14,260
1,225,"CA-AB-GP",120,0.154984485744392,0.169065215365793,12,240
1,226,"CA-AB-GP",120,0.03111128427431,0.172408771371852,25,370
1,227,"CA-AB-GP",120,0.015555642137155,0.10653772389362,11,230
1,228,"CA-AB-GP",120,0.03111128427431,0.0604882407252993,17,290
1,229,"CA-AB-GP",120,0.03111128427431,0.0630258203745072,11,230
1,230,"CA-AB-GP",120,0.03111128427431,0.061064826274123,19,310
1,231,"CA-AB-GP",120,0.015555642137155,0.0932087563197959,11,230
1,232,"CA-AB-GP",120,0,0.146768572483533,23,350
1,233,"CA-AB-GP",120,0.03111128427431,0.0869574128221089,22,340
1,234,"CA-AB-GP",120,0.03111128427431,0.103663483772916,15,270
1,235,"CA-AB-GP",120,0.154984485744392,0.124021431644097,17,290
1,236,"CA-AB-GP",120,0.03111128427431,0.0692574559155938,13,250
1,237,"CA-AB-GP",120,0.03111128427431,0.072963516961096,16,280
1,238,"CA-AB-GP",120,0.03111128427431,0.0620250769166336,11,230
1,239,"CA-AB-GP",120,0.015555642137155,0.104865824510589,16,280
1,240,"CA-AB-GP",120,0.015555642137155,0.115491919894712,12,240
1,241,"CA-AB-GP",120,0.015555642137155,0.0925984614155013,11,230
1,242,"CA-AB-GP",120,0.015555642137155,0.132236611764766,11,230
1,243,"CA-AB-GP",120,0,0.174812380767317,11,230
1,244,"CA-AB-GP",120,0.03111128427431,0.0684525440275335,10,220
1,245,"CA-AB-GP",120,0.03111128427431,0.122542993729858,12,240
1,246,"CA-AB-GP",120,0.162330933824191,0.174287998733803,25,370
1,247,"CA-AB-GP",120,0.03111128427431,0.0888584453002946,11,230
1,248,"CA-AB-GP",120,0.154984485744392,0.176900669998511,15,270
1,249,"CA-AB-GP",120,0.03111128427431,0.129906873967571,11,230
1,250,"CA-AB-GP",120,0.03111128427431,0.0815477212593573,10,220
1,251,"CA-AB-GP",120,0.015555642137155,0.110105579323537,11,230
1,252,"CA-AB-GP",120,0.03111128427431,0.0796829992372942,25,370
1,253,"CA-AB-GP",120,0.015555642137155,0.0833333457087793,13,250
1,254,"CA-AB-GP",120,0.03111128427431,0.0697420503156544,13,250
1,255,"CA-AB-GP",120,0.154984485744392,0.18401460952315,13,250
1,256,"CA-AB-GP",120,0.03111128427431,0.143753898551327,21,330
1,257,"CA-AB-GP",120,0.015555642137155,0.128191869559039,13,250
1,258,"CA-AB-GP",120,0.03111128427431,0.0861760883472206,25,370
1,259,"CA-AB-GP",120,0.03111128427431,0.0645705819451546,12,240
1,260,"CA-AB-GP",120,0.03111128427431,0.051901749513228,12,240
1,261,"CA-AB-GP",120,0.03111128427431,0.0755542924278952,12,240
1,262,"CA-AB-GP",120,0.03111128427431,0.116073897581069,13,250
1,263,"CA-AB-GP",120,0.03111128427431,0.0624554852660873,12,240
1,264,"CA-AB-GP",120,0.015555642137155,0.090290646674029,12,240
1,265,"CA-AB-GP",120,0,0.121713920547365,13,250
1,266,"CA-AB-GP",120,0.03111128427431,0.136337979431915,10,220
1,267,"CA-AB-GP",120,0.03111128427431,0.0656120784007349,10,220
1,268,"CA-AB-GP",120,0.015555642137155,0.12401698101685,13,250
1,269,"CA-AB-GP",120,0.03111128427431,0.101457252298329,11,230
1,270,"CA-AB-GP",120,0.015555642137155,0.1363611114063,12,240
1,271,"CA-AB-GP",120,0,0.093193714315907,13,250
1,272,"CA-AB-GP",120,0.03111128427431,0.0832926374525225,13,250
1,273,"CA-AB-GP",120,0,0.121545231600763,15,270
1,274,"CA-AB-GP",120,0.03111128427431,0.0718390436614848,12,240
1,275,"CA-AB-GP",120,0.015555642137155,0.0910146350338795,12,240
1,276,"CA-AB-GP",120,0.03111128427431,0.0961931879936565,11,230
1,277,"CA-AB-GP",120,0.154984485744392,0.171950316304224,22,340
1,278,"CA-AB-GP",120,0.015555642137155,0.130585063133395,14,260
1,279,"CA-AB-GP",120,0.03111128427431,0.101552052141717,10,220
1,280,"CA-AB-GP",120,0.03111128427431,0.0593208168778607,15,270
1,281,"CA-AB-GP",120,0.03111128427431,0.0724622127104253,13,250
1,282,"CA-AB-GP",120,0.154984485744392,0.17142697271866,10,220
1,283,"CA-AB-GP",120,0.03111128427431,0.0897158444902499,13,250
1,284,"CA-AB-GP",120,0.154984485744392,0.157776672928347,14,260
1,285,"CA-AB-GP",120,0.154984485744392,0.169819476581964,11,230
1,286,"CA-AB-GP",120,0.015555642137155,0.0947587497932533,15,270
1,287,"CA-AB-GP",120,0.03111128427431,0.0934665710088509,18,300
1,288,"CA-AB-GP",120,0.03111128427431,0.097922956803087,11,230
1,289,"CA-AB-GP",120,0.03111128427431,0.120392543521276,13,250
1,290,"CA-AB-GP",120,0.03111128427431,0.153056535634058,11,230
1,291,"CA-AB-GP",120,0.154984485744392,0.187978961019983,9,210
1,292,"CA-AB-GP",120,0.03111128427431,0.118521394372304,11,230
1,293,"CA-AB-GP",120,0.154984485744392,0.176160497738357,14,260
1,294,"CA-AB-GP",120,0.015555642137155,0.135445738750155,14,260
1,295,"CA-AB-GP",120,0.154984485744392,0.189332780796953,14,260
1,296,"CA-AB-GP",120,0.015555642137155,0.11176930110867,13,250
1,297,"CA-AB-GP",120,0.03111128427431,0.0876203042939744,13,250
1,298,"CA-AB-GP",120,0.03111128427431,0.0595085785145739,11,230
1,299,"CA-AB-GP",120,0.015555642137155,0.115790426059443,12,240
1,300,"CA-AB-GP",120,0.154984485744392,0.18747425926821,12,240
1,301,"CA-AB-GP",120,0.03111128427431,0.139866066378548,13,250
1,302,"CA-AB-GP",120,0.03111128427431,0.107820381596748,16,280
1,303,"CA-AB-GP",120,0,0.120290750316245,15,270
1,304,"CA-AB-GP",120,0.03111128427431,0.114712694483357,13,250
1,305,"CA-AB-GP",120,0.015555642137155,0.0926476304650894,11,230
1,306,"CA-AB-GP",120,0.03111128427431,0.0579006175970903,11,230
1,307,"CA-AB-GP",120,0.03111128427431,0.0675889541874578,11,230
1,308,"CA-AB-GP",120,0.03111128427431,0.0603620754178067,11,230
1,309,"CA-AB-GP",120,0.03111128427431,0.0728630956395693,16,280
1,310,"CA-AB-GP",120,0.03111128427431,0.110300312291557,12,240
1,311,"CA-AB-GP",120,0.03111128427431,0.0889707892691156,10,220
1,312,"CA-AB-GP",120,0.154984485744392,0.21965293519426,20,320
1,313,"CA-AB-GP",120,0.03111128427431,0.141664877011075,15,270
1,314,"CA-AB-GP",120,0.03111128427431,0.133038094617217,12,240
1,315,"CA-AB-GP",120,0.03111128427431,0.0682199105798473,11,230
1,316,"CA-AB-GP",120,0.03111128427431,0.0855618809141224,12,240
1,317,"CA-AB-GP",120,0.015555642137155,0.131756784817575,13,250
1,318,"CA-AB-GP",120,0.03111128427431,0.132713090661725,25,370
1,319,"CA-AB-GP",120,0.015555642137155,0.150444161134426,12,240
1,320,"CA-AB-GP",120,0.015555642137155,0.145815902045915,19,310
1,321,"CA-AB-GP",120,0.015555642137155,0.140177414329483,16,280
1,322,"CA-AB-GP",120,0.015555642137155,0.172829933594774,18,300
1,323,"CA-AB-GP",120,0.03111128427431,0.0588442828147505,14,260
1,324,"CA-AB-GP",120,0.015555642137155,0.151559901533851,18,300
1,325,"CA-AB-GP",120,0.015555642137155,0.13687906462653,13,250
1,326,"CA-AB-GP",120,0.03111128427431,0.0736916466346979,11,230
1,327,"CA-AB-GP",120,0.03111128427431,0.071620211110539,16,280
1,328,"CA-AB-GP",120,0.03111128427431,0.0626793529405358,19,310
1,329,"CA-AB-GP",120,0.154984485744392,0.238553828478429,14,260
1,330,"CA-AB-GP",120,0.03111128427431,0.0747153427590727,15,270
1,331,"CA-AB-GP",120,0.03111128427431,0.0637554408693643,14,260
1,332,"CA-AB-GP",120,0.03111128427431,0.0953666445243826,14,260
1,333,"CA-AB-GP",120,0.015555642137155,0.157096808201976,13,250
1,334,"CA-AB-GP",120,0.03111128427431,0.0764171751860326,10,220
1,335,"CA-AB-GP",120,0.03111128427431,0.0522458637483245,12,240
1,336,"CA-AB-GP",120,0.015555642137155,0.100854434043143,12,240
1,337,"CA-AB-GP",120,0.03111128427431,0.0850221381194575,12,240
1,338,"CA-AB-GP",120,0.015555642137155,0.0878522089261487,13,250
1,339,"CA-AB-GP",120,0.154984485744392,0.167636687404489,13,250
1,340,"CA-AB-GP",120,0.154984485744392,0.182017194236071,14,260
1,341,"CA-AB-GP",120,0.03111128427431,0.0928214955797798,22,340
1,342,"CA-AB-GP",120,0.03111128427431,0.0735181235307898,23,350
1,343,"CA-AB-GP",120,0.03111128427431,0.068276964075028,14,260
1,344,"CA-AB-GP",120,0.154984485744392,0.192055751746183,16,280
1,345,"CA-AB-GP",120,0,0.106476803018741,15,270
1,346,"CA-AB-GP",120,0.015555642137155,0.106034542143507,13,250
1,347,"CA-AB-GP",120,0.03111128427431,0.130921647156548,12,240
1,348,"CA-AB-GP",120,0.03111128427431,0.0542625995752058,16,280
1,349,"CA-AB-GP",120,0.015555642137155,0.12034706052676,16,280
1,350,"CA-AB-GP",120,0.03111128427431,0.0709608777148768,14,260
1,351,"CA-AB-GP",120,0.154984485744392,0.169595105446809,11,230
1,352,"CA-AB-GP",120,0.154984485744392,0.195733188254553,24,360
1,353,"CA-AB-GP",120,0.03111128427431,0.107925395835491,25,370
1,354,"CA-AB-GP",120,0.154984485744392,0.142273565671241,14,260
1,355,"CA-AB-GP",120,0.03111128427431,0.0950060986752178,25,370
1,356,"CA-AB-GP",120,0.03111128427431,0.108465243461115,19,310
1,357,"CA-AB-GP",120,0.03111128427431,0.0971635852857426,25,370
1,358,"CA-AB-GP",120,0,0.0996302592375274,23,350
1,359,"CA-AB-GP",120,0.03111128427431,0.118933561644525,25,370
1,360,"CA-AB-GP",120,0.03111128427431,0.0655909852575763,25,370
1,361,"CA-AB-GP",120,0.03111128427431,0.127132205803765,15,270
1,362,"CA-AB-GP",120,0.03111128427431,0.0943943386680236,12,240
1,363,"CA-AB-GP",120,0.03111128427431,0.0473624356251791,13,250
1,364,"CA-AB-GP",120,0.154984485744392,0.219757110918679,14,260
1,365,"CA-AB-GP",120,0.03111128427431,0.0582423182390647,14,260
1,366,"CA-AB-GP",120,0.015555642137155,0.291431468163465,16,280
1,367,"CA-AB-GP",120,0.03111128427431,0.0954602971501329,22,340
1,368,"CA-AB-GP",120,0.03111128427431,0.0866191209370114,10,220
1,369,"CA-AB-GP",120,0.03111128427431,0.0783456207687643,15,270
1,370,"CA-AB-GP",120,0.015555642137155,0.0968931433966679,14,260
1,371,"CA-AB-GP",120,0.03111128427431,0.103662161109319,25,370
1,372,"CA-AB-GP",120,0.015555642137155,0.121572700758842,13,250
1,373,"CA-AB-GP",120,0,0.252807998031172,18,300
1,374,"CA-AB-GP",120,0.03111128427431,0.106933996882024,12,240
1,375,"CA-AB-GP",120,0.015555642137155,0.104289345791997,13,250
1,376,"CA-AB-GP",120,0.015555642137155,0.140664312896912,19,310
1,377,"CA-AB-GP",120,0.03111128427431,0.0581453144534804,13,250
1,378,"CA-AB-GP",120,0.170540127881547,0.128275277472038,11,230
1,379,"CA-AB-GP",120,0.03111128427431,0.105890950236445,17,290
1,380,"CA-AB-GP",120,0.03111128427431,0.0752255547519494,19,310
1,381,"CA-AB-GP",120,0.015555642137155,0.0817362557817898,13,250
1,382,"CA-AB-GP",120,0.03111128427431,0.0591334776664711,12,240
1,383,"CA-AB-GP",120,0.03111128427431,0.0711614168094504,25,370
1,384,"CA-AB-GP",120,0.015555642137155,0.130181548629256,11,230
1,385,"CA-AB-GP",120,0.03111128427431,0.200895993572467,23,350
1,386,"CA-AB-GP",120,0.154984485744392,0.210957367258448,16,280
1,387,"CA-AB-GP",120,0.03111128427431,0.0656241032223048,13,250
1,388,"CA-AB-GP",120,0.03111128427431,0.0889697771277682,12,240
1,389,"CA-AB-GP",120,0.03111128427431,0.068768390998906,15,270
1,390,"CA-AB-GP",120,0.015555642137155,0.0838057765569014,12,240
1,391,"CA-AB-GP",120,0.03111128427431,0.0768204649000588,14,260
1,392,"CA-AB-GP",120,0,0.134275983660926,23,350
1,393,"CA-AB-GP",120,0.03111128427431,0.0934598945678479,25,370
1,394,"CA-AB-GP",120,0.03111128427431,0.0606661484134089,10,220
1,395,"CA-AB-GP",120,0.03111128427431,0.128510849519134,12,240
1,396,"CA-AB-GP",120,0,0.1203477809789,12,240
1,397,"CA-AB-GP",120,0.015555642137155,0.111525124946211,11,230
1,398,"CA-AB-GP",120,0.03111128427431,0.107175796033699,14,260
1,399,"CA-AB-GP",120,0.015555642137155,0.120788580702876,15,270
1,400,"CA-AB-GP",120,0.03111128427431,0.0748066213226417,19,310
1,401,"CA-AB-GP",120,0.015555642137155,0.171930288747165,14,260
1,402,"CA-AB-GP",120,0.015555642137155,0.131373786069128,16,280
1,403,"CA-AB-GP",120,0.03111128427431,0.0736567566617537,13,250
1,404,"CA-AB-GP",120,0.03111128427431,0.123809185743287,12,240
1,405,"CA-AB-GP",120,0.015555642137155,0.11068944292624,23,350
1,406,"CA-AB-GP",120,0,0.106856319457818,16,280
1,407,"CA-AB-GP",120,0.015555642137155,0.113717044370704,12,240
1,408,"CA-AB-GP",120,0.015555642137155,0.110180880097785,12,240
1,409,"CA-AB-GP",120,0.03111128427431,0.0584542848048763,22,340
1,410,"CA-AB-GP",120,0.03111128427431,0.151599485763199,10,220
1,411,"CA-AB-GP",120,0.03111128427431,0.0647118123435053,14,260
1,412,"CA-AB-GP",120,0.03111128427431,0.248037039214669,12,240
1,413,"CA-AB-GP",120,0.03111128427431,0.0763021181451712,12,240
1,414,"CA-AB-GP",120,0.154984485744392,0.184198314579766,23,350
1,415,"CA-AB-GP",120,0.03111128427431,0.106601880735209,12,240
1,416,"CA-AB-GP",120,0.03111128427431,0.115919610029652,13,250
1,417,"CA-AB-GP",120,0.03111128427431,0.0755493147546749,16,280
1,418,"CA-AB-GP",120,0.015555642137155,0.0884141281314636,13,250
1,419,"CA-AB-GP",120,0.154984485744392,0.166993668085578,15,270
1,420,"CA-AB-GP",120,0.03111128427431,0.0789601297826134,25,370
1,421,"CA-AB-GP",120,0.03111128427431,0.14730526427865,14,260
1,422,"CA-AB-GP",120,0.015555642137155,0.143074979141442,13,250
1,423,"CA-AB-GP",120,0.03111128427431,0.0690407232846587,17,290
1,424,"CA-AB-GP",120,0.03111128427431,0.0709006456139215,11,230
1,425,"CA-AB-GP",120,0.170540127881547,0.210878734225353,14,260
1,426,"CA-AB-GP",120,0.03111128427431,0.0844476972189733,25,370
1,427,"CA-AB-GP",120,0.03111128427431,0.0853159388547773,25,370
1,428,"CA-AB-GP",120,0.03111128427431,0.149075059357505,20,320
1,429,"CA-AB-GP",120,0.03111128427431,0.161924943485661,11,230
1,430,"CA-AB-GP",120,0.015555642137155,0.124823174735519,15,270
1,431,"CA-AB-GP",120,0.015555642137155,0.110403782208012,10,220
1,432,"CA-AB-GP",120,0.03111128427431,0.12372624200209,15,270
1,433,"CA-AB-GP",120,0.015555642137155,0.107528401743283,12,240
1,434,"CA-AB-GP",120,0.154984485744392,0.185963152528767,12,240
1,435,"CA-AB-GP",120,0.154984485744392,0.0910086292404511,11,230
1,436,"CA-AB-GP",120,0.015555642137155,0.0943886625962984,16,280
1,437,"CA-AB-GP",120,0.03111128427431,0.0944123686505555,25,370
1,438,"CA-AB-GP",120,0.154984485744392,0.18696401360241,14,260
1,439,"CA-AB-GP",120,0.015555642137155,0.126141744396394,12,240
1,440,"CA-AB-GP",120,0.146775291687036,0.146179562243331,15,270
1,441,"CA-AB-GP",120,0.015555642137155,0.083635884751534,15,270
1,442,"CA-AB-GP",120,0.015555642137155,0.117210242121533,19,310
1,443,"CA-AB-GP",120,0.03111128427431,0.0594480237391598,11,230
1,444,"CA-AB-GP",120,0.03111128427431,0.131963699083619,11,230
1,445,"CA-AB-GP",120,0.03111128427431,0.0539274624514772,13,250
1,446,"CA-AB-GP",120,0.03111128427431,0.0994197836684882,12,240
1,447,"CA-AB-GP",120,0.03111128427431,0.0938836861991622,13,250
1,448,"CA-AB-GP",120,0.03111128427431,0.092211990421533,14,260
1,449,"CA-AB-GP",120,0.154984485744392,0.175447502206634,25,370
1,450,"CA-AB-GP",120,0.03111128427431,0.132735208854871,15,270
1,451,"CA-AB-GP",120,0.015555642137155,0.0862833658466435,12,240
1,452,"CA-AB-GP",120,0.03111128427431,0.0629724312696537,13,250
1,453,"CA-AB-GP",120,0.015555642137155,0.113817635312672,14,260
1,454,"CA-AB-GP",120,0.03111128427431,0.115770119566741,19,310
1,455,"CA-AB-GP",120,0.015555642137155,0.139193988525673,21,330
1,456,"CA-AB-GP",120,0.015555642137155,0.114199689971975,12,240
1,457,"CA-AB-GP",120,0,0.100543413668902,17,290
1,458,"CA-AB-GP",120,0.03111128427431,0.0663419235402369,17,290
1,459,"CA-AB-GP",120,0.03111128427431,0.123582003098742,13,250
1,460,"CA-AB-GP",120,0.03111128427431,0.0805239158806126,11,230
1,461,"CA-AB-GP",120,0.03111128427431,0.062138350090468,14,260
1,462,"CA-AB-GP",120,0.03111128427431,0.0955462868522837,11,230
1,463,"CA-AB-GP",120,0.03111128427431,0.127829674025071,13,250
1,464,"CA-AB-GP",120,0.015555642137155,0.120223327254095,12,240
1,465,"CA-AB-GP",120,0.03111128427431,0.0562485395131024,17,290
1,466,"CA-AB-GP",120,0.015555642137155,0.0997315049302726,12,240
1,467,"CA-AB-GP",120,0.03111128427431,0.075661226354196,25,370
1,468,"CA-AB-GP",120,0.015555642137155,0.126843100205578,11,230
1,469,"CA-AB-GP",120,0.015555642137155,0.0996079740119919,14,260
1,470,"CA-AB-GP",120,0.03111128427431,0.161220715385615,22,340
1,471,"CA-AB-GP",120,0.03111128427431,0.0818882073882771,14,260
1,472,"CA-AB-GP",120,0.03111128427431,0.0619884161093103,13,250
1,473,"CA-AB-GP",120,0,0.152425648831029,24,360
1,474,"CA-AB-GP",120,0.015555642137155,0.0880290891970023,15,270
1,475,"CA-AB-GP",120,0.03111128427431,0.147100217289654,12,240
1,476,"CA-AB-GP",120,0.015555642137155,0.0925086738639242,18,300
1,477,"CA-AB-GP",120,0.154984485744392,0.169990557258538,14,260
1,478,"CA-AB-GP",120,0,0.133522534157061,20,320
1,479,"CA-AB-GP",120,0.03111128427431,0.0745403081279006,11,230
1,480,"CA-AB-GP",120,0.03111128427431,0.0952323930458613,19,310
1,481,"CA-AB-GP",120,0.03111128427431,0.0611127281437617,13,250
1,482,"CA-AB-GP",120,0,0.113708158206765,24,360
1,483,"CA-AB-GP",120,0.03111128427431,0.108366160143873,15,270
1,484,"CA-AB-GP",120,0.03111128427431,0.0884990721405292,12,240
1,485,"CA-AB-GP",120,0.03111128427431,0.0884980671536955,13,250
1,486,"CA-AB-GP",120,0.015555642137155,0.126725892042895,11,230
1,487,"CA-AB-GP",120,0.015555642137155,0.139720574536458,14,260
1,488,"CA-AB-GP",120,0.154984485744392,0.211867986215493,15,270
1,489,"CA-AB-GP",120,0.015555642137155,0.134080124547811,11,230
1,490,"CA-AB-GP",120,0.03111128427431,0.110974652812309,15,270
1,491,"CA-AB-GP",120,0.015555642137155,0.110452342324828,13,250
1,492,"CA-AB-GP",120,0.03111128427431,0.0593048198099767,12,240
1,493,"CA-AB-GP",120,0.03111128427431,0.0740475165174566,15,270
1,494,"CA-AB-GP",120,0.015555642137155,0.124653469401513,18,300
1,495,"CA-AB-GP",120,0.03111128427431,0.0630222055280985,14,260
1,496,"CA-AB-GP",120,0.03111128427431,0.0702035808014905,10,220
1,497,"CA-AB-GP",120,0.03111128427431,0.115657334403295,23,350
1,498,"CA-AB-GP",120,0.015555642137155,0.0820740228944402,12,240
1,499,"CA-AB-GP",120,0.03111128427431,0.065090180478414,17,290
1,500,"CA-AB-GP",120,0.015555642137155,0.118277909838479,14,260
1,501,"CA-AB-GP",120,0.146775291687036,0.171479513556561,11,230
1,502,"CA-AB-GP",120,0.154984485744392,0.352113977149819,25,370
1,503,"CA-AB-GP",120,0.03111128427431,0.0825974333960087,14,260
1,504,"CA-AB-GP",120,0.03111128427431,0.0766708122184216,22,340
1,505,"CA-AB-GP",120,0.03111128427431,0.114541615661065,25,370
1,506,"CA-AB-GP",120,0.03111128427431,0.0814348886910568,25,370
1,507,"CA-AB-GP",120,0.015555642137155,0.165900638519153,11,230
1,508,"CA-AB-GP",120,0.03111128427431,0.0645010197047213,23,350
1,509,"CA-AB-GP",120,0.03111128427431,0.0515212032119413,14,260
1,510,"CA-AB-GP",120,0.015555642137155,0.107474837541211,11,230
1,511,"CA-AB-GP",120,0.03111128427431,0.111294799949336,10,220
1,512,"CA-AB-GP",120,0.03111128427431,0.0871485751122336,13,250
1,513,"CA-AB-GP",120,0.015555642137155,0.107073895531428,13,250
1,514,"CA-AB-GP",120,0.03111128427431,0.103032041804364,24,360
1,515,"CA-AB-GP",120,0.154984485744392,0.225165253594307,25,370
1,516,"CA-AB-GP",120,0,0.104468205330374,11,230
1,517,"CA-AB-GP",120,0.03111128427431,0.118551745883846,25,370
1,518,"CA-AB-GP",120,0.03111128427431,0.0867048853647097,13,250
1,519,"CA-AB-GP",120,0.154984485744392,0.189657099344329,22,340
1,520,"CA-AB-GP",120,0.03111128427431,0.0771512168438292,11,230
1,521,"CA-AB-GP",120,0.03111128427431,0.0649202038721031,25,370
1,522,"CA-AB-GP",120,0.015555642137155,0.136451501941276,15,270
1,523,"CA-AB-GP",120,0.015555642137155,0.117709111479249,16,280
1,524,"CA-AB-GP",120,0.03111128427431,0.114436788822619,25,370
1,525,"CA-AB-GP",120,0.03111128427431,0.0638532946236947,12,240
1,526,"CA-AB-GP",120,0.03111128427431,0.099808120314326,18,300
1,527,"CA-AB-GP",120,0.03111128427431,0.0787037839661729,13,250
1,528,"CA-AB-GP",120,0.015555642137155,0.123157479262538,25,370
1,529,"CA-AB-GP",120,0.015555642137155,0.0939240452262717,12,240
1,530,"CA-AB-GP",120,0.154984485744392,0.171899490963185,12,240
1,531,"CA-AB-GP",120,0.03111128427431,0.0814281230394312,25,370
1,532,"CA-AB-GP",120,0.015555642137155,0.0883651555292096,12,240
1,533,"CA-AB-GP",120,0.154984485744392,0.180268825165921,12,240
1,534,"CA-AB-GP",120,0.03111128427431,0.0601018563804251,10,220
1,535,"CA-AB-GP",120,0.03111128427431,0.137695652439955,25,370
1,536,"CA-AB-GP",120,0.03111128427431,0.124946270975398,14,260
1,537,"CA-AB-GP",120,0.03111128427431,0.119422106662316,25,370
1,538,"CA-AB-GP",120,0.015555642137155,0.105670722654631,20,320
1,539,"CA-AB-GP",120,0.03111128427431,0.125253353311183,25,370
1,540,"CA-AB-GP",120,0.03111128427431,0.147429624036853,12,240
1,541,"CA-AB-GP",120,0.154984485744392,0.179105419875034,25,370
1,542,"CA-AB-GP",120,0.03111128427431,0.0525181481341788,12,240
1,543,"CA-AB-GP",120,0.03111128427431,0.147347323368734,11,230
1,544,"CA-AB-GP",120,0.03111128427431,0.106064189321616,25,370
1,545,"CA-AB-GP",120,0.03111128427431,0.0623986761600224,11,230
1,546,"CA-AB-GP",120,0.850344151802164,0.69519800587976,12,240
1,547,"CA-AB-GP",120,0.03111128427431,0.122143978347787,16,280
1,548,"CA-AB-GP",120,0.03111128427431,0.175627168466254,17,290
1,549,"CA-AB-GP",120,0.015555642137155,0.162690328582278,22,340
1,550,"CA-AB-GP",120,0.162330933824191,0.192880221952256,21,330
1,551,"CA-AB-GP",120,0.03111128427431,0.060296907461643,13,250
1,552,"CA-AB-GP",120,0.015555642137155,0.161149793386776,25,370
1,553,"CA-AB-GP",120,0.03111128427431,0.0552504201299839,14,260
1,554,"CA-AB-GP",120,0.03111128427431,0.108405460612429,12,240
1,555,"CA-AB-GP",120,0.03111128427431,0.0670409203743926,18,300
1,556,"CA-AB-GP",120,0.154984485744392,0.205855400964575,22,340
1,557,"CA-AB-GP",120,0.03111128427431,0.0685617238246455,11,230
1,558,"CA-AB-GP",120,0.015555642137155,0.133051542345559,12,240
1,559,"CA-AB-GP",120,0.03111128427431,0.0816842342711415,25,370
1,560,"CA-AB-GP",120,0.015555642137155,0.109968689181683,14,260
1,561,"CA-AB-GP",120,0.03111128427431,0.125832780139185,15,270
1,562,"CA-AB-GP",120,0.03111128427431,0.0835181178233818,13,250
1,563,"CA-AB-GP",120,0.03111128427431,0.109473364141207,21,330
1,564,"CA-AB-GP",120,0.03111128427431,0.138111217999713,11,230
1,565,"CA-AB-GP",120,0.03111128427431,0.140539336969849,20,320
1,566,"CA-AB-GP",120,0.03111128427431,0.129066660592027,20,320
1,567,"CA-AB-GP",120,0.03111128427431,0.10948944234107,19,310
1,568,"CA-AB-GP",120,0.015555642137155,0.124309026664174,12,240
1,569,"CA-AB-GP",120,0.03111128427431,0.131425757483505,21,330
1,570,"CA-AB-GP",120,0.015555642137155,0.091277269459912,11,230
1,571,"CA-AB-GP",120,0.03111128427431,0.100647820107512,9,210
1,572,"CA-AB-GP",120,0.03111128427431,0.0978163872708072,25,370
1,573,"CA-AB-GP",120,0.03111128427431,0.0619922392958874,10,220
1,574,"CA-AB-GP",120,0.03111128427431,0.0825106680466106,12,240
1,575,"CA-AB-GP",120,0.293550583374071,0.0947019545664622,11,230
1,576,"CA-AB-GP",120,0.015555642137155,0.104885968163409,13,250
1,577,"CA-AB-GP",120,0.03111128427431,0.0682012763155532,12,240
1,578,"CA-AB-GP",120,0,0.200900201252688,15,270
1,579,"CA-AB-GP",120,0.03111128427431,0.0722742496699747,16,280
1,580,"CA-AB-GP",120,0.03111128427431,0.0799441446650783,11,230
1,581,"CA-AB-GP",120,0.03111128427431,0.0809946538814812,20,320
1,582,"CA-AB-GP",120,0.03111128427431,0.154672285775391,11,230
1,583,"CA-AB-GP",120,0.03111128427431,0.0957401536179601,25,370
1,584,"CA-AB-GP",120,0.03111128427431,0.0729699348696834,11,230
1,585,"CA-AB-GP",120,0.154984485744392,0.112376202270558,12,240
1,586,"CA-AB-GP",120,0.015555642137155,0.132730394672939,19,310
1,587,"CA-AB-GP",120,0.03111128427431,0.0604474645009707,15,270
1,588,"CA-AB-GP",120,0.03111128427431,0.079777308766895,10,220
1,589,"CA-AB-GP",120,0.03111128427431,0.0884104292433925,22,340
1,590,"CA-AB-GP",120,0.03111128427431,0.0885283607719631,11,230
1,591,"CA-AB-GP",120,0.03111128427431,0.134076846694893,15,270
1,592,"CA-AB-GP",120,0.154984485744392,0.196701552823707,10,220
1,593,"CA-AB-GP",120,0.03111128427431,0.114709624745519,13,250
1,594,"CA-AB-GP",120,0.03111128427431,0.0668322009980534,14,260
1,595,"CA-AB-GP",120,0.03111128427431,0.0617590638051014,22,340
1,596,"CA-AB-GP",120,0.015555642137155,0.108064494704816,13,250
1,597,"CA-AB-GP",120,0.03111128427431,0.102688518606739,25,370
1,598,"CA-AB-GP",120,0.03111128427431,0.167006712842381,17,290
1,599,"CA-AB-GP",120,0,0.122873021196333,17,290
1,600,"CA-AB-GP",120,0.162330933824191,0.203118765468694,19,310
1,601,"CA-AB-GP",120,0.015555642137155,0.107724825969351,11,230
1,602,"CA-AB-GP",120,0,0.12521569562097,12,240
1,603,"CA-AB-GP",120,0.03111128427431,0.0579340516380625,12,240
1,604,"CA-AB-GP",120,0.03111128427431,0.0884155351386908,25,370
1,605,"CA-AB-GP",120,0.03111128427431,0.0862460454432265,25,370
1,606,"CA-AB-GP",120,0.03111128427431,0.0590771999486011,13,250
1,607,"CA-AB-GP",120,0,0.137447857788527,17,290
1,608,"CA-AB-GP",120,0.03111128427431,0.062149989616515,15,270
1,609,"CA-AB-GP",120,0.03111128427431,0.0976073105435993,12,240
1,610,"CA-AB-GP",120,0.015555642137155,0.120652450516092,9,210
1,611,"CA-AB-GP",120,0.015555642137155,0.144630510643644,10,220
1,612,"CA-AB-GP",120,0.03111128427431,0.0563374543994344,12,240
1,613,"CA-AB-GP",120,0.03111128427431,0.0790971849543769,11,230
1,614,"CA-AB-GP",120,0.03111128427431,0.0574991177076856,11,230
1,615,"CA-AB-GP",120,0.154984485744392,0.182158072371749,18,300
1,616,"CA-AB-GP",120,0.03111128427431,0.131114023137796,13,250
1,617,"CA-AB-GP",120,0.015555642137155,0.112229944885437,11,230
1,618,"CA-AB-GP",120,0.154984485744392,0.185204987250963,25,370
1,619,"CA-AB-GP",120,0,0.139371164947891,19,310
1,620,"CA-AB-GP",120,0.03111128427431,0.112908139593518,25,370
1,621,"CA-AB-GP",120,0.170540127881547,0.102542054796902,12,240
1,622,"CA-AB-GP",120,0.03111128427431,0.117062186777069,11,230
1,623,"CA-AB-GP",120,0.015555642137155,0.102708825222865,14,260
1,624,"CA-AB-GP",120,0.03111128427431,0.126747593935415,15,270
1,625,"CA-AB-GP",120,0.154984485744392,0.187440913930421,14,260
1,626,"CA-AB-GP",120,0.015555642137155,0.119291612880866,12,240
1,627,"CA-AB-GP",120,0,0.103858408308508,16,280
1,628,"CA-AB-GP",120,0.03111128427431,0.0900492420445391,25,370
1,629,"CA-AB-GP",120,0.015555642137155,0.0926665370667091,10,220
1,630,"CA-AB-GP",120,0.03111128427431,0.0762499561285463,10,220
1,631,"CA-AB-GP",120,0.015555642137155,0.0991251314618246,13,250
1,632,"CA-AB-GP",120,0.03111128427431,0.0654415782535278,14,260
1,633,"CA-AB-GP",120,0.03111128427431,0.0628478121730143,22,340
1,634,"CA-AB-GP",120,0.015555642137155,0.188878026212784,11,230
1,635,"CA-AB-GP",120,0.03111128427431,0.0627023881920549,14,260
1,636,"CA-AB-GP",120,0.03111128427431,0.0906491836360391,16,280
1,637,"CA-AB-GP",120,0.03111128427431,0.108946903193187,15,270
1,638,"CA-AB-GP",120,0.03111128427431,0.122830665853596,25,370
1,639,"CA-AB-GP",120,0.154984485744392,0.124522712540174,12,240
1,640,"CA-AB-GP",120,0,0.136785452057389,14,260
1,641,"CA-AB-GP",120,0.03111128427431,0.179317187203822,12,240
1,642,"CA-AB-GP",120,0.015555642137155,0.160809753249068,16,280
1,643,"CA-AB-GP",120,0.03111128427431,0.0968830505788699,14,260
1,644,"CA-AB-GP",120,0.015555642137155,0.144307165886014,12,240
1,645,"CA-AB-GP",120,0.03111128427431,0.079333196235208,16,280
1,646,"CA-AB-GP",120,0,0.12258106742421,12,240
1,647,"CA-AB-GP",120,0.03111128427431,0.090522207226351,14,260
1,648,"CA-AB-GP",120,0,0.105440918444165,23,350
1,649,"CA-AB-GP",120,0.03111128427431,0.0866794318224532,18,300
1,650,"CA-AB-GP",120,0.015555642137155,0.141406088054375,25,370
1,651,"CA-AB-GP",120,0.015555642137155,0.112122179241523,20,320
1,652,"CA-AB-GP",120,0.03111128427431,0.128547234600917,25,370
1,653,"CA-AB-GP",120,0.03111128427431,0.128474577645614,17,290
1,654,"CA-AB-GP",120,0.015555642137155,0.127384319959925,14,260
1,655,"CA-AB-GP",120,0.03111128427431,0.0553325965136501,10,220
1,656,"CA-AB-GP",120,0.03111128427431,0.0899030931313162,19,310
1,657,"CA-AB-GP",120,0.03111128427431,0.130776056375466,12,240
1,658,"CA-AB-GP",120,0.015555642137155,0.152443997075311,15,270
1,659,"CA-AB-GP",120,0.03111128427431,0.0493974653241167,12,240
1,660,"CA-AB-GP",120,0.03111128427431,0.0940170966242231,22,340
1,661,"CA-AB-GP",120,0.03111128427431,0.0718716932830616,9,210
1,662,"CA-AB-GP",120,0.154984485744392,0.113536877870289,15,270
1,663,"CA-AB-GP",120,0.015555642137155,0.129991616091747,14,260
1,664,"CA-AB-GP",120,0.03111128427431,0.0790949247524117,25,370
1,665,"CA-AB-GP",120,0.015555642137155,0.175922208840074,21,330
1,666,"CA-AB-GP",120,0.015555642137155,0.0874454217817285,11,230
1,667,"CA-AB-GP",120,0.03111128427431,0.143670856265724,18,300
1,668,"CA-AB-GP",120,0,0.17046065483056,15,270
1,669,"CA-AB-GP",120,0.03111128427431,0.128892755399305,17,290
1,670,"CA-AB-GP",120,0.03111128427431,0.124107442047605,25,370
1,671,"CA-AB-GP",120,0.03111128427431,0.08776398244988,14,260
1,672,"CA-AB-GP",120,0.03111128427431,0.13004151147792,25,370
1,673,"CA-AB-GP",120,0.03111128427431,0.0722216119119154,15,270
1,674,"CA-AB-GP",120,0.015555642137155,0.115062724980019,17,290
1,675,"CA-AB-GP",120,0.03111128427431,0.100624628396454,24,360
1,676,"CA-AB-GP",120,0.03111128427431,0.105750729352229,14,260
1,677,"CA-AB-GP",120,0.154984485744392,0.177088810460587,14,260
1,678,"CA-AB-GP",120,0.03111128427431,0.120992215528828,25,370
1,679,"CA-AB-GP",120,0,0.113983083094814,15,270
1,680,"CA-AB-GP",120,0.154984485744392,0.210962725870939,16,280
1,681,"CA-AB-GP",120,0.03111128427431,0.106053299868401,12,240
1,682,"CA-AB-GP",120,0.154984485744392,0.12358817317278,13,250
1,683,"CA-AB-GP",120,0.015555642137155,0.0965335662168229,17,290
1,684,"CA-AB-GP",120,0.03111128427431,0.0712450651618123,12,240
1,685,"CA-AB-GP",120,0.03111128427431,0.0966815964291468,18,300
1,686,"CA-AB-GP",120,0.03111128427431,0.0750498802285292,13,250
1,687,"CA-AB-GP",120,0.293550583374071,0.225540287432305,14,260
1,688,"CA-AB-GP",120,0.03111128427431,0.116357839343008,12,240
1,689,"CA-AB-GP",120,0.146775291687036,0.111236256113547,13,250
1,690,"CA-AB-GP",120,0.03111128427431,0.191891349277234,25,370
1,691,"CA-AB-GP",120,0.03111128427431,0.105065314227644,13,250
1,692,"CA-AB-GP",120,0.03111128427431,0.0624976510135376,21,330
1,693,"CA-AB-GP",120,0.03111128427431,0.169100012338706,18,300
1,694,"CA-AB-GP",120,0.03111128427431,0.0822363478129926,18,300
1,695,"CA-AB-GP",120,0.03111128427431,0.0508358226348623,12,240
1,696,"CA-AB-GP",120,0.015555642137155,0.133759475799407,16,280
1,697,"CA-AB-GP",120,0.015555642137155,0.111205466731636,12,240
1,698,"CA-AB-GP",120,0.261869137001738,0.222706032663467,14,260
1,699,"CA-AB-GP",120,0.154984485744392,0.175606387623414,12,240
1,700,"CA-AB-GP",120,0.03111128427431,0.123835368331711,25,370
1,701,"CA-AB-GP",120,0.03111128427431,0.0775395043642493,25,370
1,702,"CA-AB-GP",120,0.03111128427431,0.134162109990358,12,240
1,703,"CA-AB-GP",120,0.146775291687036,0.209618974366515,15,270
1,704,"CA-AB-GP",120,0.154984485744392,0.174061352999894,17,290
1,705,"CA-AB-GP",120,0.03111128427431,0.0567054374819912,12,240
1,706,"CA-AB-GP",120,0.03111128427431,0.0660028327010905,12,240
1,707,"CA-AB-GP",120,0.03111128427431,0.0637952077114835,20,320
1,708,"CA-AB-GP",120,0.03111128427431,0.0697143833339696,25,370
1,709,"CA-AB-GP",120,0.154984485744392,0.146722257454271,24,360
1,710,"CA-AB-GP",120,0.015555642137155,0.109048804931189,12,240
1,711,"CA-AB-GP",120,0,0.12528734820354,11,230
1,712,"CA-AB-GP",120,0.170540127881547,0.118003274923841,20,320
1,713,"CA-AB-GP",120,0.03111128427431,0.0825697514487088,10,220
1,714,"CA-AB-GP",120,0.154984485744392,0.178601735716739,14,260
1,715,"CA-AB-GP",120,0.015555642137155,0.116248226006839,17,290
1,716,"CA-AB-GP",120,0.03111128427431,0.0838847202991545,16,280
1,717,"CA-AB-GP",120,0.015555642137155,0.107555175735058,11,230
1,718,"CA-AB-GP",120,0.015555642137155,0.115930892770438,12,240
1,719,"CA-AB-GP",120,0.154984485744392,0.17310148691386,15,270
1,720,"CA-AB-GP",120,0.03111128427431,0.0611564584035725,10,220
1,721,"CA-AB-GP",120,0.015555642137155,0.0832087355587763,10,220
1,722,"CA-AB-GP",120,0.03111128427431,0.0554494018306221,13,250
1,723,"CA-AB-GP",120,0.154984485744392,0.200361043687957,11,230
1,724,"CA-AB-GP",120,0.03111128427431,0.0875556130976634,12,240
1,725,"CA-AB-GP",120,0.154984485744392,0.186747620340352,13,250
1,726,"CA-AB-GP",120,0.03111128427431,0.14642337991076,12,240
1,727,"CA-AB-GP",120,0.03111128427431,0.135906129856618,23,350
1,728,"CA-AB-GP",120,0.03111128427431,0.0849337610051022,23,350
1,729,"CA-AB-GP",120,0.015555642137155,0.144647669538458,12,240
1,730,"CA-AB-GP",120,0.03111128427431,0.123076069620544,25,370
1,731,"CA-AB-GP",120,0.015555642137155,0.144002374739305,13,250
1,732,"CA-AB-GP",120,0.03111128427431,0.0924206758802055,19,310
1,733,"CA-AB-GP",120,0.03111128427431,0.182441572435664,25,370
1,734,"CA-AB-GP",120,0.03111128427431,0.0828406370203396,11,230
1,735,"CA-AB-GP",120,0.015555642137155,0.13207469783906,14,260
1,736,"CA-AB-GP",120,0.015555642137155,0.150839885964082,15,270
1,737,"CA-AB-GP",120,0,0.167304520266574,14,260
1,738,"CA-AB-GP",120,0.015555642137155,0.113741115455572,12,240
1,739,"CA-AB-GP",120,0.015555642137155,0.137784154082626,13,250
1,740,"CA-AB-GP",120,0.03111128427431,0.143294142463855,15,270
1,741,"CA-AB-GP",120,0.03111128427431,0.123676082346763,16,280
1,742,"CA-AB-GP",120,0.015555642137155,0.108218650604092,25,370
1,743,"CA-AB-GP",120,0.154984485744392,0.22104800329354,10,220
1,744,"CA-AB-GP",120,0.03111128427431,0.152168271990673,13,250
1,745,"CA-AB-GP",120,0.03111128427431,0.0685438330962085,14,260
1,746,"CA-AB-GP",120,0.03111128427431,0.11290792377116,22,340
1,747,"CA-AB-GP",120,0.03111128427431,0.0546171428872287,19,310
1,748,"CA-AB-GP",120,0.03111128427431,0.120745124571019,12,240
1,749,"CA-AB-GP",120,0.154984485744392,0.19159821962709,14,260
1,750,"CA-AB-GP",120,0.03111128427431,0.0783040304664777,15,270
1,751,"CA-AB-GP",120,0.03111128427431,0.126892699615351,25,370
1,752,"CA-AB-GP",120,0.03111128427431,0.127584603041583,11,230
1,753,"CA-AB-GP",120,0.03111128427431,0.0569765719712323,17,290
1,754,"CA-AB-GP",120,0,0.205958685450708,21,330
1,755,"CA-AB-GP",120,0.03111128427431,0.0965433776688665,11,230
1,756,"CA-AB-GP",120,0.015555642137155,0.0950822369585826,14,260
1,757,"CA-AB-GP",120,0.03111128427431,0.134603276492828,19,310
1,758,"CA-AB-GP",120,0.03111128427431,0.109739693738374,11,230
1,759,"CA-AB-GP",120,0.03111128427431,0.0958546982157227,11,230
1,760,"CA-AB-GP",120,0.03111128427431,0.0728153291131922,17,290
1,761,"CA-AB-GP",120,0.03111128427431,0.0895664001258011,24,360
1,762,"CA-AB-GP",120,0.015555642137155,0.0937178094435522,11,230
1,763,"CA-AB-GP",120,0.03111128427431,0.0604711105733251,20,320
1,764,"CA-AB-GP",120,0.03111128427431,0.0782019290425989,19,310
1,765,"CA-AB-GP",120,0.03111128427431,0.0655972152029577,12,240
1,766,"CA-AB-GP",120,0.170540127881547,0.184379168547407,22,340
1,767,"CA-AB-GP",120,0.146775291687036,0.142754490959411,14,260
1,768,"CA-AB-GP",120,0.03111128427431,0.0650965539450665,25,370
1,769,"CA-AB-GP",120,0.03111128427431,0.156257825901903,25,370
1,770,"CA-AB-GP",120,0.015555642137155,0.131288849339048,10,220
1,771,"CA-AB-GP",120,0.03111128427431,0.113093424388905,14,260
1,772,"CA-AB-GP",120,0.03111128427431,0.152879812649611,12,240
1,773,"CA-AB-GP",120,0.03111128427431,0.0806969822152074,16,280
1,774,"CA-AB-GP",120,0.146775291687036,0.167656180196776,24,360
1,775,"CA-AB-GP",120,0.03111128427431,0.0829082136257468,21,330
1,776,"CA-AB-GP",120,0.03111128427431,0.0740721797286852,10,220
1,777,"CA-AB-GP",120,0.03111128427431,0.139080219585234,25,370
1,778,"CA-AB-GP",120,0.154984485744392,0.091014096011982,12,240
1,779,"CA-AB-GP",120,0.03111128427431,0.15295031780885,14,260
1,780,"CA-AB-GP",120,0.015555642137155,0.120177445162977,22,340
1,781,"CA-AB-GP",120,0.03111128427431,0.0555660857786605,10,220
1,782,"CA-AB-GP",120,0.03111128427431,0.113759231793597,12,240
1,783,"CA-AB-GP",120,0.03111128427431,0.0770089435882767,12,240
1,784,"CA-AB-GP",120,0.03111128427431,0.104319268222149,14,260
1,785,"CA-AB-GP",120,0.015555642137155,0.115926586275687,20,320
1,786,"CA-AB-GP",120,0.015555642137155,0.220065577181676,19,310
1,787,"CA-AB-GP",120,0.03111128427431,0.0980179893662805,12,240
1,788,"CA-AB-GP",120,0,0.119990124907235,13,250
1,789,"CA-AB-GP",120,0.03111128427431,0.0865938860392492,14,260
1,790,"CA-AB-GP",120,0.03111128427431,0.156261907779993,10,220
1,791,"CA-AB-GP",120,0.015555642137155,0.101186766758721,11,230
1,792,"CA-AB-GP",120,0.03111128427431,0.086530262789951,25,370
1,793,"CA-AB-GP",120,0.03111128427431,0.0873844053529868,14,260
1,794,"CA-AB-GP",120,0.03111128427431,0.143059278625988,12,240
1,795,"CA-AB-GP",120,0.03111128427431,0.0904359677714508,13,250
1,796,"CA-AB-GP",120,0.015555642137155,0.112990040190273,14,260
1,797,"CA-AB-GP",120,0.03111128427431,0.0766714540522808,17,290
1,798,"CA-AB-GP",120,0,0.13674483933393,12,240
1,799,"CA-AB-GP",120,0.03111128427431,0.150132831465152,25,370
1,800,"CA-AB-GP",120,0.015555642137155,0.245391394739257,12,240
1,801,"CA-AB-GP",120,0.03111128427431,0.1282582992815,12,240
1,802,"CA-AB-GP",120,0.03111128427431,0.144968662734331,10,220
1,803,"CA-AB-GP",120,0.03111128427431,0.0844182556902663,12,240
1,804,"CA-AB-GP",120,0.03111128427431,0.0706820946513332,17,290
1,805,"CA-AB-GP",120,0,0.14109731240293,13,250
1,806,"CA-AB-GP",120,0.03111128427431,0.0796272385849571,11,230
1,807,"CA-AB-GP",120,0.015555642137155,0.103604319161381,14,260
1,808,"CA-AB-GP",120,0.03111128427431,0.117167443388604,21,330
1,809,"CA-AB-GP",120,0.03111128427431,0.117453482972276,25,370
1,810,"CA-AB-GP",120,0.03111128427431,0.0844573382164847,11,230
1,811,"CA-AB-GP",120,0.03111128427431,0.103073441108447,11,230
1,812,"CA-AB-GP",120,0,0.133452118948583,19,310
1,813,"CA-AB-GP",120,0.03111128427431,0.0539386978356731,10,220
1,814,"CA-AB-GP",120,0.154984485744392,0.190655915743645,15,270
1,815,"CA-AB-GP",120,0.03111128427431,0.054245745989938,12,240
1,816,"CA-AB-GP",120,0.015555642137155,0.125637582346295,18,300
1,817,"CA-AB-GP",120,0.03111128427431,0.0653061775772181,25,370
1,818,"CA-AB-GP",120,0.03111128427431,0.0882971299008197,17,290
1,819,"CA-AB-GP",120,0.03111128427431,0.0919911591866645,12,240
1,820,"CA-AB-GP",120,0.015555642137155,0.106897375321234,13,250
1,821,"CA-AB-GP",120,0.015555642137155,0.151943974930821,14,260
1,822,"CA-AB-GP",120,0.015555642137155,0.123297796412636,13,250
1,823,"CA-AB-GP",120,0.03111128427431,0.0589431863697395,16,280
1,824,"CA-AB-GP",120,0.03111128427431,0.0856259176210141,25,370
1,825,"CA-AB-GP",120,0.154984485744392,0.113614509027632,13,250
1,826,"CA-AB-GP",120,0.154984485744392,0.174400644807745,16,280
1,827,"CA-AB-GP",120,0.03111128427431,0.0739859343972593,12,240
1,828,"CA-AB-GP",120,0.03111128427431,0.0769637381926627,25,370
1,829,"CA-AB-GP",120,0.03111128427431,0.0892460447005806,14,260
1,830,"CA-AB-GP",120,0.03111128427431,0.133422905446707,25,370
1,831,"CA-AB-GP",120,0.03111128427431,0.075857313831728,12,240
1,832,"CA-AB-GP",120,0.03111128427431,0.0643795542888329,15,270
1,833,"CA-AB-GP",120,0.015555642137155,0.116319655113156,14,260
1,834,"CA-AB-GP",120,0.015555642137155,0.124795436535554,11,230
1,835,"CA-AB-GP",120,0.015555642137155,0.140923312406303,15,270
1,836,"CA-AB-GP",120,0.03111128427431,0.134442271896996,24,360
1,837,"CA-AB-GP",120,0.03111128427431,0.159223297211273,15,270
1,838,"CA-AB-GP",120,0.03111128427431,0.103253850310905,21,330
1,839,"CA-AB-GP",120,0.03111128427431,0.0616701195572365,17,290
1,840,"CA-AB-GP",120,0.03111128427431,0.0854307385193581,19,310
1,841,"CA-AB-GP",120,0.015555642137155,0.089609380859021,11,230
1,842,"CA-AB-GP",120,0.03111128427431,0.0659374710957824,18,300
1,843,"CA-AB-GP",120,0.154984485744392,0.229321761985171,14,260
1,844,"CA-AB-GP",120,0.015555642137155,0.13790101368167,22,340
1,845,"CA-AB-GP",120,0.03111128427431,0.0954092728730771,11,230
1,846,"CA-AB-GP",120,0.03111128427431,0.0967693071763238,13,250
1,847,"CA-AB-GP",120,0.03111128427431,0.103336092224954,19,310
1,848,"CA-AB-GP",120,0,0.0939366833145254,14,260
1,849,"CA-AB-GP",120,0.015555642137155,0.193418319751019,19,310
1,850,"CA-AB-GP",120,0.015555642137155,0.0876132370534532,13,250
1,851,"CA-AB-GP",120,0.154984485744392,0.205187915058946,17,290
1,852,"CA-AB-GP",120,0.03111128427431,0.132148292989282,13,250
1,853,"CA-AB-GP",120,0.154984485744392,0.173794215687443,16,280
1,854,"CA-AB-GP",120,0.146775291687036,0.102084667806273,12,240
1,855,"CA-AB-GP",120,0.03111128427431,0.0782027411070357,25,370
1,856,"CA-AB-GP",120,0.03111128427431,0.0805995249066707,25,370
1,857,"CA-AB-GP",120,0.03111128427431,0.0580223691660046,15,270
1,858,"CA-AB-GP",120,0.03111128427431,0.0875306754432818,11,230
1,859,"CA-AB-GP",120,0.03111128427431,0.0741399682581075,18,300
1,860,"CA-AB-GP",120,0.015555642137155,0.092338969684018,19,310
1,861,"CA-AB-GP",120,0.03111128427431,0.118708737096557,21,330
1,862,"CA-AB-GP",120,0.03111128427431,0.0646269067359812,13,250
1,863,"CA-AB-GP",120,0.154984485744392,0.169315978926237,12,240
1,864,"CA-AB-GP",120,0.03111128427431,0.0724779918948337,20,320
1,865,"CA-AB-GP",120,0.03111128427431,0.0595230583301101,13,250
1,866,"CA-AB-GP",120,0.03111128427431,0.125499422803329,25,370
1,867,"CA-AB-GP",120,0.015555642137155,0.0941167651965291,12,240
1,868,"CA-AB-GP",120,0.03111128427431,0.0858521505127935,16,280
1,869,"CA-AB-GP",120,0.03111128427431,0.0747368772392914,17,290
1,870,"CA-AB-GP",120,0,0.113447988537874,12,240
1,871,"CA-AB-GP",120,0.015555642137155,0.111064099206692,12,240
1,872,"CA-AB-GP",120,0.03111128427431,0.0913017312852595,10,220
1,873,"CA-AB-GP",120,0.03111128427431,0.0974908206834391,22,340
1,874,"CA-AB-GP",120,0,0.169013201434781,24,360
1,875,"CA-AB-GP",120,0,0.232893265055397,15,270
1,876,"CA-AB-GP",120,0.154984485744392,0.108997998971625,11,230
1,877,"CA-AB-GP",120,0.03111128427431,0.0764601370943967,14,260
1,878,"CA-AB-GP",120,0.03111128427431,0.116494103930183,25,370
1,879,"CA-AB-GP",120,0.015555642137155,0.112942460190259,12,240
1,880,"CA-AB-GP",120,0.03111128427431,0.0767696433365004,23,350
1,881,"CA-AB-GP",120,0.03111128427431,0.063345966760671,11,230
1,882,"CA-AB-GP",120,0.03111128427431,0.0769973416541836,23,350
1,883,"CA-AB-GP",120,0,0.0910073281940927,12,240
1,884,"CA-AB-GP",120,0,0.11357186378222,15,270
1,885,"CA-AB-GP",120,0.03111128427431,0.0936647197288456,25,370
1,886,"CA-AB-GP",120,0.03111128427431,0.129891449562738,11,230
1,887,"CA-AB-GP",120,0.015555642137155,0.130502305240602,14,260
1,888,"CA-AB-GP",120,0.03111128427431,0.0808622644125207,25,370
1,889,"CA-AB-GP",120,0.154984485744392,0.19207851184553,15,270
1,890,"CA-AB-GP",120,0.03111128427431,0.156935315159718,25,370
1,891,"CA-AB-GP",120,0.03111128427431,0.0684087038464695,21,330
1,892,"CA-AB-GP",120,0,0.115011743706814,14,260
1,893,"CA-AB-GP",120,0.170540127881547,0.227122221150233,13,250
1,894,"CA-AB-GP",120,0.015555642137155,0.118007941164465,15,270
1,895,"CA-AB-GP",120,0.03111128427431,0.122391724784115,12,240
1,896,"CA-AB-GP",120,0.015555642137155,0.0824907590158163,14,260
1,897,"CA-AB-GP",120,0,0.101437486393908,16,280
1,898,"CA-AB-GP",120,0.015555642137155,0.18666066608379,13,250
1,899,"CA-AB-GP",120,0.03111128427431,0.123305749571462,21,330
1,900,"CA-AB-GP",120,0.03111128427431,0.109095921405205,15,270
1,901,"CA-AB-GP",120,0.03111128427431,0.0594007972895308,12,240
1,902,"CA-AB-GP",120,0.015555642137155,0.155480579471804,18,300
1,903,"CA-AB-GP",120,0.154984485744392,0.113681109053747,11,230
1,904,"CA-AB-GP",120,0.03111128427431,0.128013438352161,25,370
1,905,"CA-AB-GP",120,0.015555642137155,0.137289063429588,12,240
1,906,"CA-AB-GP",120,0.03111128427431,0.0589983045798211,13,250
1,907,"CA-AB-GP",120,0.03111128427431,0.083980987942423,25,370
1,908,"CA-AB-GP",120,0.015555642137155,0.122872658821115,12,240
1,909,"CA-AB-GP",120,0.015555642137155,0.0988017251101502,12,240
1,910,"CA-AB-GP",120,0.154984485744392,0.166865618913981,11,230
1,911,"CA-AB-GP",120,0.03111128427431,0.161064840391792,25,370
1,912,"CA-AB-GP",120,0.015555642137155,0.142314683877791,15,270
1,913,"CA-AB-GP",120,0.03111128427431,0.106545052101437,14,260
1,914,"CA-AB-GP",120,0.03111128427431,0.14401646205617,23,350
1,915,"CA-AB-GP",120,0.03111128427431,0.0690014179947958,19,310
1,916,"CA-AB-GP",120,0.015555642137155,0.182226489210435,18,300
1,917,"CA-AB-GP",120,0.154984485744392,0.182238259407156,17,290
1,918,"CA-AB-GP",120,0,0.203044230103523,15,270
1,919,"CA-AB-GP",120,0.03111128427431,0.122720490883913,12,240
1,920,"CA-AB-GP",120,0.03111128427431,0.10795682931908,10,220
1,921,"CA-AB-GP",120,0.03111128427431,0.136753282995231,12,240
1,922,"CA-AB-GP",120,0.03111128427431,0.097444552326172,22,340
1,923,"CA-AB-GP",120,0.03111128427431,0.0653963056753089,25,370
1,924,"CA-AB-GP",120,0.03111128427431,0.1099104710082,13,250
1,925,"CA-AB-GP",120,0.03111128427431,0.0568442505050943,12,240
1,926,"CA-AB-GP",120,0.03111128427431,0.109054574705564,24,360
1,927,"CA-AB-GP",120,0.03111128427431,0.0617863003623919,17,290
1,928,"CA-AB-GP",120,0.03111128427431,0.0687708667124522,17,290
1,929,"CA-AB-GP",120,0.03111128427431,0.0699421637702266,18,300
1,930,"CA-AB-GP",120,0.03111128427431,0.0649975083250202,10,220
1,931,"CA-AB-GP",120,0.03111128427431,0.123945140446933,25,370
1,932,"CA-AB-GP",120,0.015555642137155,0.139125458082079,12,240
1,933,"CA-AB-GP",120,0.03111128427431,0.123862548049008,20,320
1,934,"CA-AB-GP",120,0.03111128427431,0.0660097814883246,15,270
1,935,"CA-AB-GP",120,0.03111128427431,0.0923469481295478,13,250
1,936,"CA-AB-GP",120,0.03111128427431,0.059550107587062,17,290
1,937,"CA-AB-GP",120,0.03111128427431,0.118709015308503,17,290
1,938,"CA-AB-GP",120,0.03111128427431,0.138236767117736,20,320
1,939,"CA-AB-GP",120,0.015555642137155,0.150684648564162,12,240
1,940,"CA-AB-GP",120,0.03111128427431,0.123595822504958,12,240
1,941,"CA-AB-GP",120,0.03111128427431,0.0679728912710263,15,270
1,942,"CA-AB-GP",120,0.635219600192492,0.162549783061914,9,210
1,943,"CA-AB-GP",120,0.03111128427431,0.205014710034198,17,290
1,944,"CA-AB-GP",120,0.015555642137155,0.088618673521141,11,230
1,945,"CA-AB-GP",120,0.015555642137155,0.107381477388259,14,260
1,946,"CA-AB-GP",120,0.03111128427431,0.0790309758498614,17,290
1,947,"CA-AB-GP",120,0.03111128427431,0.153171668139529,11,230
1,948,"CA-AB-GP",120,0.03111128427431,0.108079346241516,12,240
1,949,"CA-AB-GP",120,0.03111128427431,0.110536537526531,19,310
1,950,"CA-AB-GP",120,0.03111128427431,0.0534793079097537,16,280
1,951,"CA-AB-GP",120,0.154984485744392,0.210476348374352,13,250
1,952,"CA-AB-GP",120,0.03111128427431,0.0617244936742033,15,270
1,953,"CA-AB-GP",120,0.015555642137155,0.0943546511424506,11,230
1,954,"CA-AB-GP",120,0.03111128427431,0.0786095201803287,20,320
1,955,"CA-AB-GP",120,0.03111128427431,0.0898151277435512,19,310
1,956,"CA-AB-GP",120,0,0.116688023659248,17,290
1,957,"CA-AB-GP",120,0.03111128427431,0.0642200701911256,25,370
1,958,"CA-AB-GP",120,0.03111128427431,0.0570220631162307,11,230
1,959,"CA-AB-GP",120,0.03111128427431,0.0714504939460897,12,240
1,960,"CA-AB-GP",120,0.03111128427431,0.139630077302357,25,370
1,961,"CA-AB-GP",120,0.03111128427431,0.0655581091543746,25,370
1,962,"CA-AB-GP",120,0.03111128427431,0.0729395392944192,12,240
1,963,"CA-AB-GP",120,0.015555642137155,0.0913363524475104,11,230
1,964,"CA-AB-GP",120,0.03111128427431,0.0794678220581141,14,260
1,965,"CA-AB-GP",120,0.03111128427431,0.0603749371967264,24,360
1,966,"CA-AB-GP",120,0.154984485744392,0.173654375359307,14,260
1,967,"CA-AB-GP",120,0.015555642137155,0.102564241345394,12,240
1,968,"CA-AB-GP",120,0.03111128427431,0.199177456965983,12,240
1,969,"CA-AB-GP",120,0.03111128427431,0.06361109360055,16,280
1,970,"CA-AB-GP",120,0.146775291687036,0.172744544676753,22,340
1,971,"CA-AB-GP",120,0.03111128427431,0.115371554870792,16,280
1,972,"CA-AB-GP",120,0.015555642137155,0.101890846470401,13,250
1,973,"CA-AB-GP",120,0.015555642137155,0.0895974855727398,14,260
1,974,"CA-AB-GP",120,0.03111128427431,0.100038018983832,24,360
1,975,"CA-AB-GP",120,0.03111128427431,0.0837098071114899,24,360
1,976,"CA-AB-GP",120,0.03111128427431,0.118496723042249,12,240
1,977,"CA-AB-GP",120,0.03111128427431,0.0852604364311863,15,270
1,978,"CA-AB-GP",120,0.03111128427431,0.0908971372955573,13,250
1,979,"CA-AB-GP",120,0.03111128427431,0.0636310196950307,14,260
1,980,"CA-AB-GP",120,0.03111128427431,0.157718079692228,20,320
1,981,"CA-AB-GP",120,0.015555642137155,0.152987293317422,19,310
1,982,"CA-AB-GP",120,0.03111128427431,0.0652864541599336,13,250
1,983,"CA-AB-GP",120,0.154984485744392,0.160135484248079,19,310
1,984,"CA-AB-GP",120,0.015555642137155,0.184009302278037,16,280
1,985,"CA-AB-GP",120,0.03111128427431,0.10166765062422,12,240
1,986,"CA-AB-GP",120,0.03111128427431,0.0595192956729919,14,260
1,987,"CA-AB-GP",120,0.03111128427431,0.0964674109329156,12,240
1,988,"CA-AB-GP",120,0.015555642137155,0.141516536726905,24,360
1,989,"CA-AB-GP",120,0.03111128427431,0.0895637215963188,11,230
1,990,"CA-AB-GP",120,0.03111128427431,0.0594966422777966,10,220
1,991,"CA-AB-GP",120,0.03111128427431,0.0566064279638151,17,290
1,992,"CA-AB-GP",120,0.015555642137155,0.111475135775406,10,220
1,993,"CA-AB-GP",120,0,0.174576586134533,13,250
1,994,"CA-AB-GP",120,0.03111128427431,0.0965184069658857,25,370
1,995,"CA-AB-GP",120,0.015555642137155,0.139337380650263,14,260
1,996,"CA-AB-GP",120,0.03111128427431,0.110789088212316,14,260
1,997,"CA-AB-GP",120,0.03111128427431,0.107031045711474,13,250
1,998,"CA-AB-GP",120,0.03111128427431,0.0795929099469013,25,370
1,999,"CA-AB-GP",120,0.03111128427431,0.0767064330515591,25,370
1,1000,"CA-AB-GP",120,0.015555642137155,0.115113142539794,10,220
1,1,"IND-GP",120,0.015555642137155,0.144205359687063,16,280
1,2,"IND-GP",120,0.03111128427431,0.134917679407471,14,260
1,3,"IND-GP",120,0.015555642137155,0.653402766536152,14,260
1,4,"IND-GP",120,0.015555642137155,0.60882676684796,17,290
1,5,"IND-GP",120,0.485509595314834,0.187092358266692,25,370
1,6,"IND-GP",120,0.261869137001738,0.321154464282171,16,280
1,7,"IND-GP",120,0,0.179398663975128,18,300
1,8,"IND-GP",120,0.170540127881547,0.450069634379378,22,340
1,9,"IND-GP",120,0.03111128427431,0.499162046605877,20,320
1,10,"IND-GP",120,0.015555642137155,0.106635845112302,20,320
1,11,"IND-GP",120,0.03111128427431,0.124070029428836,23,350
1,12,"IND-GP",120,0.015555642137155,0.158338265172375,21,330
1,13,"IND-GP",120,0,0.123066016922402,17,290
1,14,"IND-GP",120,0.503855360851789,0.159610771911096,16,280
1,15,"IND-GP",120,0.53740142203597,0.117127723041121,20,320
1,16,"IND-GP",120,0.015555642137155,0.638115474980245,22,340
1,17,"IND-GP",120,0.516647905792736,0.164150536773517,14,260
1,18,"IND-GP",120,0.443438418533319,0.164627105979579,22,340
1,19,"IND-GP",120,0.015555642137155,0.120601986693331,16,280
1,20,"IND-GP",120,0.170540127881547,0.488577343182466,19,310
1,21,"IND-GP",120,0.015555642137155,0.148570951441864,18,300
1,22,"IND-GP",120,0,0.135666004176404,16,280
1,23,"IND-GP",120,0.015555642137155,0.106412603347637,17,290
1,24,"IND-GP",120,0.154984485744392,0.360607148116469,18,300
1,25,"IND-GP",120,0.474134964213435,0.132637248243448,18,300
1,26,"IND-GP",120,0,0.619788220370462,15,270
1,27,"IND-GP",120,0.519411002988944,0.130629812357,21,330
1,28,"IND-GP",120,0.03111128427431,0.135282293109398,21,330
1,29,"IND-GP",120,0.015555642137155,0.105824225246849,19,310
1,30,"IND-GP",120,0.03111128427431,0.539060062543473,14,260
1,31,"IND-GP",120,0.154984485744392,0.453238158143973,17,290
1,32,"IND-GP",120,0.03111128427431,0.115893526364783,19,310
1,33,"IND-GP",120,0.015555642137155,0.557387589296955,12,240
1,34,"IND-GP",120,0.346488790950375,0.109086840815126,19,310
1,35,"IND-GP",120,1.0257011407506,0.161918911548571,15,270
1,36,"IND-GP",120,0.53740142203597,0.118956082500652,18,300
1,37,"IND-GP",120,0.309968971488783,0.833617750408081,17,290
1,38,"IND-GP",120,0.261869137001738,0.197930506376979,21,330
1,39,"IND-GP",120,0.03111128427431,0.144578328281427,21,330
1,40,"IND-GP",120,0,0.181236864602415,21,330
1,41,"IND-GP",120,0.015555642137155,0.125005693650542,21,330
1,42,"IND-GP",120,0,0.0877147504998245,20,320
1,43,"IND-GP",120,0.03111128427431,0.148835654981862,18,300
1,44,"IND-GP",120,0.015555642137155,0.102529845765036,19,310
1,45,"IND-GP",120,0.015555642137155,0.143751095775192,18,300
1,46,"IND-GP",120,0.03111128427431,0.548396780592852,18,300
1,47,"IND-GP",120,0,0.173147721845973,18,300
1,48,"IND-GP",120,0.162330933824191,0.364162821470865,20,320
1,49,"IND-GP",120,0.519411002988944,0.124135570876386,18,300
1,50,"IND-GP",120,0.015555642137155,0.16462010989506,24,360
1,51,"IND-GP",120,0.015555642137155,0.0954493409266976,16,280
1,52,"IND-GP",120,0.015555642137155,0.227209515982201,19,310
1,53,"IND-GP",120,0.501092263655581,0.131099302509243,16,280
1,54,"IND-GP",120,0.170540127881547,0.364179391619532,16,280
1,55,"IND-GP",120,0.261869137001738,0.167161841428784,20,320
1,56,"IND-GP",120,0.154984485744392,0.10096092611904,14,260
1,57,"IND-GP",120,0.154984485744392,0.172044368177028,16,280
1,58,"IND-GP",120,0.516647905792736,0.104928848943902,12,240
1,59,"IND-GP",120,0.03111128427431,0.133739846723152,17,290
1,60,"IND-GP",120,0.03111128427431,0.14035547056514,23,350
1,61,"IND-GP",120,0.162330933824191,0.193704312797503,24,360
1,62,"IND-GP",120,0,0.0992508114212927,17,290
1,63,"IND-GP",120,0.03111128427431,0.230837137188809,25,370
1,64,"IND-GP",120,0.015555642137155,0.152124617091699,21,330
1,65,"IND-GP",120,0.154984485744392,0.396658719158024,18,300
1,66,"IND-GP",120,0.516647905792736,0.141262586551177,12,240
1,67,"IND-GP",120,0.246313494864583,0.320613095623107,15,270
1,68,"IND-GP",120,0.154984485744392,0.0887607951369227,14,260
1,69,"IND-GP",120,0.015555642137155,0.107061929025772,21,330
1,70,"IND-GP",120,0.503855360851789,0.101893858575665,22,340
1,71,"IND-GP",120,0.503855360851789,0.139910162601627,16,280
1,72,"IND-GP",120,0,0.225160040185119,16,280
1,73,"IND-GP",120,0,0.161343548014684,17,290
1,74,"IND-GP",120,0.015555642137155,0.108824236956728,21,330
1,75,"IND-GP",120,0,0.154837366316056,15,270
1,76,"IND-GP",120,0.015555642137155,0.12900932744878,22,340
1,77,"IND-GP",120,0.170540127881547,0.489306497648962,25,370
1,78,"IND-GP",120,0.154984485744392,0.466303096136164,17,290
1,79,"IND-GP",120,0.015555642137155,0.136257306831706,15,270
1,80,"IND-GP",120,0.162330933824191,0.398534614130293,23,350
1,81,"IND-GP",120,0.03111128427431,0.173509225218033,19,310
1,82,"IND-GP",120,0,0.118271348648827,14,260
1,83,"IND-GP",120,0.015555642137155,0.171168224172222,17,290
1,84,"IND-GP",120,0.03111128427431,0.119686255581691,18,300
1,85,"IND-GP",120,0.170540127881547,0.143349379529309,20,320
1,86,"IND-GP",120,0.154984485744392,0.519202697453173,12,240
1,87,"IND-GP",120,0.015555642137155,0.110831049668351,20,320
1,88,"IND-GP",120,0.146775291687036,0.312766558633583,17,290
1,89,"IND-GP",120,0.53740142203597,0.134576764486117,25,370
1,90,"IND-GP",120,0.015555642137155,0.203871897531309,19,310
1,91,"IND-GP",120,0.516647905792736,0.225989509019241,18,300
1,92,"IND-GP",120,0.03111128427431,0.140066096922408,18,300
1,93,"IND-GP",120,0.015555642137155,0.637423259074117,12,240
1,94,"IND-GP",120,0.03111128427431,0.104504681158091,19,310
1,95,"IND-GP",120,0.03111128427431,0.237248399097772,21,330
1,96,"IND-GP",120,0.015555642137155,0.131927383125772,17,290
1,97,"IND-GP",120,0.443438418533319,0.134839804658999,17,290
1,98,"IND-GP",120,0.015555642137155,0.14121325620345,15,270
1,99,"IND-GP",120,0,0.571196564733832,16,280
1,100,"IND-GP",120,0.015555642137155,0.104707429250519,19,310
1,101,"IND-GP",120,0,0.145241693676209,21,330
1,102,"IND-GP",120,0.015555642137155,0.116839575579425,18,300
1,103,"IND-GP",120,0.170540127881547,0.194258697399326,19,310
1,104,"IND-GP",120,0.015555642137155,0.191431888958955,19,310
1,105,"IND-GP",120,0.015555642137155,0.14117499187336,16,280
1,106,"IND-GP",120,0.53740142203597,0.154009561340611,14,260
1,107,"IND-GP",120,0.03111128427431,0.11063127749128,18,300
1,108,"IND-GP",120,0,0.112144609826033,15,270
1,109,"IND-GP",120,0.53740142203597,0.110451439405975,16,280
1,110,"IND-GP",120,0.03111128427431,0.14370934251132,19,310
1,111,"IND-GP",120,0.03111128427431,0.15699115953969,16,280
1,112,"IND-GP",120,0.261869137001738,0.282283763779376,20,320
1,113,"IND-GP",120,0.03111128427431,0.191912847008938,16,280
1,114,"IND-GP",120,0.03111128427431,0.115757025345507,19,310
1,115,"IND-GP",120,0.015555642137155,0.086269064639686,15,270
1,116,"IND-GP",120,0,0.134638318098816,15,270
1,117,"IND-GP",120,0.53740142203597,0.113288299447255,21,330
1,118,"IND-GP",120,0.519411002988944,0.104557265090365,15,270
1,119,"IND-GP",120,0,0.0986390543366855,18,300
1,120,"IND-GP",120,0.015555642137155,0.593542380569689,16,280
1,121,"IND-GP",120,0.015555642137155,0.624281051750471,16,280
1,122,"IND-GP",120,0.015555642137155,0.55301559517115,21,330
1,123,"IND-GP",120,0.015555642137155,0.146329510316383,22,340
1,124,"IND-GP",120,0.03111128427431,0.132227885931368,21,330
1,125,"IND-GP",120,0.246313494864583,0.251947982499453,20,320
1,126,"IND-GP",120,0,0.133083822374546,15,270
1,127,"IND-GP",120,0.015555642137155,0.150115160895278,25,370
1,128,"IND-GP",120,0.015555642137155,0.130563991995956,17,290
1,129,"IND-GP",120,0.015555642137155,0.0948339360806618,17,290
1,130,"IND-GP",120,0.015555642137155,0.180987988839549,21,330
1,131,"IND-GP",120,0.03111128427431,0.655292922738215,17,290
1,132,"IND-GP",120,0.015555642137155,0.161396030907404,19,310
1,133,"IND-GP",120,0.36204443308753,0.11956320650274,25,370
1,134,"IND-GP",120,0.03111128427431,0.104252446712666,17,290
1,135,"IND-GP",120,0.03111128427431,0.190544964660847,24,360
1,136,"IND-GP",120,0,0.0953698480237886,18,300
1,137,"IND-GP",120,0.03111128427431,0.130392601942425,18,300
1,138,"IND-GP",120,0.015555642137155,0.0925615092807715,13,250
1,139,"IND-GP",120,0.03111128427431,0.144029468977374,14,260
1,140,"IND-GP",120,0.015555642137155,0.141063338073445,17,290
1,141,"IND-GP",120,0.170540127881547,0.43258633066188,18,300
1,142,"IND-GP",120,0.015555642137155,0.1440106997743,19,310
1,143,"IND-GP",120,0.346488790950375,0.263578860859195,16,280
1,144,"IND-GP",120,0.36204443308753,0.1660759025415,13,250
1,145,"IND-GP",120,0.015555642137155,0.106275043159009,23,350
1,146,"IND-GP",120,0.346488790950375,0.141968812181837,19,310
1,147,"IND-GP",120,0.154984485744392,0.39022579951416,20,320
1,148,"IND-GP",120,0.03111128427431,0.104200732318316,17,290
1,149,"IND-GP",120,0.03111128427431,0.0845653284993982,19,310
1,150,"IND-GP",120,0.401297980608975,0.562000985584516,15,270
1,151,"IND-GP",120,0.346488790950375,0.235250488892126,24,360
1,152,"IND-GP",120,0.254512223965843,0.291212859971416,14,260
1,153,"IND-GP",120,0.503855360851789,0.102552988655323,15,270
1,154,"IND-GP",120,0.015555642137155,0.134232850734953,25,370
1,155,"IND-GP",120,0,0.12372011291161,16,280
1,156,"IND-GP",120,0.03111128427431,1.04047122187791,16,280
1,157,"IND-GP",120,0,0.133958298771778,15,270
1,158,"IND-GP",120,0.03111128427431,0.616438506729307,11,230
1,159,"IND-GP",120,0,0.101802324446362,19,310
1,160,"IND-GP",120,0.261869137001738,0.199291036454082,12,240
1,161,"IND-GP",120,0.154984485744392,0.368635715905299,16,280
1,162,"IND-GP",120,0.03111128427431,0.192602652411714,25,370
1,163,"IND-GP",120,0.015555642137155,0.142710534302282,15,270
1,164,"IND-GP",120,0.469953953177679,0.132631858224152,19,310
1,165,"IND-GP",120,0.015555642137155,0.141195806264432,18,300
1,166,"IND-GP",120,0.03111128427431,0.133157271315488,25,370
1,167,"IND-GP",120,0.238956581828689,0.386381905305667,14,260
1,168,"IND-GP",120,0.03111128427431,0.180611577477249,15,270
1,169,"IND-GP",120,0.015555642137155,0.168831175537259,18,300
1,170,"IND-GP",120,0.519411002988944,0.0812756825005079,16,280
1,171,"IND-GP",120,0.146775291687036,0.155965728641479,21,330
1,172,"IND-GP",120,0.015555642137155,0.140713875899339,21,330
1,173,"IND-GP",120,0.03111128427431,0.092559634152882,16,280
1,174,"IND-GP",120,0,0.0923665111658478,21,330
1,175,"IND-GP",120,0.246313494864583,0.342574167840839,12,240
1,176,"IND-GP",120,0.015555642137155,0.129157774015501,13,250
1,177,"IND-GP",120,0.170540127881547,0.410829142348873,18,300
1,178,"IND-GP",120,0.015555642137155,0.100487282675923,18,300
1,179,"IND-GP",120,0.03111128427431,0.147003329024111,15,270
1,180,"IND-GP",120,0,0.137580900573034,19,310
1,181,"IND-GP",120,0.503855360851789,0.128199778687537,13,250
1,182,"IND-GP",120,0.015555642137155,0.218812243820663,23,350
1,183,"IND-GP",120,0.261869137001738,0.305005480784958,13,250
1,184,"IND-GP",120,0.015555642137155,0.115969168245517,13,250
1,185,"IND-GP",120,0.36204443308753,0.186132049850031,12,240
1,186,"IND-GP",120,0.015555642137155,0.0868527063893614,16,280
1,187,"IND-GP",120,0.492626989729167,0.603455572800467,17,290
1,188,"IND-GP",120,0.03111128427431,0.547793041671025,18,300
1,189,"IND-GP",120,0.015555642137155,0.119219243475632,25,370
1,190,"IND-GP",120,0.03111128427431,0.109758730707163,20,320
1,191,"IND-GP",120,0.246313494864583,0.312240300930636,23,350
1,192,"IND-GP",120,0.015555642137155,0.128163429882561,22,340
1,193,"IND-GP",120,0.03111128427431,0.115646511277262,20,320
1,194,"IND-GP",120,0.03111128427431,0.101832557943127,19,310
1,195,"IND-GP",120,0.03111128427431,0.139210146212856,20,320
1,196,"IND-GP",120,0.03111128427431,0.151124582950282,17,290
1,197,"IND-GP",120,0.015555642137155,0.107665315403381,23,350
1,198,"IND-GP",120,0.03111128427431,0.114500070372881,19,310
1,199,"IND-GP",120,0,0.154986669644304,16,280
1,200,"IND-GP",120,0.154984485744392,0.394641296836171,16,280
1,201,"IND-GP",120,0.015555642137155,0.120549104342124,15,270
1,202,"IND-GP",120,0.503855360851789,0.0801909010946008,15,270
1,203,"IND-GP",120,0.03111128427431,0.622212500643519,18,300
1,204,"IND-GP",120,0.03111128427431,0.137208439967763,21,330
1,205,"IND-GP",120,0.03111128427431,0.156895602143085,15,270
1,206,"IND-GP",120,0.501092263655581,0.139338634515356,18,300
1,207,"IND-GP",120,0.015555642137155,0.118109918023688,17,290
1,208,"IND-GP",120,0.501092263655581,0.157984310677713,21,330
1,209,"IND-GP",120,0.015555642137155,0.161329237918335,21,330
1,210,"IND-GP",120,0.154984485744392,0.471694571752125,16,280
1,211,"IND-GP",120,0.53740142203597,0.126444646078725,20,320
1,212,"IND-GP",120,0.03111128427431,0.0899582803909908,17,290
1,213,"IND-GP",120,0.519411002988944,0.109216942387012,17,290
1,214,"IND-GP",120,0.03111128427431,0.096030743167448,14,260
1,215,"IND-GP",120,0.03111128427431,0.573449995712116,22,340
1,216,"IND-GP",120,0.03111128427431,0.108851381321134,20,320
1,217,"IND-GP",120,0.03111128427431,0.142126743516082,25,370
1,218,"IND-GP",120,0.015555642137155,0.0908995300783355,17,290
1,219,"IND-GP",120,0.015555642137155,0.611625125442386,17,290
1,220,"IND-GP",120,0.53740142203597,0.0958221275479161,17,290
1,221,"IND-GP",120,0.015555642137155,0.125108294879532,22,340
1,222,"IND-GP",120,1.15072282979946,0.234519945520877,17,290
1,223,"IND-GP",120,0.36204443308753,0.199241371670444,19,310
1,224,"IND-GP",120,0.015555642137155,0.10221020942916,17,290
1,225,"IND-GP",120,0.503855360851789,0.131903173936838,19,310
1,226,"IND-GP",120,0.03111128427431,0.158643636890034,13,250
1,227,"IND-GP",120,0.015555642137155,0.18023508395819,20,320
1,228,"IND-GP",120,0.015555642137155,0.134609264694117,18,300
1,229,"IND-GP",120,0.015555642137155,0.107287138945536,15,270
1,230,"IND-GP",120,0.443438418533319,0.10208029486611,19,310
1,231,"IND-GP",120,0.015555642137155,0.114308581986391,20,320
1,232,"IND-GP",120,0.015555642137155,0.145132192360203,16,280
1,233,"IND-GP",120,0.03111128427431,0.5535381771916,25,370
1,234,"IND-GP",120,0.03111128427431,0.1060693341885,18,300
1,235,"IND-GP",120,0.521845779898815,0.104629841392663,20,320
1,236,"IND-GP",120,0.170540127881547,0.438964776729781,18,300
1,237,"IND-GP",120,0.03111128427431,0.130083000148267,20,320
1,238,"IND-GP",120,0.015555642137155,0.0839954120320034,12,240
1,239,"IND-GP",120,0.015555642137155,0.155840561274668,25,370
1,240,"IND-GP",120,0.015555642137155,0.133266652759256,16,280
1,241,"IND-GP",120,0.015555642137155,0.129662413683784,18,300
1,242,"IND-GP",120,0.03111128427431,0.0839968824980015,20,320
1,243,"IND-GP",120,0.03111128427431,0.143813846343199,17,290
1,244,"IND-GP",120,0.03111128427431,0.12267278985988,20,320
1,245,"IND-GP",120,0.443438418533319,0.190845495712755,11,230
1,246,"IND-GP",120,0.03111128427431,0.530138306028682,15,270
1,247,"IND-GP",120,0.03111128427431,0.159392380464143,25,370
1,248,"IND-GP",120,0.503855360851789,0.100810498886533,15,270
1,249,"IND-GP",120,0.503855360851789,0.137737097387071,14,260
1,250,"IND-GP",120,0.03111128427431,0.132969343589458,20,320
1,251,"IND-GP",120,0.015555642137155,0.108382597830201,18,300
1,252,"IND-GP",120,0.53740142203597,0.100529356374258,20,320
1,253,"IND-GP",120,0.03111128427431,0.0825459008355941,14,260
1,254,"IND-GP",120,0.03111128427431,0.100128183268438,14,260
1,255,"IND-GP",120,0.516647905792736,0.133759907348444,16,280
1,256,"IND-GP",120,0.03111128427431,0.137995017608257,24,360
1,257,"IND-GP",120,0.015555642137155,0.140379623889211,22,340
1,258,"IND-GP",120,0.03111128427431,0.0912641025254452,18,300
1,259,"IND-GP",120,0.546100985574096,0.0853276881266231,17,290
1,260,"IND-GP",120,0.015555642137155,0.0999676344515919,14,260
1,261,"IND-GP",120,0.03111128427431,0.0916381480070852,18,300
1,262,"IND-GP",120,0.503855360851789,0.143448867359897,20,320
1,263,"IND-GP",120,0.36204443308753,0.17133648968558,25,370
1,264,"IND-GP",120,0.503855360851789,0.131428170098141,12,240
1,265,"IND-GP",120,0.015555642137155,0.128739630614046,16,280
1,266,"IND-GP",120,0.154984485744392,0.590679214549289,23,350
1,267,"IND-GP",120,0.36204443308753,0.230385540104139,17,290
1,268,"IND-GP",120,0.015555642137155,0.192635120421012,16,280
1,269,"IND-GP",120,0,0.100765223735077,24,360
1,270,"IND-GP",120,0.015555642137155,0.132235409228707,22,340
1,271,"IND-GP",120,0.346488790950375,0.17147561886869,17,290
1,272,"IND-GP",120,0,0.283612756523624,19,310
1,273,"IND-GP",120,0.154984485744392,0.391164309104919,16,280
1,274,"IND-GP",120,0.03111128427431,0.100697201105212,18,300
1,275,"IND-GP",120,0.015555642137155,0.102201694067831,19,310
1,276,"IND-GP",120,0.015555642137155,0.118060858529217,17,290
1,277,"IND-GP",120,0.154984485744392,0.367970159229593,15,270
1,278,"IND-GP",120,0.519411002988944,0.195741678746091,20,320
1,279,"IND-GP",120,0.03111128427431,0.142481616714372,18,300
1,280,"IND-GP",120,0.03111128427431,0.577502133191669,25,370
1,281,"IND-GP",120,0.03111128427431,0.139865460414877,17,290
1,282,"IND-GP",120,0.254512223965843,0.336820575531518,16,280
1,283,"IND-GP",120,0.03111128427431,0.111520042309649,17,290
1,284,"IND-GP",120,0.261869137001738,0.312459836443036,23,350
1,285,"IND-GP",120,0.015555642137155,0.11001746690746,25,370
1,286,"IND-GP",120,0.015555642137155,0.133485080883155,16,280
1,287,"IND-GP",120,0.03111128427431,0.103319855051992,13,250
1,288,"IND-GP",120,0.170540127881547,0.416295849824765,16,280
1,289,"IND-GP",120,0.015555642137155,0.104134512563874,19,310
1,290,"IND-GP",120,0.03111128427431,0.146013487593064,15,270
1,291,"IND-GP",120,0.015555642137155,0.104781362352408,20,320
1,292,"IND-GP",120,0.015555642137155,0.591910336655335,21,330
1,293,"IND-GP",120,0.03111128427431,0.270544405797334,25,370
1,294,"IND-GP",120,0.246313494864583,0.303613812405346,15,270
1,295,"IND-GP",120,0.03111128427431,0.146577678575652,19,310
1,296,"IND-GP",120,0.015555642137155,0.0813850352124321,15,270
1,297,"IND-GP",120,0.521845779898815,0.0905666636180313,17,290
1,298,"IND-GP",120,0.015555642137155,0.151644084393896,20,320
1,299,"IND-GP",120,0.170540127881547,0.451740383344263,21,330
1,300,"IND-GP",120,0.154984485744392,0.465231821502729,23,350
1,301,"IND-GP",120,0.36204443308753,0.222767005480267,23,350
1,302,"IND-GP",120,0.03111128427431,0.119799292098727,20,320
1,303,"IND-GP",120,0.519411002988944,0.1681792890052,21,330
1,304,"IND-GP",120,0.261869137001738,0.357497122104772,18,300
1,305,"IND-GP",120,0.015555642137155,0.0931159544375077,17,290
1,306,"IND-GP",120,0.154984485744392,0.151046670065862,18,300
1,307,"IND-GP",120,0.03111128427431,0.132555340822316,21,330
1,308,"IND-GP",120,0.53740142203597,0.119514577322528,17,290
1,309,"IND-GP",120,0.346488790950375,0.6807847411435,11,230
1,310,"IND-GP",120,0,0.105969181785885,18,300
1,311,"IND-GP",120,0.03111128427431,0.578387389434801,18,300
1,312,"IND-GP",120,0.015555642137155,0.0973639982247781,15,270
1,313,"IND-GP",120,1.03440070428873,0.0820293984002318,17,290
1,314,"IND-GP",120,0.03111128427431,0.199976150911646,19,310
1,315,"IND-GP",120,0.015555642137155,0.118834175625498,17,290
1,316,"IND-GP",120,0.03111128427431,0.111868070906412,23,350
1,317,"IND-GP",120,0.015555642137155,0.113382504327419,25,370
1,318,"IND-GP",120,0.03111128427431,0.154274885603093,16,280
1,319,"IND-GP",120,0.015555642137155,0.175603556948668,22,340
1,320,"IND-GP",120,0.53740142203597,0.166527987222926,18,300
1,321,"IND-GP",120,0.501092263655581,0.140050123245288,19,310
1,322,"IND-GP",120,0.519411002988944,0.182306319133864,21,330
1,323,"IND-GP",120,0,0.117859911915146,19,310
1,324,"IND-GP",120,0.346488790950375,0.116375670679109,17,290
1,325,"IND-GP",120,0.501092263655581,0.147851358555928,22,340
1,326,"IND-GP",120,0.521845779898815,0.122988520896508,16,280
1,327,"IND-GP",120,0.015555642137155,0.106135145350965,18,300
1,328,"IND-GP",120,0,0.145882042559166,18,300
1,329,"IND-GP",120,0.015555642137155,0.207209313358721,21,330
1,330,"IND-GP",120,0,0.0953006671824113,18,300
1,331,"IND-GP",120,0.261869137001738,0.338039987023788,17,290
1,332,"IND-GP",120,0.03111128427431,0.12544382809604,14,260
1,333,"IND-GP",120,0.03111128427431,0.568893054586499,14,260
1,334,"IND-GP",120,0.309968971488783,0.77113851843737,16,280
1,335,"IND-GP",120,0.015555642137155,0.0992388695129325,16,280
1,336,"IND-GP",120,0.346488790950375,0.0840168719783735,16,280
1,337,"IND-GP",120,0.519411002988944,0.611528691204465,16,280
1,338,"IND-GP",120,0.170540127881547,0.407792460579371,20,320
1,339,"IND-GP",120,0,0.161035905059508,22,340
1,340,"IND-GP",120,0.03111128427431,0.118895892492062,19,310
1,341,"IND-GP",120,0.015555642137155,0.118444170000129,20,320
1,342,"IND-GP",120,0.03111128427431,0.150146428248451,18,300
1,343,"IND-GP",120,0.170540127881547,0.451621709072144,20,320
1,344,"IND-GP",120,0,0.146206950639584,20,320
1,345,"IND-GP",120,0.146775291687036,0.157319670392872,19,310
1,346,"IND-GP",120,0.015555642137155,0.1056996605931,18,300
1,347,"IND-GP",120,0.015555642137155,0.13661744781669,19,310
1,348,"IND-GP",120,0.03111128427431,0.110287843869091,20,320
1,349,"IND-GP",120,0.015555642137155,0.137386595898006,18,300
1,350,"IND-GP",120,0.015555642137155,0.118534260950246,19,310
1,351,"IND-GP",120,0.015555642137155,0.55148824153037,16,280
1,352,"IND-GP",120,0.015555642137155,0.140831298929142,17,290
1,353,"IND-GP",120,0,0.102244904691201,18,300
1,354,"IND-GP",120,0.015555642137155,0.325436212234704,24,360
1,355,"IND-GP",120,0.03111128427431,0.118484250363176,18,300
1,356,"IND-GP",120,0.404461747465064,0.342715788154287,21,330
1,357,"IND-GP",120,0.015555642137155,0.620378633478708,25,370
1,358,"IND-GP",120,0,0.10964329838112,23,350
1,359,"IND-GP",120,0.346488790950375,0.222513390088235,20,320
1,360,"IND-GP",120,0.261869137001738,0.304924721687935,18,300
1,361,"IND-GP",120,0.03111128427431,0.147086102034325,25,370
1,362,"IND-GP",120,0.628877049900649,0.106820891155864,13,250
1,363,"IND-GP",120,0.03111128427431,0.08258350986989,21,330
1,364,"IND-GP",120,0.015555642137155,0.130339971841093,25,370
1,365,"IND-GP",120,0.246313494864583,0.319798000289262,14,260
1,366,"IND-GP",120,0.501092263655581,0.183571051006328,18,300
1,367,"IND-GP",120,0.015555642137155,0.151169521688618,18,300
1,368,"IND-GP",120,0.03111128427431,0.658300482936483,20,320
1,369,"IND-GP",120,0.53740142203597,0.196558453342321,25,370
1,370,"IND-GP",120,0.246313494864583,0.307238974047239,25,370
1,371,"IND-GP",120,0.162330933824191,0.137590336277481,20,320
1,372,"IND-GP",120,0.015555642137155,0.58402147353731,19,310
1,373,"IND-GP",120,0.015555642137155,0.20538238018759,18,300
1,374,"IND-GP",120,0.015555642137155,0.147481517875152,13,250
1,375,"IND-GP",120,0.03111128427431,0.129001579225392,25,370
1,376,"IND-GP",120,0,0.149764059567226,15,270
1,377,"IND-GP",120,0.03111128427431,0.118674520930031,15,270
1,378,"IND-GP",120,0.346488790950375,0.323960478306489,18,300
1,379,"IND-GP",120,0.015555642137155,0.155757647591966,17,290
1,380,"IND-GP",120,0.015555642137155,0.152627310309341,20,320
1,381,"IND-GP",120,0.015555642137155,0.126195402375541,25,370
1,382,"IND-GP",120,0.170540127881547,0.265419657494877,22,340
1,383,"IND-GP",120,0.03111128427431,0.241345395426668,19,310
1,384,"IND-GP",120,0.015555642137155,0.123353104979013,15,270
1,385,"IND-GP",120,0.015555642137155,0.136257857047727,18,300
1,386,"IND-GP",120,0.015555642137155,0.0930942196219926,19,310
1,387,"IND-GP",120,0,0.101113489139664,17,290
1,388,"IND-GP",120,0.03111128427431,0.105673785150583,18,300
1,389,"IND-GP",120,0.03111128427431,0.0837988427081325,16,280
1,390,"IND-GP",120,0.015555642137155,0.102629331455463,16,280
1,391,"IND-GP",120,0.03111128427431,0.125999390516853,22,340
1,392,"IND-GP",120,0.015555642137155,0.60902457690687,12,240
1,393,"IND-GP",120,0.015555642137155,0.130928426568029,17,290
1,394,"IND-GP",120,0.261869137001738,0.291618474636264,12,240
1,395,"IND-GP",120,0.03111128427431,0.196009448365313,18,300
1,396,"IND-GP",120,0.015555642137155,0.106251428986562,22,340
1,397,"IND-GP",120,0.015555642137155,0.13371707151417,20,320
1,398,"IND-GP",120,0,0.106718523863248,20,320
1,399,"IND-GP",120,0.36204443308753,0.203444661706389,25,370
1,400,"IND-GP",120,0,0.181861615213059,18,300
1,401,"IND-GP",120,0,0.152379674459406,17,290
1,402,"IND-GP",120,0.015555642137155,0.151868468120069,22,340
1,403,"IND-GP",120,0,0.108366839362904,19,310
1,404,"IND-GP",120,0.36204443308753,0.252051089954343,25,370
1,405,"IND-GP",120,0.015555642137155,0.150486715040373,17,290
1,406,"IND-GP",120,0.246313494864583,0.380384522117062,19,310
1,407,"IND-GP",120,0.015555642137155,0.120994171392423,18,300
1,408,"IND-GP",120,0.170540127881547,0.435462905020685,17,290
1,409,"IND-GP",120,0.36204443308753,0.203625068892257,14,260
1,410,"IND-GP",120,0.015555642137155,0.141816638595568,17,290
1,411,"IND-GP",120,0.015555642137155,0.11366109421344,22,340
1,412,"IND-GP",120,0,0.236483974165006,17,290
1,413,"IND-GP",120,0.261869137001738,0.333519713815192,21,330
1,414,"IND-GP",120,0.03111128427431,0.573313360091706,15,270
1,415,"IND-GP",120,0.03111128427431,0.553197428354012,17,290
1,416,"IND-GP",120,0.015555642137155,0.129632449263063,21,330
1,417,"IND-GP",120,0.015555642137155,0.109552925187186,18,300
1,418,"IND-GP",120,0.170540127881547,0.826588219148649,17,290
1,419,"IND-GP",120,0.154984485744392,0.108335865309677,17,290
1,420,"IND-GP",120,0.03111128427431,0.13499059243811,21,330
1,421,"IND-GP",120,0.015555642137155,0.129949173656979,13,250
1,422,"IND-GP",120,0.015555642137155,0.122680540295211,16,280
1,423,"IND-GP",120,0.03111128427431,0.133828213828927,13,250
1,424,"IND-GP",120,0.03111128427431,0.10704484481873,16,280
1,425,"IND-GP",120,0.170540127881547,0.241202995063265,25,370
1,426,"IND-GP",120,0.015555642137155,0.101592512442403,15,270
1,427,"IND-GP",120,0.170540127881547,0.447591215111841,21,330
1,428,"IND-GP",120,0.246313494864583,0.271003778785108,17,290
1,429,"IND-GP",120,0.170540127881547,0.357735093961947,20,320
1,430,"IND-GP",120,0.516647905792736,0.110552839780142,18,300
1,431,"IND-GP",120,0.03111128427431,0.123113761956944,19,310
1,432,"IND-GP",120,0.03111128427431,0.163863948762384,16,280
1,433,"IND-GP",120,0.170540127881547,0.447662992305092,18,300
1,434,"IND-GP",120,0,0.168358419135698,25,370
1,435,"IND-GP",120,0,0.113219895814892,19,310
1,436,"IND-GP",120,0,0.443800542687935,11,230
1,437,"IND-GP",120,0.015555642137155,0.0880403358274779,19,310
1,438,"IND-GP",120,0.03111128427431,0.115180714040865,18,300
1,439,"IND-GP",120,0.65883984659618,0.389693020028701,17,290
1,440,"IND-GP",120,0.015555642137155,0.0949027874499446,17,290
1,441,"IND-GP",120,0,0.0943218112079895,15,270
1,442,"IND-GP",120,0.015555642137155,0.155978631086395,22,340
1,443,"IND-GP",120,0.03111128427431,0.125773399894169,21,330
1,444,"IND-GP",120,0.015555642137155,0.12462782832711,18,300
1,445,"IND-GP",120,0.015555642137155,0.113374969603656,22,340
1,446,"IND-GP",120,0.015555642137155,0.145616913739191,20,320
1,447,"IND-GP",120,0.015555642137155,0.511277845759072,16,280
1,448,"IND-GP",120,0.03111128427431,0.115336359150597,16,280
1,449,"IND-GP",120,0,0.114470506185221,15,270
1,450,"IND-GP",120,0.154984485744392,0.131394896011692,16,280
1,451,"IND-GP",120,0.170540127881547,0.13757950617455,23,350
1,452,"IND-GP",120,0.36204443308753,0.116562259382997,19,310
1,453,"IND-GP",120,0.015555642137155,0.145155295130372,16,280
1,454,"IND-GP",120,0.261869137001738,0.371295814424581,14,260
1,455,"IND-GP",120,0.015555642137155,0.125763326307941,15,270
1,456,"IND-GP",120,0.246313494864583,0.392055834691815,15,270
1,457,"IND-GP",120,0.015555642137155,0.102842907357242,24,360
1,458,"IND-GP",120,0.36204443308753,0.248826743660312,25,370
1,459,"IND-GP",120,0.261869137001738,0.34874346654205,22,340
1,460,"IND-GP",120,0.03111128427431,0.0969702404328091,16,280
1,461,"IND-GP",120,0.170540127881547,0.396056766221628,18,300
1,462,"IND-GP",120,0.64094480834753,0.136440491685908,18,300
1,463,"IND-GP",120,0.015555642137155,0.128224434835771,19,310
1,464,"IND-GP",120,0.03111128427431,0.144877302644185,15,270
1,465,"IND-GP",120,0.03111128427431,0.115974886350568,17,290
1,466,"IND-GP",120,0.03111128427431,0.177902606838712,25,370
1,467,"IND-GP",120,0.03111128427431,0.135213213450241,19,310
1,468,"IND-GP",120,0.015555642137155,0.124921069411917,19,310
1,469,"IND-GP",120,0.015555642137155,0.147915029752377,16,280
1,470,"IND-GP",120,0.015555642137155,0.15426744383841,19,310
1,471,"IND-GP",120,0.015555642137155,0.111380995831865,15,270
1,472,"IND-GP",120,0.162330933824191,0.175378558442977,23,350
1,473,"IND-GP",120,0,0.127308834756511,18,300
1,474,"IND-GP",120,0.03111128427431,0.0878210237126722,18,300
1,475,"IND-GP",120,0.015555642137155,0.140305086086207,20,320
1,476,"IND-GP",120,0.170540127881547,0.443888718410695,21,330
1,477,"IND-GP",120,0,0.173073985969862,23,350
1,478,"IND-GP",120,0,0.184545877737831,25,370
1,479,"IND-GP",120,0.53740142203597,0.1147224561848,18,300
1,480,"IND-GP",120,0.503855360851789,0.116203804439862,20,320
1,481,"IND-GP",120,0.62785436277299,0.0983229164807338,19,310
1,482,"IND-GP",120,0.170540127881547,0.329226352789132,15,270
1,483,"IND-GP",120,0.03111128427431,0.104995827329135,20,320
1,484,"IND-GP",120,0.03111128427431,0.215117344819303,21,330
1,485,"IND-GP",120,0.015555642137155,0.171023586875483,22,340
1,486,"IND-GP",120,0.015555642137155,0.15761095721134,15,270
1,487,"IND-GP",120,0.346488790950375,0.168834997635264,22,340
1,488,"IND-GP",120,0.015555642137155,0.121148338252804,19,310
1,489,"IND-GP",120,0.154984485744392,0.355290797405902,21,330
1,490,"IND-GP",120,0.03111128427431,0.157796964898853,17,290
1,491,"IND-GP",120,0.015555642137155,0.0861307174264229,19,310
1,492,"IND-GP",120,0.346488790950375,0.116481456537406,18,300
1,493,"IND-GP",120,0.246313494864583,0.243483401361334,23,350
1,494,"IND-GP",120,0,0.26935012052761,17,290
1,495,"IND-GP",120,0.015555642137155,0.201909588287341,22,340
1,496,"IND-GP",120,0.015555642137155,0.165455056742558,16,280
1,497,"IND-GP",120,0.03111128427431,0.173271354623182,20,320
1,498,"IND-GP",120,0.015555642137155,0.107501922831626,20,320
1,499,"IND-GP",120,0.503855360851789,0.10806111627261,21,330
1,500,"IND-GP",120,0.503855360851789,0.0941849858396936,16,280
1,501,"IND-GP",120,0.503855360851789,0.09665240692229,12,240
1,502,"IND-GP",120,0.03111128427431,0.125810723200058,16,280
1,503,"IND-GP",120,0.254512223965843,0.432138503873861,23,350
1,504,"IND-GP",120,0.03111128427431,0.126282808546566,17,290
1,505,"IND-GP",120,0.36204443308753,0.168777581184696,19,310
1,506,"IND-GP",120,0.170540127881547,0.459199077539763,19,310
1,507,"IND-GP",120,0.015555642137155,0.245647922033996,18,300
1,508,"IND-GP",120,0.03111128427431,0.150378977233231,15,270
1,509,"IND-GP",120,0.03111128427431,0.128069648882023,25,370
1,510,"IND-GP",120,0.015555642137155,0.146327530202873,25,370
1,511,"IND-GP",120,0.015555642137155,0.124226639767347,17,290
1,512,"IND-GP",120,0.519411002988944,0.108528377206889,25,370
1,513,"IND-GP",120,0.015555642137155,0.157804609291443,17,290
1,514,"IND-GP",120,0.03111128427431,0.115001898191135,18,300
1,515,"IND-GP",120,0.170540127881547,0.452303348196631,18,300
1,516,"IND-GP",120,0.015555642137155,0.121706607258416,18,300
1,517,"IND-GP",120,0,0.249901437123226,20,320
1,518,"IND-GP",120,0.503855360851789,0.081677468485432,19,310
1,519,"IND-GP",120,0.427882776396164,0.186672486381272,14,260
1,520,"IND-GP",120,0.015555642137155,0.107684458008279,20,320
1,521,"IND-GP",120,0.346488790950375,0.113959688147368,19,310
1,522,"IND-GP",120,0.015555642137155,0.125064041512526,18,300
1,523,"IND-GP",120,0,0.135219973856876,19,310
1,524,"IND-GP",120,0.015555642137155,0.158906025276167,17,290
1,525,"IND-GP",120,0.015555642137155,0.12361740818222,21,330
1,526,"IND-GP",120,0.015555642137155,0.51614058631049,14,260
1,527,"IND-GP",120,0.015555642137155,0.141069315066015,19,310
1,528,"IND-GP",120,0.015555642137155,0.127373652749808,16,280
1,529,"IND-GP",120,0.261869137001738,0.315172216818609,19,310
1,530,"IND-GP",120,0.03111128427431,0.561605999996939,14,260
1,531,"IND-GP",120,0.015555642137155,0.0881154109924938,17,290
1,532,"IND-GP",120,0.015555642137155,0.095438710890213,18,300
1,533,"IND-GP",120,0.246313494864583,0.198255506163313,15,270
1,534,"IND-GP",120,0.03111128427431,0.0924911552733817,15,270
1,535,"IND-GP",120,0.015555642137155,0.103080127440536,25,370
1,536,"IND-GP",120,0.015555642137155,0.152559357830433,13,250
1,537,"IND-GP",120,0,0.0968789450544954,17,290
1,538,"IND-GP",120,0.015555642137155,0.128955706609367,17,290
1,539,"IND-GP",120,0.03111128427431,0.102308813392328,14,260
1,540,"IND-GP",120,0.03111128427431,0.190744932271713,19,310
1,541,"IND-GP",120,0.674196271260747,0.41872942730879,11,230
1,542,"IND-GP",120,0.03111128427431,0.108169211824452,20,320
1,543,"IND-GP",120,0.03111128427431,0.133009443578433,25,370
1,544,"IND-GP",120,0.015555642137155,0.141250107263256,23,350
1,545,"IND-GP",120,0,0.136570910883344,17,290
1,546,"IND-GP",120,0.501092263655581,0.135338393930121,17,290
1,547,"IND-GP",120,0.146775291687036,0.301685957789396,19,310
1,548,"IND-GP",120,0.015555642137155,0.156712624248492,15,270
1,549,"IND-GP",120,0.015555642137155,0.15745776526044,14,260
1,550,"IND-GP",120,0.170540127881547,0.42702318791588,19,310
1,551,"IND-GP",120,0.36204443308753,0.124083577173357,18,300
1,552,"IND-GP",120,0.246313494864583,0.364016571508468,17,290
1,553,"IND-GP",120,0.503855360851789,0.0960424728255334,15,270
1,554,"IND-GP",120,0.015555642137155,0.127452926262093,17,290
1,555,"IND-GP",120,0.03111128427431,0.108577271847421,17,290
1,556,"IND-GP",120,0,0.139615766763838,17,290
1,557,"IND-GP",120,0.346488790950375,0.128807165964461,17,290
1,558,"IND-GP",120,0.162330933824191,0.439365652026468,20,320
1,559,"IND-GP",120,0.015555642137155,0.104845177105663,17,290
1,560,"IND-GP",120,0.015555642137155,0.155726797318903,18,300
1,561,"IND-GP",120,0.015555642137155,0.242079815702559,19,310
1,562,"IND-GP",120,0.170540127881547,0.344667504351978,15,270
1,563,"IND-GP",120,0.015555642137155,0.177546400410932,20,320
1,564,"IND-GP",120,0.53740142203597,0.149175451931533,18,300
1,565,"IND-GP",120,0.03111128427431,0.591583644670201,19,310
1,566,"IND-GP",120,0.015555642137155,0.186620137452387,21,330
1,567,"IND-GP",120,0.03111128427431,0.159237062561676,18,300
1,568,"IND-GP",120,0.503855360851789,0.216121713393749,15,270
1,569,"IND-GP",120,0,0.17582275614544,14,260
1,570,"IND-GP",120,0.015555642137155,0.136095730317594,15,270
1,571,"IND-GP",120,0.03111128427431,0.165804447693435,19,310
1,572,"IND-GP",120,0.154984485744392,0.393685124898187,16,280
1,573,"IND-GP",120,0.03111128427431,0.181411981690578,22,340
1,574,"IND-GP",120,0.015555642137155,0.117340031794876,19,310
1,575,"IND-GP",120,0.015555642137155,0.130248782595149,15,270
1,576,"IND-GP",120,0.015555642137155,0.113057013974824,19,310
1,577,"IND-GP",120,0.015555642137155,0.0990599367067279,17,290
1,578,"IND-GP",120,0,0.18267126176756,19,310
1,579,"IND-GP",120,0.254512223965843,0.322559159647844,15,270
1,580,"IND-GP",120,0.346488790950375,0.140607318984718,14,260
1,581,"IND-GP",120,0.03111128427431,0.141927578895945,24,360
1,582,"IND-GP",120,0.015555642137155,0.125602271254209,18,300
1,583,"IND-GP",120,0.346488790950375,0.124016811463274,18,300
1,584,"IND-GP",120,0.36204443308753,0.148501967744981,16,280
1,585,"IND-GP",120,0.346488790950375,0.100159552278065,14,260
1,586,"IND-GP",120,0.154984485744392,0.414632949937461,24,360
1,587,"IND-GP",120,0.015555642137155,0.115246986004805,18,300
1,588,"IND-GP",120,0.03111128427431,0.0839972440765637,16,280
1,589,"IND-GP",120,0,0.125646788788287,14,260
1,590,"IND-GP",120,0,0.571109745852333,14,260
1,591,"IND-GP",120,0.625389166210375,0.187905974109103,20,320
1,592,"IND-GP",120,0.03111128427431,0.12429698179989,21,330
1,593,"IND-GP",120,0.03111128427431,0.10759770255532,20,320
1,594,"IND-GP",120,0.03111128427431,0.126187574643662,25,370
1,595,"IND-GP",120,0.03111128427431,0.0995936551084228,16,280
1,596,"IND-GP",120,0.015555642137155,0.112581510353547,22,340
1,597,"IND-GP",120,0.805068113026655,0.136016188158842,10,220
1,598,"IND-GP",120,0.03111128427431,0.15202939668208,19,310
1,599,"IND-GP",120,0,0.100947571356041,25,370
1,600,"IND-GP",120,0.015555642137155,0.129725276415711,18,300
1,601,"IND-GP",120,0.503855360851789,0.109441007914115,15,270
1,602,"IND-GP",120,0.530545343436941,0.13829739754863,16,280
1,603,"IND-GP",120,0.443438418533319,0.200240186029153,12,240
1,604,"IND-GP",120,0,0.168076104669852,20,320
1,605,"IND-GP",120,0.03111128427431,0.10712765877845,18,300
1,606,"IND-GP",120,0,0.150094774366192,18,300
1,607,"IND-GP",120,0.015555642137155,0.106459606383869,25,370
1,608,"IND-GP",120,0.03111128427431,0.092464221846982,18,300
1,609,"IND-GP",120,0.015555642137155,0.135574891720016,18,300
1,610,"IND-GP",120,0.015555642137155,0.177981870296668,19,310
1,611,"IND-GP",120,0.36204443308753,0.163320482433154,16,280
1,612,"IND-GP",120,0.485509595314834,0.127300888785204,18,300
1,613,"IND-GP",120,0.015555642137155,0.195551047876357,15,270
1,614,"IND-GP",120,0.03111128427431,0.144863462818012,18,300
1,615,"IND-GP",120,0.154984485744392,0.229552595052501,19,310
1,616,"IND-GP",120,0,0.275934964250872,25,370
1,617,"IND-GP",120,0.519411002988944,0.131252191660503,15,270
1,618,"IND-GP",120,0.03111128427431,0.144857365525422,17,290
1,619,"IND-GP",120,0,0.188526532320332,22,340
1,620,"IND-GP",120,0.015555642137155,0.108730934671901,14,260
1,621,"IND-GP",120,0.261869137001738,0.281686433228624,18,300
1,622,"IND-GP",120,0.154984485744392,0.368348533840514,20,320
1,623,"IND-GP",120,0.261869137001738,0.279984875677324,17,290
1,624,"IND-GP",120,0.015555642137155,0.0808420153631601,15,270
1,625,"IND-GP",120,0.146775291687036,0.152597138102745,17,290
1,626,"IND-GP",120,0.246313494864583,0.383588730183009,18,300
1,627,"IND-GP",120,0.95878751158621,0.091966426555589,13,250
1,628,"IND-GP",120,0.146775291687036,0.448042122301033,21,330
1,629,"IND-GP",120,0.154984485744392,0.378420211703665,14,260
1,630,"IND-GP",120,0.246313494864583,0.376145216446316,13,250
1,631,"IND-GP",120,0.015555642137155,0.122654894876591,20,320
1,632,"IND-GP",120,0.015555642137155,0.102749350108316,19,310
1,633,"IND-GP",120,0.36204443308753,0.126637356263979,12,240
1,634,"IND-GP",120,0,0.164628868619364,19,310
1,635,"IND-GP",120,0,0.118051424217379,22,340
1,636,"IND-GP",120,0.015555642137155,0.192980992244325,18,300
1,637,"IND-GP",120,0.03111128427431,0.173635434072692,20,320
1,638,"IND-GP",120,0.03111128427431,0.125126437158419,25,370
1,639,"IND-GP",120,0.246313494864583,0.371141129485542,14,260
1,640,"IND-GP",120,0.503855360851789,0.155919290335525,22,340
1,641,"IND-GP",120,0.015555642137155,0.158576542580484,23,350
1,642,"IND-GP",120,0.03111128427431,0.331931396258549,25,370
1,643,"IND-GP",120,0.015555642137155,0.21781987890652,21,330
1,644,"IND-GP",120,0.015555642137155,0.147085990092749,18,300
1,645,"IND-GP",120,0.501092263655581,0.139216437398504,16,280
1,646,"IND-GP",120,0.015555642137155,0.170054229729195,16,280
1,647,"IND-GP",120,0.03111128427431,0.142674849729001,16,280
1,648,"IND-GP",120,0,0.0952101037770094,18,300
1,649,"IND-GP",120,0.546100985574096,0.124376724472094,15,270
1,650,"IND-GP",120,0.015555642137155,0.117912608223184,14,260
1,651,"IND-GP",120,0.03111128427431,0.0979027663358245,18,300
1,652,"IND-GP",120,0.015555642137155,0.186480767670527,19,310
1,653,"IND-GP",120,0.170540127881547,0.129665202116359,25,370
1,654,"IND-GP",120,0.03111128427431,0.159154447173432,17,290
1,655,"IND-GP",120,0.750168855716372,0.246898155134368,17,290
1,656,"IND-GP",120,0.015555642137155,0.201832207237355,19,310
1,657,"IND-GP",120,0.154984485744392,0.325514231037265,15,270
1,658,"IND-GP",120,0.03111128427431,0.204097333256802,20,320
1,659,"IND-GP",120,0.03111128427431,0.126863583589254,19,310
1,660,"IND-GP",120,0.015555642137155,0.13605282133758,19,310
1,661,"IND-GP",120,0.03111128427431,0.0996791703454188,18,300
1,662,"IND-GP",120,0.015555642137155,0.50277989750009,17,290
1,663,"IND-GP",120,0.154984485744392,0.469183284775733,12,240
1,664,"IND-GP",120,0.03111128427431,0.120584169947337,20,320
1,665,"IND-GP",120,0.346488790950375,0.101602242601466,21,330
1,666,"IND-GP",120,0.519411002988944,0.537951431927859,15,270
1,667,"IND-GP",120,0.170540127881547,0.417594934559676,20,320
1,668,"IND-GP",120,0.015555642137155,0.150292428828806,18,300
1,669,"IND-GP",120,0.03111128427431,0.130879977370247,16,280
1,670,"IND-GP",120,0.015555642137155,0.19161432744559,15,270
1,671,"IND-GP",120,0.015555642137155,0.111673350625562,20,320
1,672,"IND-GP",120,0.503855360851789,0.15871857159477,15,270
1,673,"IND-GP",120,0.162330933824191,0.173164279807296,21,330
1,674,"IND-GP",120,0,0.122277801484467,20,320
1,675,"IND-GP",120,0.03111128427431,0.152750247438056,21,330
1,676,"IND-GP",120,0.03111128427431,0.152939732840058,17,290
1,677,"IND-GP",120,0,0.127860541924935,14,260
1,678,"IND-GP",120,0.03111128427431,0.154427648816082,22,340
1,679,"IND-GP",120,0.015555642137155,0.180888678677983,19,310
1,680,"IND-GP",120,0,0.577023111352512,17,290
1,681,"IND-GP",120,0.246313494864583,0.420635491222731,19,310
1,682,"IND-GP",120,0.03111128427431,0.151675857363684,21,330
1,683,"IND-GP",120,0.015555642137155,0.101127632330092,19,310
1,684,"IND-GP",120,0.36204443308753,0.15291164741589,16,280
1,685,"IND-GP",120,0.530545343436941,0.131345560609857,20,320
1,686,"IND-GP",120,0.516647905792736,0.10314315011632,19,310
1,687,"IND-GP",120,0.146775291687036,0.238535439062365,16,280
1,688,"IND-GP",120,0.015555642137155,0.11023745144947,23,350
1,689,"IND-GP",120,0,0.191975887008392,18,300
1,690,"IND-GP",120,0.03111128427431,0.131500395794816,16,280
1,691,"IND-GP",120,0.261869137001738,0.429575045485369,25,370
1,692,"IND-GP",120,0.03111128427431,0.102248239453564,15,270
1,693,"IND-GP",120,0.015555642137155,0.154255745881262,15,270
1,694,"IND-GP",120,0.03111128427431,0.160629391125519,20,320
1,695,"IND-GP",120,0.03111128427431,0.559601677357862,18,300
1,696,"IND-GP",120,0.170540127881547,0.363732696037667,16,280
1,697,"IND-GP",120,0.516647905792736,0.137912958087063,14,260
1,698,"IND-GP",120,0.492626989729167,0.503275445782806,25,370
1,699,"IND-GP",120,0.015555642137155,0.172478693738665,22,340
1,700,"IND-GP",120,0,0.161398319540098,17,290
1,701,"IND-GP",120,0.519411002988944,0.114588653872224,12,240
1,702,"IND-GP",120,0.015555642137155,0.162975502966106,25,370
1,703,"IND-GP",120,0.015555642137155,0.235606576426971,21,330
1,704,"IND-GP",120,0.015555642137155,0.127466325460183,18,300
1,705,"IND-GP",120,0.015555642137155,0.458456039977202,18,300
1,706,"IND-GP",120,0.03111128427431,0.102870785100642,18,300
1,707,"IND-GP",120,0.03111128427431,0.292291020294567,18,300
1,708,"IND-GP",120,0.246313494864583,0.338171936236021,19,310
1,709,"IND-GP",120,0.501092263655581,0.117788387411547,23,350
1,710,"IND-GP",120,0.015555642137155,0.0975985112883838,17,290
1,711,"IND-GP",120,0.170540127881547,0.341668385181935,19,310
1,712,"IND-GP",120,0.154984485744392,0.17214273778098,20,320
1,713,"IND-GP",120,0.261869137001738,0.268190472999074,19,310
1,714,"IND-GP",120,0.015555642137155,0.139605011481504,25,370
1,715,"IND-GP",120,0.612298720635835,0.126339989130543,21,330
1,716,"IND-GP",120,0.015555642137155,0.0867583812221283,17,290
1,717,"IND-GP",120,0.53740142203597,0.0857401119875879,16,280
1,718,"IND-GP",120,0.246313494864583,0.327875192940387,16,280
1,719,"IND-GP",120,0.238956581828689,0.323130174094959,20,320
1,720,"IND-GP",120,0.246313494864583,0.289311804645361,17,290
1,721,"IND-GP",120,0.03111128427431,0.125972118138296,17,290
1,722,"IND-GP",120,0.03111128427431,0.11320124194693,22,340
1,723,"IND-GP",120,0.154984485744392,0.201808581035955,16,280
1,724,"IND-GP",120,0.015555642137155,0.0961385465330516,17,290
1,725,"IND-GP",120,0.015555642137155,0.137832789712913,20,320
1,726,"IND-GP",120,0.03111128427431,0.182790017155345,14,260
1,727,"IND-GP",120,0.015555642137155,0.127056707934701,18,300
1,728,"IND-GP",120,0.015555642137155,0.113847603824881,16,280
1,729,"IND-GP",120,0.154984485744392,0.50028834352462,12,240
1,730,"IND-GP",120,0.03111128427431,0.137230574393549,13,250
1,731,"IND-GP",120,0.015555642137155,0.12986451111111,15,270
1,732,"IND-GP",120,0.03111128427431,0.251127042091917,25,370
1,733,"IND-GP",120,0.015555642137155,0.175183496530984,19,310
1,734,"IND-GP",120,0.546100985574096,0.120034524048519,22,340
1,735,"IND-GP",120,0.015555642137155,0.666882342928354,22,340
1,736,"IND-GP",120,0,0.334328373686322,20,320
1,737,"IND-GP",120,0.521845779898815,0.16918145076784,18,300
1,738,"IND-GP",120,0.868334570849191,0.211434590141666,12,240
1,739,"IND-GP",120,0.170540127881547,0.325693947635542,17,290
1,740,"IND-GP",120,0.015555642137155,0.123344424075452,18,300
1,741,"IND-GP",120,0.36204443308753,0.101233245382027,14,260
1,742,"IND-GP",120,0.03111128427431,0.123057119452062,16,280
1,743,"IND-GP",120,0.015555642137155,0.108804234149239,16,280
1,744,"IND-GP",120,0.015555642137155,0.234787691600954,15,270
1,745,"IND-GP",120,0.162330933824191,0.18670422730698,22,340
1,746,"IND-GP",120,0.03111128427431,0.141073241032052,21,330
1,747,"IND-GP",120,0.015555642137155,0.109406349912647,19,310
1,748,"IND-GP",120,0.03111128427431,0.107883570001141,17,290
1,749,"IND-GP",120,0.015555642137155,0.136397942457908,20,320
1,750,"IND-GP",120,0.03111128427431,0.561455764957653,14,260
1,751,"IND-GP",120,0.03111128427431,0.136482931567528,21,330
1,752,"IND-GP",120,0,0.17619220778402,20,320
1,753,"IND-GP",120,0.03111128427431,0.127048197249706,19,310
1,754,"IND-GP",120,0,0.19028698587953,18,300
1,755,"IND-GP",120,0.03111128427431,0.145676838671206,19,310
1,756,"IND-GP",120,0,0.134004251788772,18,300
1,757,"IND-GP",120,0.546100985574096,0.126027829767354,13,250
1,758,"IND-GP",120,0.03111128427431,0.122891519295305,15,270
1,759,"IND-GP",120,0.015555642137155,0.142259203222677,18,300
1,760,"IND-GP",120,0.03111128427431,0.0921150791455146,20,320
1,761,"IND-GP",120,0.015555642137155,0.114502286710728,19,310
1,762,"IND-GP",120,0,0.0930018675360865,18,300
1,763,"IND-GP",120,0.03111128427431,0.0841414206659699,16,280
1,764,"IND-GP",120,0.015555642137155,0.126716913169216,23,350
1,765,"IND-GP",120,0.03111128427431,0.1470852341655,25,370
1,766,"IND-GP",120,0.246313494864583,0.299658577835465,13,250
1,767,"IND-GP",120,0.015555642137155,0.161886696615805,25,370
1,768,"IND-GP",120,0.015555642137155,0.105862370909225,20,320
1,769,"IND-GP",120,0.015555642137155,0.153605914996218,22,340
1,770,"IND-GP",120,0.015555642137155,0.14275624483338,24,360
1,771,"IND-GP",120,0.015555642137155,0.107585273343142,21,330
1,772,"IND-GP",120,0.519411002988944,0.131091273546242,25,370
1,773,"IND-GP",120,0.015555642137155,0.162431621254849,16,280
1,774,"IND-GP",120,0.015555642137155,0.111410225331304,17,290
1,775,"IND-GP",120,0.015555642137155,0.166401159478945,19,310
1,776,"IND-GP",120,0.03111128427431,0.123548157737134,18,300
1,777,"IND-GP",120,0,0.130398033010129,16,280
1,778,"IND-GP",120,0,0.167573080490406,25,370
1,779,"IND-GP",120,0.015555642137155,0.247842323500723,14,260
1,780,"IND-GP",120,0.03111128427431,0.154359168423516,19,310
1,781,"IND-GP",120,0.015555642137155,0.0904281646350616,18,300
1,782,"IND-GP",120,0.03111128427431,0.179853567778246,25,370
1,783,"IND-GP",120,0.015555642137155,0.115884225605702,20,320
1,784,"IND-GP",120,0.530545343436941,0.0901563504033416,17,290
1,785,"IND-GP",120,0.015555642137155,0.124996592906172,19,310
1,786,"IND-GP",120,0.261869137001738,0.422029324323898,20,320
1,787,"IND-GP",120,0.015555642137155,0.135308822765674,16,280
1,788,"IND-GP",120,0.03111128427431,0.137752955620203,21,330
1,789,"IND-GP",120,0,0.137973742735104,17,290
1,790,"IND-GP",120,0.015555642137155,0.147575075214352,22,340
1,791,"IND-GP",120,0.519411002988944,0.163112680836456,19,310
1,792,"IND-GP",120,0.146775291687036,0.468783439309876,17,290
1,793,"IND-GP",120,0.03111128427431,0.124751548703566,23,350
1,794,"IND-GP",120,0.530545343436941,0.164224897848709,21,330
1,795,"IND-GP",120,0.015555642137155,0.12707293344462,17,290
1,796,"IND-GP",120,0.015555642137155,0.190856425096868,22,340
1,797,"IND-GP",120,0.015555642137155,0.14590478960274,21,330
1,798,"IND-GP",120,0.015555642137155,0.114681342759985,21,330
1,799,"IND-GP",120,0.170540127881547,0.34775637015794,19,310
1,800,"IND-GP",120,0.154984485744392,0.44742608915111,15,270
1,801,"IND-GP",120,0.015555642137155,0.123133828408178,15,270
1,802,"IND-GP",120,0.015555642137155,0.263489311418897,21,330
1,803,"IND-GP",120,0.015555642137155,0.181356310889248,20,320
1,804,"IND-GP",120,0.03111128427431,0.102661942146977,22,340
1,805,"IND-GP",120,0,0.131823975542099,20,320
1,806,"IND-GP",120,0.015555642137155,0.0829287212805036,20,320
1,807,"IND-GP",120,0.146775291687036,0.408773921290531,15,270
1,808,"IND-GP",120,0.154984485744392,0.445605812729799,22,340
1,809,"IND-GP",120,0.03111128427431,0.539983730931954,14,260
1,810,"IND-GP",120,0.015555642137155,0.137245961582137,18,300
1,811,"IND-GP",120,0.03111128427431,0.125418579655798,25,370
1,812,"IND-GP",120,0.246313494864583,0.379392651828085,15,270
1,813,"IND-GP",120,0.850344151802164,0.266718375960718,11,230
1,814,"IND-GP",120,0.53740142203597,0.0811348669052051,18,300
1,815,"IND-GP",120,0.519411002988944,0.112634984709083,20,320
1,816,"IND-GP",120,0.346488790950375,0.188786549619082,22,340
1,817,"IND-GP",120,0.03111128427431,0.11252441830394,20,320
1,818,"IND-GP",120,0,0.124304660706855,21,330
1,819,"IND-GP",120,0.170540127881547,0.477397840356366,11,230
1,820,"IND-GP",120,0.516647905792736,0.105844023197309,16,280
1,821,"IND-GP",120,0,0.141202518172287,17,290
1,822,"IND-GP",120,0.401297980608975,0.760677564905684,17,290
1,823,"IND-GP",120,0.015555642137155,0.52647069854358,25,370
1,824,"IND-GP",120,0.03111128427431,0.208867857946258,23,350
1,825,"IND-GP",120,0.530545343436941,0.0973774438926008,15,270
1,826,"IND-GP",120,0.254512223965843,0.25578016117378,16,280
1,827,"IND-GP",120,0.015555642137155,0.139209268759371,25,370
1,828,"IND-GP",120,0.170540127881547,0.34617294484878,17,290
1,829,"IND-GP",120,0.162330933824191,0.465840084797451,16,280
1,830,"IND-GP",120,0.015555642137155,0.143254246603984,18,300
1,831,"IND-GP",120,0.519411002988944,0.131818855078606,17,290
1,832,"IND-GP",120,0.519411002988944,0.0863550905195346,18,300
1,833,"IND-GP",120,0,0.297383719089741,18,300
1,834,"IND-GP",120,0.015555642137155,0.130735103279389,18,300
1,835,"IND-GP",120,0.530545343436941,0.0898460380573168,16,280
1,836,"IND-GP",120,0,0.106012200483792,18,300
1,837,"IND-GP",120,0.261869137001738,0.434673618306445,25,370
1,838,"IND-GP",120,0.469953953177679,0.123470096646772,24,360
1,839,"IND-GP",120,0.03111128427431,0.109189776277678,16,280
1,840,"IND-GP",120,0.154984485744392,0.304586034428434,22,340
1,841,"IND-GP",120,0.154984485744392,0.433722260640035,20,320
1,842,"IND-GP",120,0.401297980608975,0.627138377743205,17,290
1,843,"IND-GP",120,0.015555642137155,0.1082401977218,17,290
1,844,"IND-GP",120,0.03111128427431,0.569034809966135,25,370
1,845,"IND-GP",120,0,0.0908831959616454,20,320
1,846,"IND-GP",120,0.015555642137155,0.0961822972786032,16,280
1,847,"IND-GP",120,0.015555642137155,0.515881327197118,16,280
1,848,"IND-GP",120,0.015555642137155,0.116843024067364,16,280
1,849,"IND-GP",120,0.015555642137155,0.241632430540527,18,300
1,850,"IND-GP",120,0.154984485744392,0.406523771127785,12,240
1,851,"IND-GP",120,0.015555642137155,0.149507825904496,19,310
1,852,"IND-GP",120,0.677320635123976,0.131392382560701,16,280
1,853,"IND-GP",120,0.015555642137155,0.21654349957992,21,330
1,854,"IND-GP",120,0.015555642137155,0.12900422424657,17,290
1,855,"IND-GP",120,0.015555642137155,0.164757979737231,25,370
1,856,"IND-GP",120,0.015555642137155,0.141671410735562,25,370
1,857,"IND-GP",120,0.015555642137155,0.131770422985407,20,320
1,858,"IND-GP",120,0.03111128427431,0.104493069303862,22,340
1,859,"IND-GP",120,0.03111128427431,0.103050833345124,15,270
1,860,"IND-GP",120,0,0.121141291585059,22,340
1,861,"IND-GP",120,0,0.143599409429947,17,290
1,862,"IND-GP",120,0.154984485744392,0.485508992082112,21,330
1,863,"IND-GP",120,0,0.160523479884258,19,310
1,864,"IND-GP",120,0.015555642137155,0.0831206407569773,16,280
1,865,"IND-GP",120,0.015555642137155,0.13968530179083,22,340
1,866,"IND-GP",120,0.015555642137155,0.128564210974127,15,270
1,867,"IND-GP",120,0.03111128427431,0.574801313700514,19,310
1,868,"IND-GP",120,0.03111128427431,0.568686682768089,19,310
1,869,"IND-GP",120,0.015555642137155,0.106029170450857,22,340
1,870,"IND-GP",120,0,0.125757442189393,25,370
1,871,"IND-GP",120,0.154984485744392,0.40153097554727,17,290
1,872,"IND-GP",120,0.015555642137155,0.169715518299632,16,280
1,873,"IND-GP",120,0.015555642137155,0.208873735476746,17,290
1,874,"IND-GP",120,0.503855360851789,0.0820470595846275,16,280
1,875,"IND-GP",120,0,0.167127184278372,20,320
1,876,"IND-GP",120,0,0.123839517921767,21,330
1,877,"IND-GP",120,0.015555642137155,0.109431262944457,22,340
1,878,"IND-GP",120,0.146775291687036,0.11213408303969,20,320
1,879,"IND-GP",120,0,0.116976667754006,16,280
1,880,"IND-GP",120,0.246313494864583,0.381998675655335,16,280
1,881,"IND-GP",120,0.146775291687036,0.124159582321024,17,290
1,882,"IND-GP",120,0.015555642137155,0.136473687695631,15,270
1,883,"IND-GP",120,0,0.090392984530728,17,290
1,884,"IND-GP",120,0.503855360851789,0.134106903220657,17,290
1,885,"IND-GP",120,0.03111128427431,0.0987303751228951,19,310
1,886,"IND-GP",120,0.015555642137155,0.126840258805749,13,250
1,887,"IND-GP",120,0.015555642137155,0.105266571791798,18,300
1,888,"IND-GP",120,0.03111128427431,0.120255740636297,18,300
1,889,"IND-GP",120,0,0.20066223710816,21,330
1,890,"IND-GP",120,0.346488790950375,0.169841523682937,25,370
1,891,"IND-GP",120,0.015555642137155,0.155910415515833,25,370
1,892,"IND-GP",120,0.530545343436941,0.158589845949822,17,290
1,893,"IND-GP",120,0.015555642137155,0.185488994111673,20,320
1,894,"IND-GP",120,0.015555642137155,0.14128593784518,21,330
1,895,"IND-GP",120,0.521845779898815,0.120904135134758,19,310
1,896,"IND-GP",120,0.015555642137155,0.0885119144629648,18,300
1,897,"IND-GP",120,0.309968971488783,0.710237436872922,16,280
1,898,"IND-GP",120,0.015555642137155,0.215269647882364,21,330
1,899,"IND-GP",120,0.015555642137155,0.143697663208331,23,350
1,900,"IND-GP",120,0.03111128427431,0.159385297845014,18,300
1,901,"IND-GP",120,0.170540127881547,0.117114926227364,21,330
1,902,"IND-GP",120,0.519411002988944,0.523019821645049,15,270
1,903,"IND-GP",120,0,0.0962801593616708,16,280
1,904,"IND-GP",120,0.015555642137155,0.181937361297622,15,270
1,905,"IND-GP",120,0,0.0942663178489914,17,290
1,906,"IND-GP",120,0.015555642137155,0.108597311581579,19,310
1,907,"IND-GP",120,0.03111128427431,0.135920572208436,21,330
1,908,"IND-GP",120,0.03111128427431,0.125403008015135,22,340
1,909,"IND-GP",120,0.015555642137155,0.125517265643708,21,330
1,910,"IND-GP",120,0.015555642137155,0.508324510873808,14,260
1,911,"IND-GP",120,0.015555642137155,0.0994712172434082,20,320
1,912,"IND-GP",120,0.170540127881547,0.452740828819738,19,310
1,913,"IND-GP",120,0.516647905792736,0.1752688908555,17,290
1,914,"IND-GP",120,0.03111128427431,0.143342186272754,19,310
1,915,"IND-GP",120,0.401297980608975,0.639519078751471,17,290
1,916,"IND-GP",120,0.015555642137155,0.16188369459457,18,300
1,917,"IND-GP",120,0,0.214027103676987,16,280
1,918,"IND-GP",120,0,0.191374584292827,22,340
1,919,"IND-GP",120,0.261869137001738,0.350191371223084,15,270
1,920,"IND-GP",120,0.03111128427431,0.112822045758171,18,300
1,921,"IND-GP",120,0.015555642137155,0.55177478885121,13,250
1,922,"IND-GP",120,0.03111128427431,0.117491596866339,20,320
1,923,"IND-GP",120,0.36204443308753,0.0834390040362737,15,270
1,924,"IND-GP",120,0.346488790950375,0.118474585223724,20,320
1,925,"IND-GP",120,0.015555642137155,0.0976434288246297,14,260
1,926,"IND-GP",120,0,0.139140383301572,20,320
1,927,"IND-GP",120,0,0.144924447642124,19,310
1,928,"IND-GP",120,0,0.127569780375268,22,340
1,929,"IND-GP",120,0.501092263655581,0.139356208297694,15,270
1,930,"IND-GP",120,0.015555642137155,0.107274014312631,21,330
1,931,"IND-GP",120,0.154984485744392,0.475504867882699,20,320
1,932,"IND-GP",120,0.015555642137155,0.160997600094185,20,320
1,933,"IND-GP",120,0.015555642137155,0.113986972183559,20,320
1,934,"IND-GP",120,0.03111128427431,0.120412256751085,19,310
1,935,"IND-GP",120,0.519411002988944,0.0974316009483543,12,240
1,936,"IND-GP",120,0.03111128427431,0.534223852778553,19,310
1,937,"IND-GP",120,0.015555642137155,0.174565775339474,19,310
1,938,"IND-GP",120,0,0.143177797474788,20,320
1,939,"IND-GP",120,0,0.130728583194729,21,330
1,940,"IND-GP",120,0.03111128427431,0.571004699548904,18,300
1,941,"IND-GP",120,0.505123311722361,0.108981235624176,19,310
1,942,"IND-GP",120,0.170540127881547,0.366655064348182,17,290
1,943,"IND-GP",120,0.015555642137155,0.19807269627237,20,320
1,944,"IND-GP",120,0,0.112196691776815,20,320
1,945,"IND-GP",120,0,0.124610545167346,20,320
1,946,"IND-GP",120,0.015555642137155,0.099596349530895,20,320
1,947,"IND-GP",120,0.516647905792736,0.139533018350865,13,250
1,948,"IND-GP",120,0.03111128427431,0.110540086390238,18,300
1,949,"IND-GP",120,0.015555642137155,0.129537675398107,20,320
1,950,"IND-GP",120,0.03111128427431,0.104946782680753,19,310
1,951,"IND-GP",120,0.015555642137155,0.226082653826974,18,300
1,952,"IND-GP",120,0.154984485744392,0.118261947081102,18,300
1,953,"IND-GP",120,0.521845779898815,0.131990665152579,17,290
1,954,"IND-GP",120,0.254512223965843,0.113550176237404,20,320
1,955,"IND-GP",120,0.015555642137155,0.167369949877019,15,270
1,956,"IND-GP",120,0.154984485744392,0.425186270745177,21,330
1,957,"IND-GP",120,0.154984485744392,0.5018820986516,14,260
1,958,"IND-GP",120,0.154984485744392,0.441674158228268,15,270
1,959,"IND-GP",120,0.03111128427431,0.166269361296162,16,280
1,960,"IND-GP",120,0.146775291687036,0.17140336880905,21,330
1,961,"IND-GP",120,0,0.121199205589145,19,310
1,962,"IND-GP",120,0.015555642137155,0.132009934892445,19,310
1,963,"IND-GP",120,0.015555642137155,0.0972666351355721,18,300
1,964,"IND-GP",120,0.170540127881547,0.144037244659919,16,280
1,965,"IND-GP",120,0.015555642137155,0.107982570144643,21,330
1,966,"IND-GP",120,0.015555642137155,0.122420521054506,18,300
1,967,"IND-GP",120,0.503855360851789,0.0886451868067447,17,290
1,968,"IND-GP",120,0.346488790950375,0.204682344877094,19,310
1,969,"IND-GP",120,0.03111128427431,0.114943492260765,22,340
1,970,"IND-GP",120,0.162330933824191,0.169398774449104,21,330
1,971,"IND-GP",120,0,0.199827790595506,18,300
1,972,"IND-GP",120,0.261869137001738,0.352415319901381,14,260
1,973,"IND-GP",120,0.015555642137155,0.122064063255759,19,310
1,974,"IND-GP",120,0.015555642137155,0.19514902858526,25,370
1,975,"IND-GP",120,0.015555642137155,0.105783528356142,16,280
1,976,"IND-GP",120,0.519411002988944,0.096013232893626,12,240
1,977,"IND-GP",120,0.03111128427431,0.187079516792509,25,370
1,978,"IND-GP",120,0.015555642137155,0.175284468943808,25,370
1,979,"IND-GP",120,0.03111128427431,0.117618719729318,21,330
1,980,"IND-GP",120,0.293550583374071,0.206803837667886,23,350
1,981,"IND-GP",120,0.015555642137155,0.235211647336086,15,270
1,982,"IND-GP",120,0.261869137001738,0.343141839195854,25,370
1,983,"IND-GP",120,0.015555642137155,0.13760099629076,12,240
1,984,"IND-GP",120,0.015555642137155,0.244076266435606,21,330
1,985,"IND-GP",120,0.015555642137155,0.101389428883568,16,280
1,986,"IND-GP",120,0.154984485744392,0.354504813456993,15,270
1,987,"IND-GP",120,0.246313494864583,0.280396927114584,15,270
1,988,"IND-GP",120,0.015555642137155,0.0925244378310162,18,300
1,989,"IND-GP",120,0.246313494864583,0.326405969996077,15,270
1,990,"IND-GP",120,0.36204443308753,0.103597308352357,20,320
1,991,"IND-GP",120,0.015555642137155,0.0939837888881755,17,290
1,992,"IND-GP",120,0.03111128427431,0.107443216211973,16,280
1,993,"IND-GP",120,0.015555642137155,0.197218528999549,22,340
1,994,"IND-GP",120,0.346488790950375,0.117466034062352,17,290
1,995,"IND-GP",120,0.015555642137155,0.126957808210183,24,360
1,996,"IND-GP",120,0.03111128427431,0.187058954411825,19,310
1,997,"IND-GP",120,0.519411002988944,0.149881618931144,22,340
1,998,"IND-GP",120,0.503855360851789,0.195714997347364,23,350
1,999,"IND-GP",120,0.03111128427431,0.113345428879653,21,330
1,1000,"IND-GP",120,0.015555642137155,0.166955430481553,16,280
1,1,"P-GP",120,0.03111128427431,0.136627839812999,12,240
1,2,"P-GP",120,0.03111128427431,0.071075828228808,15,270
1,3,"P-GP",120,0.868334570849191,0.200330289422135,11,230
1,4,"P-GP",120,0.015555642137155,0.134576704957181,22,340
1,5,"P-GP",120,0.03111128427431,0.163463311769803,15,270
1,6,"P-GP",120,0.03111128427431,0.132964889662957,19,310
1,7,"P-GP",120,0.015555642137155,0.115006855083048,16,280
1,8,"P-GP",120,0.03111128427431,0.113738666115,25,370
1,9,"P-GP",120,0.03111128427431,0.109940522281138,14,260
1,10,"P-GP",120,0.015555642137155,0.0956890504905696,13,250
1,11,"P-GP",120,0.03111128427431,0.0983973359780091,14,260
1,12,"P-GP",120,0.015555642137155,0.137299871479092,18,300
1,13,"P-GP",120,0.03111128427431,0.0762171214372661,12,240
1,14,"P-GP",120,0.03111128427431,0.107902372716128,12,240
1,15,"P-GP",120,0.170540127881547,0.147238969213594,19,310
1,16,"P-GP",120,0.015555642137155,0.143530644299269,12,240
1,17,"P-GP",120,0,0.137524524961991,18,300
1,18,"P-GP",120,0.03111128427431,0.0741821569460775,18,300
1,19,"P-GP",120,0.03111128427431,0.0745077583341472,14,260
1,20,"P-GP",120,0.03111128427431,0.0681189423860286,12,240
1,21,"P-GP",120,0.03111128427431,0.0822314315192705,13,250
1,22,"P-GP",120,0.015555642137155,0.0880675265561088,12,240
1,23,"P-GP",120,0,0.141660689101914,16,280
1,24,"P-GP",120,0.015555642137155,0.140334420174598,18,300
1,25,"P-GP",120,0.03111128427431,0.0878827106550269,14,260
1,26,"P-GP",120,0.015555642137155,0.136217522227414,15,270
1,27,"P-GP",120,0.03111128427431,0.103241317780051,18,300
1,28,"P-GP",120,0.03111128427431,0.169116325308447,14,260
1,29,"P-GP",120,0,0.0938897049998078,14,260
1,30,"P-GP",120,0.162330933824191,0.152356413483933,20,320
1,31,"P-GP",120,0.03111128427431,0.101676813569275,17,290
1,32,"P-GP",120,0.015555642137155,0.0778428157157323,12,240
1,33,"P-GP",120,0.03111128427431,0.273855516876889,12,240
1,34,"P-GP",120,0.03111128427431,0.105674687387898,18,300
1,35,"P-GP",120,0,0.100454968929909,21,330
1,36,"P-GP",120,0.03111128427431,0.150097051900581,12,240
1,37,"P-GP",120,0.03111128427431,0.0977005263042815,17,290
1,38,"P-GP",120,0.015555642137155,0.114141275215733,20,320
1,39,"P-GP",120,0.015555642137155,0.115403867761748,21,330
1,40,"P-GP",120,0.03111128427431,0.0692140043423834,12,240
1,41,"P-GP",120,0.03111128427431,0.112051353388885,20,320
1,42,"P-GP",120,0.03111128427431,0.0994682077563015,17,290
1,43,"P-GP",120,0.03111128427431,0.12181079168793,11,230
1,44,"P-GP",120,0.015555642137155,0.0889043546226512,16,280
1,45,"P-GP",120,0.03111128427431,0.103932103254458,19,310
1,46,"P-GP",120,0.154984485744392,0.142479624728602,15,270
1,47,"P-GP",120,0.015555642137155,0.159801317269453,13,250
1,48,"P-GP",120,0.03111128427431,0.0871443502176387,16,280
1,49,"P-GP",120,0.03111128427431,0.0880435164272298,16,280
1,50,"P-GP",120,0.03111128427431,0.118791683626442,15,270
1,51,"P-GP",120,0.03111128427431,0.0728853771245811,14,260
1,52,"P-GP",120,0.03111128427431,0.140386044503684,14,260
1,53,"P-GP",120,0.868334570849191,0.139820856803335,11,230
1,54,"P-GP",120,0.03111128427431,0.0987482539532765,15,270
1,55,"P-GP",120,0.015555642137155,0.13397878003643,21,330
1,56,"P-GP",120,0,0.140681113866932,21,330
1,57,"P-GP",120,0.03111128427431,0.167539655247881,14,260
1,58,"P-GP",120,0.015555642137155,0.117141300618229,17,290
1,59,"P-GP",120,0.015555642137155,0.101472799564305,20,320
1,60,"P-GP",120,0.03111128427431,0.10548516349007,20,320
1,61,"P-GP",120,0.015555642137155,0.126348600640907,17,290
1,62,"P-GP",120,0,0.135159632846337,15,270
1,63,"P-GP",120,0.03111128427431,0.0885398889582045,11,230
1,64,"P-GP",120,0.015555642137155,0.102181874737567,19,310
1,65,"P-GP",120,0.850344151802164,0.134903543365368,11,230
1,66,"P-GP",120,0.03111128427431,0.0758945040871759,15,270
1,67,"P-GP",120,0.03111128427431,0.0769248098967743,12,240
1,68,"P-GP",120,0,0.112625681531165,17,290
1,69,"P-GP",120,0.015555642137155,0.12092819158692,15,270
1,70,"P-GP",120,0.03111128427431,0.100619631008022,15,270
1,71,"P-GP",120,0.015555642137155,0.102790010480207,15,270
1,72,"P-GP",120,0,0.228501550705906,14,260
1,73,"P-GP",120,0.154984485744392,0.143871128120502,12,240
1,74,"P-GP",120,0,0.0957853860937393,25,370
1,75,"P-GP",120,0.03111128427431,0.0794254306611139,13,250
1,76,"P-GP",120,0.154984485744392,0.170965955882067,19,310
1,77,"P-GP",120,0.03111128427431,0.133024265243691,17,290
1,78,"P-GP",120,0.015555642137155,0.121465420596194,13,250
1,79,"P-GP",120,0.850344151802164,0.16240684556803,11,230
1,80,"P-GP",120,0.015555642137155,0.120715680186682,18,300
1,81,"P-GP",120,0.03111128427431,0.0940546320432618,18,300
1,82,"P-GP",120,0.015555642137155,0.172403347114535,22,340
1,83,"P-GP",120,0.03111128427431,0.215139521640873,15,270
1,84,"P-GP",120,0.03111128427431,0.0833517673907239,17,290
1,85,"P-GP",120,0.170540127881547,0.132636597319125,19,310
1,86,"P-GP",120,0.015555642137155,0.149504246777671,25,370
1,87,"P-GP",120,0.03111128427431,0.0987870384781294,16,280
1,88,"P-GP",120,0,0.0880482315259869,18,300
1,89,"P-GP",120,0.03111128427431,0.0995115084647233,13,250
1,90,"P-GP",120,0.03111128427431,0.116912907321024,13,250
1,91,"P-GP",120,0.154984485744392,0.0834812053410895,15,270
1,92,"P-GP",120,0.03111128427431,0.133994779611924,20,320
1,93,"P-GP",120,0.154984485744392,0.15189111788993,20,320
1,94,"P-GP",120,0.03111128427431,0.0727448212894188,20,320
1,95,"P-GP",120,0.154984485744392,0.133632742347019,12,240
1,96,"P-GP",120,0.015555642137155,0.125011997773499,25,370
1,97,"P-GP",120,0.03111128427431,0.101619567320236,20,320
1,98,"P-GP",120,0.03111128427431,0.110495736035101,16,280
1,99,"P-GP",120,0.03111128427431,0.080267340533406,12,240
1,100,"P-GP",120,0.03111128427431,0.0885169232491973,17,290
1,101,"P-GP",120,0.154984485744392,0.264006547809573,14,260
1,102,"P-GP",120,0.03111128427431,0.0743460719057684,13,250
1,103,"P-GP",120,0.03111128427431,0.0953880735787022,25,370
1,104,"P-GP",120,0.03111128427431,0.136473811772568,19,310
1,105,"P-GP",120,0.015555642137155,0.11662429719713,17,290
1,106,"P-GP",120,0.03111128427431,0.126616949217262,15,270
1,107,"P-GP",120,0.03111128427431,0.0833825089279348,16,280
1,108,"P-GP",120,0.03111128427431,0.0772207831231279,18,300
1,109,"P-GP",120,0.015555642137155,0.144064391671131,18,300
1,110,"P-GP",120,0.03111128427431,0.13035740918993,25,370
1,111,"P-GP",120,0.154984485744392,0.132634666649578,12,240
1,112,"P-GP",120,0.015555642137155,0.10162289430639,18,300
1,113,"P-GP",120,0.850344151802164,0.154711220419033,11,230
1,114,"P-GP",120,0.03111128427431,0.0758375338653278,14,260
1,115,"P-GP",120,0.015555642137155,0.0956214886786989,14,260
1,116,"P-GP",120,0.015555642137155,0.117141074697151,16,280
1,117,"P-GP",120,0.03111128427431,0.11823744197893,13,250
1,118,"P-GP",120,0.03111128427431,0.0792942640681446,13,250
1,119,"P-GP",120,0,0.148924715528956,18,300
1,120,"P-GP",120,0.03111128427431,0.10867459624832,13,250
1,121,"P-GP",120,0.03111128427431,0.0810817430865755,14,260
1,122,"P-GP",120,0.015555642137155,0.102390744463993,19,310
1,123,"P-GP",120,0.015555642137155,0.132714743153233,21,330
1,124,"P-GP",120,0.03111128427431,0.0735597960270472,17,290
1,125,"P-GP",120,0,0.140935583378699,18,300
1,126,"P-GP",120,0.015555642137155,0.135671112259738,17,290
1,127,"P-GP",120,0.03111128427431,0.10143428883791,21,330
1,128,"P-GP",120,0.03111128427431,0.115635715281841,25,370
1,129,"P-GP",120,0.03111128427431,0.1196588188732,13,250
1,130,"P-GP",120,0.03111128427431,0.125710198777896,13,250
1,131,"P-GP",120,0.015555642137155,0.118884611013542,15,270
1,132,"P-GP",120,0.03111128427431,0.0722526405092215,12,240
1,133,"P-GP",120,0.03111128427431,0.107662372757404,25,370
1,134,"P-GP",120,0.03111128427431,0.105753013261139,15,270
1,135,"P-GP",120,0.03111128427431,0.071886170356587,13,250
1,136,"P-GP",120,0.015555642137155,0.0987827491704594,13,250
1,137,"P-GP",120,0.03111128427431,0.0972455769444595,18,300
1,138,"P-GP",120,0,0.19328329737514,14,260
1,139,"P-GP",120,0.877034134387316,0.121890996149728,11,230
1,140,"P-GP",120,0.03111128427431,0.108923506907429,12,240
1,141,"P-GP",120,0.03111128427431,0.113029209294967,14,260
1,142,"P-GP",120,0.03111128427431,0.0689982236659315,12,240
1,143,"P-GP",120,0,0.152177099527146,19,310
1,144,"P-GP",120,0.03111128427431,0.103182462516252,14,260
1,145,"P-GP",120,0.03111128427431,0.105628401366609,13,250
1,146,"P-GP",120,0,0.198877782515439,18,300
1,147,"P-GP",120,0.015555642137155,0.0975464560835539,17,290
1,148,"P-GP",120,0.03111128427431,0.0790572665779602,14,260
1,149,"P-GP",120,0.03111128427431,0.076837077800067,14,260
1,150,"P-GP",120,0.03111128427431,0.0974833872239036,16,280
1,151,"P-GP",120,0.015555642137155,0.159617841968146,16,280
1,152,"P-GP",120,0.585445372779064,0.346646025854098,10,220
1,153,"P-GP",120,0.03111128427431,0.106668495359199,12,240
1,154,"P-GP",120,0.03111128427431,0.158814054647037,13,250
1,155,"P-GP",120,0.154984485744392,0.186857024237095,17,290
1,156,"P-GP",120,0.154984485744392,0.241296241664539,25,370
1,157,"P-GP",120,0.03111128427431,0.0995931890771682,17,290
1,158,"P-GP",120,0.850344151802164,0.193063498953378,11,230
1,159,"P-GP",120,0.03111128427431,0.0840156552745775,12,240
1,160,"P-GP",120,0.03111128427431,0.085435462741616,12,240
1,161,"P-GP",120,0.154984485744392,0.108059192754644,23,350
1,162,"P-GP",120,0.03111128427431,0.0989076766705492,16,280
1,163,"P-GP",120,0,0.16947269265238,25,370
1,164,"P-GP",120,0.03111128427431,0.0942059931302093,19,310
1,165,"P-GP",120,0.015555642137155,0.117902177763204,12,240
1,166,"P-GP",120,0.03111128427431,0.0953295432179675,14,260
1,167,"P-GP",120,0.03111128427431,0.0957803698132157,18,300
1,168,"P-GP",120,0.03111128427431,0.160166108704726,15,270
1,169,"P-GP",120,0,0.13098300396348,25,370
1,170,"P-GP",120,0.015555642137155,0.132204123646153,16,280
1,171,"P-GP",120,0.154984485744392,0.189897444352601,14,260
1,172,"P-GP",120,0.03111128427431,0.0724998203678023,17,290
1,173,"P-GP",120,0.03111128427431,0.0748257739122272,16,280
1,174,"P-GP",120,0.015555642137155,0.139430201658824,13,250
1,175,"P-GP",120,0.146775291687036,0.206641461452322,25,370
1,176,"P-GP",120,0.03111128427431,0.105631034383582,18,300
1,177,"P-GP",120,0.03111128427431,0.0857379141111904,23,350
1,178,"P-GP",120,0.03111128427431,0.0895541409882215,11,230
1,179,"P-GP",120,0.015555642137155,0.129575599969068,13,250
1,180,"P-GP",120,0.03111128427431,0.11490675928598,13,250
1,181,"P-GP",120,0.015555642137155,0.116409029290326,12,240
1,182,"P-GP",120,0.015555642137155,0.192846465916178,25,370
1,183,"P-GP",120,0.03111128427431,0.112439062895384,12,240
1,184,"P-GP",120,0.015555642137155,0.154528878445672,11,230
1,185,"P-GP",120,0.03111128427431,0.116529327132906,12,240
1,186,"P-GP",120,0.03111128427431,0.16352724090694,18,300
1,187,"P-GP",120,0.015555642137155,0.0993006175574629,18,300
1,188,"P-GP",120,0.03111128427431,0.0785543040380859,25,370
1,189,"P-GP",120,0.03111128427431,0.078290068202949,25,370
1,190,"P-GP",120,0.03111128427431,0.0980433657160471,15,270
1,191,"P-GP",120,0,0.141259298747974,20,320
1,192,"P-GP",120,0.015555642137155,0.0981327078761931,15,270
1,193,"P-GP",120,0.03111128427431,0.0987606163672727,13,250
1,194,"P-GP",120,0.015555642137155,0.125883724668709,16,280
1,195,"P-GP",120,0.03111128427431,0.104520294001447,14,260
1,196,"P-GP",120,0.03111128427431,0.0923047690333687,18,300
1,197,"P-GP",120,0.154984485744392,0.171072648987541,23,350
1,198,"P-GP",120,0.03111128427431,0.0889897289503133,19,310
1,199,"P-GP",120,0.03111128427431,0.133478269781742,11,230
1,200,"P-GP",120,0.015555642137155,0.114760320239852,14,260
1,201,"P-GP",120,0.03111128427431,0.0811777610120002,14,260
1,202,"P-GP",120,0.015555642137155,0.110815835550565,15,270
1,203,"P-GP",120,0.03111128427431,0.0998020153944666,20,320
1,204,"P-GP",120,0.03111128427431,0.120155859933919,15,270
1,205,"P-GP",120,0.03111128427431,0.13521178388838,13,250
1,206,"P-GP",120,0.015555642137155,0.138865931939234,17,290
1,207,"P-GP",120,0.03111128427431,0.121091020132071,13,250
1,208,"P-GP",120,0,0.157163220312971,17,290
1,209,"P-GP",120,0.015555642137155,0.164063889181217,19,310
1,210,"P-GP",120,0.015555642137155,0.117458428310886,11,230
1,211,"P-GP",120,0,0.118273303249503,14,260
1,212,"P-GP",120,0.03111128427431,0.0814899057444123,16,280
1,213,"P-GP",120,0.015555642137155,0.0895995795429954,12,240
1,214,"P-GP",120,0.03111128427431,0.100398374114846,15,270
1,215,"P-GP",120,0.03111128427431,0.119710732506487,18,300
1,216,"P-GP",120,0.03111128427431,0.0890039187767485,13,250
1,217,"P-GP",120,0.03111128427431,0.074143422308103,12,240
1,218,"P-GP",120,0.015555642137155,0.104508876860922,25,370
1,219,"P-GP",120,0.03111128427431,0.190788651847942,20,320
1,220,"P-GP",120,0.015555642137155,0.127348289527489,20,320
1,221,"P-GP",120,0.015555642137155,0.119100726758991,19,310
1,222,"P-GP",120,0.015555642137155,0.159069754868959,22,340
1,223,"P-GP",120,0.015555642137155,0.0898937901703782,20,320
1,224,"P-GP",120,0.03111128427431,0.15066620245196,12,240
1,225,"P-GP",120,0.015555642137155,0.211863345173613,17,290
1,226,"P-GP",120,0.03111128427431,0.178727226525689,18,300
1,227,"P-GP",120,0.03111128427431,0.155222929613637,12,240
1,228,"P-GP",120,0.03111128427431,0.0798083161859293,15,270
1,229,"P-GP",120,0.03111128427431,0.0807502347818375,13,250
1,230,"P-GP",120,0.03111128427431,0.110682765157267,12,240
1,231,"P-GP",120,0.03111128427431,0.0982687099711627,13,250
1,232,"P-GP",120,0.03111128427431,0.076446670286318,18,300
1,233,"P-GP",120,0.03111128427431,0.113741761344777,25,370
1,234,"P-GP",120,0.03111128427431,0.118713626632001,13,250
1,235,"P-GP",120,0.154984485744392,0.107128500328828,16,280
1,236,"P-GP",120,0.03111128427431,0.122897785760806,25,370
1,237,"P-GP",120,0.015555642137155,0.0987172533197405,15,270
1,238,"P-GP",120,0.03111128427431,0.0971464582844649,18,300
1,239,"P-GP",120,0,0.155308845633542,21,330
1,240,"P-GP",120,0.015555642137155,0.118737784785418,13,250
1,241,"P-GP",120,0.015555642137155,0.110000940313482,10,220
1,242,"P-GP",120,0.03111128427431,0.0966651432344318,12,240
1,243,"P-GP",120,0.03111128427431,0.0779532288183734,14,260
1,244,"P-GP",120,0.03111128427431,0.0873980581518365,12,240
1,245,"P-GP",120,0.973809314029468,0.0753292657606279,11,230
1,246,"P-GP",120,0.850344151802164,0.160953490779515,10,220
1,247,"P-GP",120,0.03111128427431,0.13189997585581,17,290
1,248,"P-GP",120,0.154984485744392,0.158917933082613,19,310
1,249,"P-GP",120,0.015555642137155,0.0959986359357089,19,310
1,250,"P-GP",120,0.03111128427431,0.085477410152567,21,330
1,251,"P-GP",120,0.015555642137155,0.108441623229929,13,250
1,252,"P-GP",120,0.03111128427431,0.159620931036389,10,220
1,253,"P-GP",120,0.03111128427431,0.0779573450483117,18,300
1,254,"P-GP",120,0.03111128427431,0.0871938897333344,13,250
1,255,"P-GP",120,0.03111128427431,0.0980923689373281,14,260
1,256,"P-GP",120,0.03111128427431,0.14438162872992,19,310
1,257,"P-GP",120,0.015555642137155,0.111192802607372,19,310
1,258,"P-GP",120,0.03111128427431,0.124767762748809,15,270
1,259,"P-GP",120,0.03111128427431,0.146235177102579,12,240
1,260,"P-GP",120,0,0.128701073950378,14,260
1,261,"P-GP",120,0.03111128427431,0.0895299863393295,15,270
1,262,"P-GP",120,0.03111128427431,0.0826512137063105,12,240
1,263,"P-GP",120,0.03111128427431,0.0794005579437209,20,320
1,264,"P-GP",120,0.015555642137155,0.0998045165933538,14,260
1,265,"P-GP",120,0,0.14199542022404,18,300
1,266,"P-GP",120,0.015555642137155,0.175567756545541,25,370
1,267,"P-GP",120,0.03111128427431,0.0943987747914127,18,300
1,268,"P-GP",120,0.03111128427431,0.143611761901227,12,240
1,269,"P-GP",120,0.015555642137155,0.115520815496995,17,290
1,270,"P-GP",120,0.03111128427431,0.141858018411655,12,240
1,271,"P-GP",120,0.850344151802164,0.175148852749625,10,220
1,272,"P-GP",120,0.146775291687036,0.134182124591263,13,250
1,273,"P-GP",120,0.015555642137155,0.0967077108779889,15,270
1,274,"P-GP",120,0.03111128427431,0.0832378097141996,16,280
1,275,"P-GP",120,0.03111128427431,0.106499030197483,18,300
1,276,"P-GP",120,0.015555642137155,0.124074612570949,18,300
1,277,"P-GP",120,0.154984485744392,0.180546423950381,15,270
1,278,"P-GP",120,0.154984485744392,0.170014523786266,12,240
1,279,"P-GP",120,0.015555642137155,0.132630515611442,19,310
1,280,"P-GP",120,0.03111128427431,0.0995138471823377,20,320
1,281,"P-GP",120,0.015555642137155,0.153810859481418,19,310
1,282,"P-GP",120,0.03111128427431,0.16794807137347,12,240
1,283,"P-GP",120,0.015555642137155,0.116136458161472,15,270
1,284,"P-GP",120,0,0.201787498758697,13,250
1,285,"P-GP",120,0.015555642137155,0.0988796909593815,21,330
1,286,"P-GP",120,0.03111128427431,0.130097901411838,12,240
1,287,"P-GP",120,0.03111128427431,0.28053645849748,11,230
1,288,"P-GP",120,0.015555642137155,0.12067397442788,19,310
1,289,"P-GP",120,0.015555642137155,0.115023324759625,14,260
1,290,"P-GP",120,0.03111128427431,0.151806379119394,12,240
1,291,"P-GP",120,0.03111128427431,0.087414160803489,18,300
1,292,"P-GP",120,0.03111128427431,0.0704694268119738,12,240
1,293,"P-GP",120,0.015555642137155,0.152183166496454,25,370
1,294,"P-GP",120,0.015555642137155,0.12268424990821,18,300
1,295,"P-GP",120,0,0.225265078972894,17,290
1,296,"P-GP",120,0.015555642137155,0.0883977435611937,17,290
1,297,"P-GP",120,0.015555642137155,0.142188703411722,25,370
1,298,"P-GP",120,0.03111128427431,0.0917130944288577,16,280
1,299,"P-GP",120,0.03111128427431,0.127058265055159,15,270
1,300,"P-GP",120,0.850344151802164,0.102895118449531,11,230
1,301,"P-GP",120,0.03111128427431,0.128375918043852,18,300
1,302,"P-GP",120,0.03111128427431,0.0937444186723884,19,310
1,303,"P-GP",120,0,0.122275753708324,19,310
1,304,"P-GP",120,0.154984485744392,0.147286947665915,13,250
1,305,"P-GP",120,0.015555642137155,0.097202894090403,20,320
1,306,"P-GP",120,0.154984485744392,0.140506207653733,19,310
1,307,"P-GP",120,0.015555642137155,0.152224590018214,13,250
1,308,"P-GP",120,0.03111128427431,0.106406944531425,13,250
1,309,"P-GP",120,0.015555642137155,0.104014918540688,22,340
1,310,"P-GP",120,0.03111128427431,0.116716474875884,12,240
1,311,"P-GP",120,0.03111128427431,0.0789366262428931,13,250
1,312,"P-GP",120,0,0.120500370477574,18,300
1,313,"P-GP",120,0.03111128427431,0.133951733431241,25,370
1,314,"P-GP",120,0.015555642137155,0.171097185378339,19,310
1,315,"P-GP",120,0.015555642137155,0.156056155685282,18,300
1,316,"P-GP",120,0.03111128427431,0.091749909907625,17,290
1,317,"P-GP",120,0.015555642137155,0.120433414487681,25,370
1,318,"P-GP",120,0.03111128427431,0.133328865958742,13,250
1,319,"P-GP",120,0.015555642137155,0.136371928566916,12,240
1,320,"P-GP",120,0.015555642137155,0.141693066324805,13,250
1,321,"P-GP",120,0.015555642137155,0.145312496296815,20,320
1,322,"P-GP",120,0.015555642137155,0.164303601332191,19,310
1,323,"P-GP",120,0.03111128427431,0.153391032291047,16,280
1,324,"P-GP",120,0.03111128427431,0.106235503549589,17,290
1,325,"P-GP",120,0.162330933824191,0.206600828536838,15,270
1,326,"P-GP",120,0.015555642137155,0.137264280167137,13,250
1,327,"P-GP",120,0.015555642137155,0.119510649284751,25,370
1,328,"P-GP",120,0.015555642137155,0.165037403133473,17,290
1,329,"P-GP",120,0.154984485744392,0.140339160170389,16,280
1,330,"P-GP",120,0.03111128427431,0.10503450081754,17,290
1,331,"P-GP",120,0.03111128427431,0.133037394572003,20,320
1,332,"P-GP",120,0.03111128427431,0.147489826909138,19,310
1,333,"P-GP",120,0.03111128427431,0.082235029870204,17,290
1,334,"P-GP",120,0.03111128427431,0.0767644619774424,15,270
1,335,"P-GP",120,0.03111128427431,0.0795729939924373,14,260
1,336,"P-GP",120,0.03111128427431,0.168637069948988,12,240
1,337,"P-GP",120,0.03111128427431,0.0947586215096601,12,240
1,338,"P-GP",120,0.03111128427431,0.0991590463230276,17,290
1,339,"P-GP",120,0,0.152389000481118,15,270
1,340,"P-GP",120,0.03111128427431,0.0949257559779548,12,240
1,341,"P-GP",120,0.015555642137155,0.140293032294737,20,320
1,342,"P-GP",120,0.03111128427431,0.126077066147483,18,300
1,343,"P-GP",120,0.03111128427431,0.107561676925379,14,260
1,344,"P-GP",120,0,0.119850469174901,17,290
1,345,"P-GP",120,0.015555642137155,0.10312765087914,19,310
1,346,"P-GP",120,0.03111128427431,0.0812808839353488,11,230
1,347,"P-GP",120,0.03111128427431,0.159708336102501,25,370
1,348,"P-GP",120,0.03111128427431,0.0904861529046222,21,330
1,349,"P-GP",120,0.015555642137155,0.117496456792908,21,330
1,350,"P-GP",120,0.03111128427431,0.0978502008695622,12,240
1,351,"P-GP",120,0,0.114184807731983,15,270
1,352,"P-GP",120,0.015555642137155,0.14555904722277,20,320
1,353,"P-GP",120,0.03111128427431,0.101626423425422,16,280
1,354,"P-GP",120,0,0.200925457512776,21,330
1,355,"P-GP",120,0.850344151802164,0.121634957997683,10,220
1,356,"P-GP",120,0.154984485744392,0.252823705656928,18,300
1,357,"P-GP",120,0,0.0906642371611401,18,300
1,358,"P-GP",120,0.015555642137155,0.123711189392086,15,270
1,359,"P-GP",120,0.03111128427431,0.141865256803065,19,310
1,360,"P-GP",120,0.03111128427431,0.0766825931413117,20,320
1,361,"P-GP",120,0.03111128427431,0.0944260507509709,14,260
1,362,"P-GP",120,0.03111128427431,0.0866077972299248,17,290
1,363,"P-GP",120,0.03111128427431,0.0765627918617258,23,350
1,364,"P-GP",120,0.015555642137155,0.131454876586021,17,290
1,365,"P-GP",120,0.015555642137155,0.139387779686751,13,250
1,366,"P-GP",120,0.03111128427431,0.179255973524784,16,280
1,367,"P-GP",120,0.146775291687036,0.147293245493467,17,290
1,368,"P-GP",120,0.03111128427431,0.109741128464656,12,240
1,369,"P-GP",120,0.015555642137155,0.134223871920505,15,270
1,370,"P-GP",120,0.03111128427431,0.160028992125897,12,240
1,371,"P-GP",120,0.03111128427431,0.0742753328917172,17,290
1,372,"P-GP",120,0.015555642137155,0.112564007712792,13,250
1,373,"P-GP",120,0.015555642137155,0.153035623732718,14,260
1,374,"P-GP",120,0.154984485744392,0.124228032915864,17,290
1,375,"P-GP",120,0,0.163298126166857,14,260
1,376,"P-GP",120,0.015555642137155,0.106425953338647,15,270
1,377,"P-GP",120,0.03111128427431,0.181696893669515,10,220
1,378,"P-GP",120,0.261869137001738,0.165065735273077,14,260
1,379,"P-GP",120,0.03111128427431,0.110044184571845,18,300
1,380,"P-GP",120,0.015555642137155,0.174042566968745,14,260
1,381,"P-GP",120,0.015555642137155,0.0919410626003021,18,300
1,382,"P-GP",120,0.03111128427431,0.0648498829661519,12,240
1,383,"P-GP",120,0.850344151802164,0.158160937587039,9,210
1,384,"P-GP",120,0.015555642137155,0.128976588800826,22,340
1,385,"P-GP",120,0.015555642137155,0.0979094357991856,16,280
1,386,"P-GP",120,0.015555642137155,0.116550198762071,14,260
1,387,"P-GP",120,0.03111128427431,0.0890046004820422,14,260
1,388,"P-GP",120,0.03111128427431,0.083021547363341,14,260
1,389,"P-GP",120,0.03111128427431,0.0843953502486176,19,310
1,390,"P-GP",120,0,0.162114761951586,15,270
1,391,"P-GP",120,0.03111128427431,0.0873975134975684,19,310
1,392,"P-GP",120,0,0.120915811386835,19,310
1,393,"P-GP",120,0.03111128427431,0.118573408308904,19,310
1,394,"P-GP",120,0.03111128427431,0.0998201108354151,13,250
1,395,"P-GP",120,0.03111128427431,0.120066627098227,11,230
1,396,"P-GP",120,0.03111128427431,0.0756404454798727,18,300
1,397,"P-GP",120,0.03111128427431,0.116014185332276,15,270
1,398,"P-GP",120,0.03111128427431,0.114928846376419,17,290
1,399,"P-GP",120,0.03111128427431,0.0737530638350716,13,250
1,400,"P-GP",120,0.03111128427431,0.0901173365682185,16,280
1,401,"P-GP",120,0.03111128427431,0.377131225219045,11,230
1,402,"P-GP",120,0.03111128427431,0.0835204891421422,13,250
1,403,"P-GP",120,0.03111128427431,0.106108099271534,19,310
1,404,"P-GP",120,0.03111128427431,0.145704013201564,12,240
1,405,"P-GP",120,0.015555642137155,0.121387230002356,17,290
1,406,"P-GP",120,0,0.115236441029511,19,310
1,407,"P-GP",120,0.03111128427431,0.0910777794848778,16,280
1,408,"P-GP",120,0.03111128427431,0.132467340551832,11,230
1,409,"P-GP",120,0.03111128427431,0.0697540728491984,13,250
1,410,"P-GP",120,0.154984485744392,0.140256930055768,12,240
1,411,"P-GP",120,0.015555642137155,0.105094285089278,18,300
1,412,"P-GP",120,0.146775291687036,0.16219914369168,18,300
1,413,"P-GP",120,0.03111128427431,0.0711077662498956,13,250
1,414,"P-GP",120,0.154984485744392,0.164773897462827,12,240
1,415,"P-GP",120,0.015555642137155,0.167421063925455,11,230
1,416,"P-GP",120,0.03111128427431,0.111823684253927,17,290
1,417,"P-GP",120,0.03111128427431,0.117719915804086,17,290
1,418,"P-GP",120,0.03111128427431,0.106404359448575,13,250
1,419,"P-GP",120,0.154984485744392,0.138010631048712,15,270
1,420,"P-GP",120,0.03111128427431,0.0843851182584915,12,240
1,421,"P-GP",120,0.015555642137155,0.0926792363527275,12,240
1,422,"P-GP",120,0,0.108247458839766,13,250
1,423,"P-GP",120,0.03111128427431,0.0918850976282415,15,270
1,424,"P-GP",120,0.154984485744392,0.708828038545545,11,230
1,425,"P-GP",120,0.03111128427431,0.0776156173694214,11,230
1,426,"P-GP",120,0.03111128427431,0.105288013606124,25,370
1,427,"P-GP",120,0.03111128427431,0.0971206404946562,12,240
1,428,"P-GP",120,0,0.132823664685036,20,320
1,429,"P-GP",120,0.03111128427431,0.147221665573135,18,300
1,430,"P-GP",120,0.015555642137155,0.135473796868262,18,300
1,431,"P-GP",120,0.03111128427431,0.116000628929614,13,250
1,432,"P-GP",120,0.03111128427431,0.178348719252031,25,370
1,433,"P-GP",120,0.03111128427431,0.0875079125896893,13,250
1,434,"P-GP",120,0,0.158811859627913,19,310
1,435,"P-GP",120,0,0.116242549159073,18,300
1,436,"P-GP",120,0.015555642137155,0.165073289576912,15,270
1,437,"P-GP",120,0.015555642137155,0.11044562305976,25,370
1,438,"P-GP",120,0.015555642137155,0.113142025245416,18,300
1,439,"P-GP",120,0.015555642137155,0.122708658080546,18,300
1,440,"P-GP",120,0.015555642137155,0.120170836691982,12,240
1,441,"P-GP",120,0,0.106873572998509,14,260
1,442,"P-GP",120,0.03111128427431,0.100713564033771,13,250
1,443,"P-GP",120,0.015555642137155,0.107869698639229,21,330
1,444,"P-GP",120,0.03111128427431,0.07945991763318,18,300
1,445,"P-GP",120,0.03111128427431,0.0718993357368365,17,290
1,446,"P-GP",120,0.015555642137155,0.129806498966753,19,310
1,447,"P-GP",120,0.015555642137155,0.19269686054339,13,250
1,448,"P-GP",120,0.03111128427431,0.107275263686472,14,260
1,449,"P-GP",120,0,0.116532039484029,17,290
1,450,"P-GP",120,0.146775291687036,0.166590737855405,15,270
1,451,"P-GP",120,0.03111128427431,0.11515355659444,13,250
1,452,"P-GP",120,0.03111128427431,0.26259149340486,10,220
1,453,"P-GP",120,0.015555642137155,0.121935287246369,18,300
1,454,"P-GP",120,0.493264082637411,0.396040409924918,9,210
1,455,"P-GP",120,0.015555642137155,0.11816685772384,20,320
1,456,"P-GP",120,0.03111128427431,0.125643541441449,14,260
1,457,"P-GP",120,0.03111128427431,0.0739823628434275,17,290
1,458,"P-GP",120,0.03111128427431,0.116542812785669,25,370
1,459,"P-GP",120,0.03111128427431,0.184298944122522,21,330
1,460,"P-GP",120,0.03111128427431,0.0948958592678875,15,270
1,461,"P-GP",120,0.03111128427431,0.077816355053352,11,230
1,462,"P-GP",120,0.154984485744392,0.163568682925437,16,280
1,463,"P-GP",120,0.03111128427431,0.086805669888747,17,290
1,464,"P-GP",120,0.03111128427431,0.0788552492753954,11,230
1,465,"P-GP",120,0.03111128427431,0.0779526309088951,18,300
1,466,"P-GP",120,0.03111128427431,0.0881500241715441,18,300
1,467,"P-GP",120,0.03111128427431,0.0952290190163498,13,250
1,468,"P-GP",120,0,0.134015069184446,19,310
1,469,"P-GP",120,0.015555642137155,0.115752718038105,24,360
1,470,"P-GP",120,0.03111128427431,0.136030690141924,12,240
1,471,"P-GP",120,0.03111128427431,0.105438633234003,12,240
1,472,"P-GP",120,0.03111128427431,0.0981810124668801,12,240
1,473,"P-GP",120,0,0.116798351709791,19,310
1,474,"P-GP",120,0.015555642137155,0.0794815423702482,20,320
1,475,"P-GP",120,0.015555642137155,0.160794497391172,12,240
1,476,"P-GP",120,0.015555642137155,0.154199755135111,20,320
1,477,"P-GP",120,0,0.0986522810977802,21,330
1,478,"P-GP",120,0.03111128427431,0.0934648039088972,14,260
1,479,"P-GP",120,0.03111128427431,0.122705585840516,15,270
1,480,"P-GP",120,0,0.110153512483229,20,320
1,481,"P-GP",120,0.03111128427431,0.396335571358107,12,240
1,482,"P-GP",120,0.03111128427431,0.150796604672856,12,240
1,483,"P-GP",120,0.03111128427431,0.0724004942096819,14,260
1,484,"P-GP",120,0.015555642137155,0.152496123964264,14,260
1,485,"P-GP",120,0.015555642137155,0.124529892804365,15,270
1,486,"P-GP",120,0.03111128427431,0.107480665377182,17,290
1,487,"P-GP",120,0.850344151802164,0.181723130425104,13,250
1,488,"P-GP",120,0.154984485744392,0.161667143493879,13,250
1,489,"P-GP",120,0.015555642137155,0.139745187468832,14,260
1,490,"P-GP",120,0.03111128427431,0.155669574391109,15,270
1,491,"P-GP",120,0.015555642137155,0.0906602094743167,15,270
1,492,"P-GP",120,0,0.105360761230259,17,290
1,493,"P-GP",120,0.170540127881547,0.15547259115733,19,310
1,494,"P-GP",120,0.015555642137155,0.119710978066742,12,240
1,495,"P-GP",120,0.03111128427431,0.156602538561652,18,300
1,496,"P-GP",120,0.015555642137155,0.09965553730559,18,300
1,497,"P-GP",120,0.03111128427431,0.0741197601969386,13,250
1,498,"P-GP",120,0.015555642137155,0.0870992172323497,15,270
1,499,"P-GP",120,0.154984485744392,0.141687488128622,18,300
1,500,"P-GP",120,0.015555642137155,0.102731614012707,20,320
1,501,"P-GP",120,0.03111128427431,0.0759131439746364,20,320
1,502,"P-GP",120,0.03111128427431,0.118969998280045,12,240
1,503,"P-GP",120,0.03111128427431,0.134194912921207,20,320
1,504,"P-GP",120,0.03111128427431,0.0820831729564329,15,270
1,505,"P-GP",120,0.015555642137155,0.128756974638143,22,340
1,506,"P-GP",120,0.03111128427431,0.0943051492320805,12,240
1,507,"P-GP",120,0.154984485744392,0.191699123791957,20,320
1,508,"P-GP",120,0.03111128427431,0.110346898257246,14,260
1,509,"P-GP",120,0.03111128427431,0.0700666309586084,24,360
1,510,"P-GP",120,0.03111128427431,0.0924349919658775,18,300
1,511,"P-GP",120,0.03111128427431,0.140737300204203,14,260
1,512,"P-GP",120,0.03111128427431,0.0828721176199789,20,320
1,513,"P-GP",120,0.03111128427431,0.109765655029201,15,270
1,514,"P-GP",120,0.03111128427431,0.136028055122603,12,240
1,515,"P-GP",120,0.03111128427431,0.0916966324389451,17,290
1,516,"P-GP",120,0.03111128427431,0.134185373094801,17,290
1,517,"P-GP",120,0.03111128427431,0.133898806693505,20,320
1,518,"P-GP",120,0.154984485744392,0.147044263001614,19,310
1,519,"P-GP",120,0.850344151802164,0.148480515510281,9,210
1,520,"P-GP",120,0.03111128427431,0.122562644243852,19,310
1,521,"P-GP",120,0.03111128427431,0.0856663919682358,12,240
1,522,"P-GP",120,0.015555642137155,0.119888530948263,25,370
1,523,"P-GP",120,0.03111128427431,0.0908190061501712,17,290
1,524,"P-GP",120,0.931738137247953,0.128511113093701,9,210
1,525,"P-GP",120,0.015555642137155,0.110222106515261,13,250
1,526,"P-GP",120,0.015555642137155,0.147269608498004,18,300
1,527,"P-GP",120,0.015555642137155,0.229193979364214,12,240
1,528,"P-GP",120,0.015555642137155,0.11232980029484,19,310
1,529,"P-GP",120,0,0.14799268311739,22,340
1,530,"P-GP",120,0.170540127881547,0.216893944412325,15,270
1,531,"P-GP",120,0.015555642137155,0.120707136967736,12,240
1,532,"P-GP",120,0.015555642137155,0.0848088876643732,13,250
1,533,"P-GP",120,0.03111128427431,0.102370139621047,16,280
1,534,"P-GP",120,0.03111128427431,0.0753282856673534,14,260
1,535,"P-GP",120,0.03111128427431,0.0897761733167698,13,250
1,536,"P-GP",120,0.03111128427431,0.0837078953990713,12,240
1,537,"P-GP",120,0.03111128427431,0.0922300064501488,14,260
1,538,"P-GP",120,0.015555642137155,0.105493858834243,21,330
1,539,"P-GP",120,0.03111128427431,0.0716932979400834,12,240
1,540,"P-GP",120,0.015555642137155,0.231809811468671,18,300
1,541,"P-GP",120,0,0.103054041310383,16,280
1,542,"P-GP",120,0.03111128427431,0.0944773720483164,21,330
1,543,"P-GP",120,0.03111128427431,0.132114471842846,15,270
1,544,"P-GP",120,0.015555642137155,0.137908409127292,15,270
1,545,"P-GP",120,0.03111128427431,0.0821593836213163,15,270
1,546,"P-GP",120,0.03111128427431,0.145142342592715,15,270
1,547,"P-GP",120,0.03111128427431,0.195061824341353,14,260
1,548,"P-GP",120,0.03111128427431,0.163170697441026,17,290
1,549,"P-GP",120,0,0.140248818594974,20,320
1,550,"P-GP",120,0.162330933824191,0.181264174122908,19,310
1,551,"P-GP",120,0.592802285814959,0.350765081596848,11,230
1,552,"P-GP",120,0,0.171544572147472,12,240
1,553,"P-GP",120,0.03111128427431,0.110605561166132,13,250
1,554,"P-GP",120,0.850344151802164,0.190206222053215,11,230
1,555,"P-GP",120,0.03111128427431,0.0816201362262016,14,260
1,556,"P-GP",120,0,0.101298941430065,15,270
1,557,"P-GP",120,0.03111128427431,0.0843921791965005,14,260
1,558,"P-GP",120,0.015555642137155,0.152867344143485,19,310
1,559,"P-GP",120,0.03111128427431,0.0930536904513292,12,240
1,560,"P-GP",120,0.015555642137155,0.12925580999892,17,290
1,561,"P-GP",120,0.015555642137155,0.17476415390706,25,370
1,562,"P-GP",120,0.03111128427431,0.134003104804655,18,300
1,563,"P-GP",120,0.03111128427431,0.141992755707632,18,300
1,564,"P-GP",120,0.501473276694767,0.455294933087295,11,230
1,565,"P-GP",120,0.03111128427431,0.186478060518221,20,320
1,566,"P-GP",120,0.03111128427431,0.093576381490325,12,240
1,567,"P-GP",120,0.03111128427431,0.0964392296803033,15,270
1,568,"P-GP",120,0,0.170638343573191,16,280
1,569,"P-GP",120,0.03111128427431,0.149553946739748,18,300
1,570,"P-GP",120,0.03111128427431,0.129373752284763,13,250
1,571,"P-GP",120,0.03111128427431,0.133712091624571,19,310
1,572,"P-GP",120,0,0.140205615282604,18,300
1,573,"P-GP",120,0.03111128427431,0.079377576360126,15,270
1,574,"P-GP",120,0.03111128427431,0.0990006134047812,17,290
1,575,"P-GP",120,0.03111128427431,0.09690554447903,12,240
1,576,"P-GP",120,0.03111128427431,0.0776000905106124,14,260
1,577,"P-GP",120,0.03111128427431,0.0901348348009865,13,250
1,578,"P-GP",120,0.03111128427431,0.103773267829102,19,310
1,579,"P-GP",120,0.015555642137155,0.100543724175479,19,310
1,580,"P-GP",120,0.850344151802164,0.166672866039385,11,230
1,581,"P-GP",120,0.03111128427431,0.0795934003462177,25,370
1,582,"P-GP",120,0.03111128427431,0.220068554091499,11,230
1,583,"P-GP",120,0.03111128427431,0.130525939106164,16,280
1,584,"P-GP",120,0.03111128427431,0.0844999532997294,14,260
1,585,"P-GP",120,0,0.222286490556462,21,330
1,586,"P-GP",120,0.03111128427431,0.0691610090879323,14,260
1,587,"P-GP",120,0.03111128427431,0.0716562426631207,18,300
1,588,"P-GP",120,0.03111128427431,0.0764693739081265,16,280
1,589,"P-GP",120,0.03111128427431,0.0846087026945188,20,320
1,590,"P-GP",120,0.03111128427431,0.0948640335030905,12,240
1,591,"P-GP",120,0.03111128427431,0.155087461978989,18,300
1,592,"P-GP",120,0.03111128427431,0.0852180484117769,13,250
1,593,"P-GP",120,0.03111128427431,0.107383571231298,17,290
1,594,"P-GP",120,0.03111128427431,0.0808239042349204,25,370
1,595,"P-GP",120,0.03111128427431,0.0976888938318822,18,300
1,596,"P-GP",120,0.015555642137155,0.0988242485062265,12,240
1,597,"P-GP",120,0.877034134387316,0.128266326917477,11,230
1,598,"P-GP",120,0.03111128427431,0.141159301661255,13,250
1,599,"P-GP",120,0,0.165556665420865,25,370
1,600,"P-GP",120,0.015555642137155,0.131023215528223,19,310
1,601,"P-GP",120,0,0.0936554115144408,15,270
1,602,"P-GP",120,0,0.113559585483732,16,280
1,603,"P-GP",120,0.03111128427431,0.102034772374414,12,240
1,604,"P-GP",120,0.03111128427431,0.100401946762783,10,220
1,605,"P-GP",120,0.015555642137155,0.0990813649743015,15,270
1,606,"P-GP",120,0.03111128427431,0.0653435814110526,12,240
1,607,"P-GP",120,0,0.104278266761942,18,300
1,608,"P-GP",120,0.03111128427431,0.149392597091358,25,370
1,609,"P-GP",120,0,0.167968601906202,18,300
1,610,"P-GP",120,0.03111128427431,0.0832674066444317,16,280
1,611,"P-GP",120,0.850344151802164,0.156345999309113,10,220
1,612,"P-GP",120,0.03111128427431,0.0950093093365472,17,290
1,613,"P-GP",120,0.03111128427431,0.153221990102077,10,220
1,614,"P-GP",120,0.03111128427431,0.109552649675086,15,270
1,615,"P-GP",120,0.015555642137155,0.123834011046591,23,350
1,616,"P-GP",120,0,0.111470496520819,20,320
1,617,"P-GP",120,0.015555642137155,0.128491538627426,20,320
1,618,"P-GP",120,0.03111128427431,0.121368765372875,14,260
1,619,"P-GP",120,0,0.0854780290573551,19,310
1,620,"P-GP",120,0.03111128427431,0.110420842703618,16,280
1,621,"P-GP",120,0.015555642137155,0.140618540589658,16,280
1,622,"P-GP",120,0.015555642137155,0.173904970032105,19,310
1,623,"P-GP",120,0.015555642137155,0.116347946103451,18,300
1,624,"P-GP",120,0.03111128427431,0.115501657044785,17,290
1,625,"P-GP",120,0.03111128427431,0.189163594353883,15,270
1,626,"P-GP",120,0.015555642137155,0.113795121882197,15,270
1,627,"P-GP",120,0.015555642137155,0.11521508382665,17,290
1,628,"P-GP",120,0.015555642137155,0.120487601898855,14,260
1,629,"P-GP",120,0.03111128427431,0.0831000930645671,12,240
1,630,"P-GP",120,0.03111128427431,0.0938047538445579,20,320
1,631,"P-GP",120,0.015555642137155,0.116474723395851,20,320
1,632,"P-GP",120,0.03111128427431,0.0752806849986808,12,240
1,633,"P-GP",120,0.635219600192492,0.255189017392904,10,220
1,634,"P-GP",120,0,0.145256592171261,15,270
1,635,"P-GP",120,0.015555642137155,0.132699975284164,19,310
1,636,"P-GP",120,0.03111128427431,0.121132533807282,24,360
1,637,"P-GP",120,0.03111128427431,0.104727843924274,18,300
1,638,"P-GP",120,0.03111128427431,0.116171526135206,25,370
1,639,"P-GP",120,0.850344151802164,0.119965581937138,11,230
1,640,"P-GP",120,0.03111128427431,0.0959949301152142,20,320
1,641,"P-GP",120,0.015555642137155,0.142309057848736,21,330
1,642,"P-GP",120,0.015555642137155,0.187494541357788,25,370
1,643,"P-GP",120,0.015555642137155,0.313966552209283,20,320
1,644,"P-GP",120,0.03111128427431,0.117584621746802,16,280
1,645,"P-GP",120,0.03111128427431,0.0765639995458594,12,240
1,646,"P-GP",120,0.03111128427431,0.0680022873217467,12,240
1,647,"P-GP",120,0.03111128427431,0.0959441459641903,13,250
1,648,"P-GP",120,0.154984485744392,0.166261662743606,13,250
1,649,"P-GP",120,0.03111128427431,0.13209181586111,17,290
1,650,"P-GP",120,0.03111128427431,0.0740363711966403,15,270
1,651,"P-GP",120,0,0.108112130474469,20,320
1,652,"P-GP",120,0.03111128427431,0.0894799112068162,17,290
1,653,"P-GP",120,0.03111128427431,0.180312193115481,15,270
1,654,"P-GP",120,0.015555642137155,0.135983757190176,20,320
1,655,"P-GP",120,0.03111128427431,0.0765887820072167,15,270
1,656,"P-GP",120,0.03111128427431,0.123296770064799,17,290
1,657,"P-GP",120,0.015555642137155,0.124253847764305,12,240
1,658,"P-GP",120,0.03111128427431,0.133490297539835,15,270
1,659,"P-GP",120,0.03111128427431,0.0877129978578623,12,240
1,660,"P-GP",120,0.03111128427431,0.0762624173239994,17,290
1,661,"P-GP",120,0.03111128427431,0.0940976127559013,15,270
1,662,"P-GP",120,0.015555642137155,0.115037229981264,15,270
1,663,"P-GP",120,0.015555642137155,0.139194542427923,13,250
1,664,"P-GP",120,0.03111128427431,0.0838574165667615,14,260
1,665,"P-GP",120,0.015555642137155,0.193592512745701,14,260
1,666,"P-GP",120,0.015555642137155,0.102628673749707,12,240
1,667,"P-GP",120,0.03111128427431,0.132440796822081,12,240
1,668,"P-GP",120,0.154984485744392,0.208046224236439,12,240
1,669,"P-GP",120,0.03111128427431,0.129004818317699,25,370
1,670,"P-GP",120,0.03111128427431,0.0871187300443508,17,290
1,671,"P-GP",120,0.03111128427431,0.0941921071937083,11,230
1,672,"P-GP",120,0.154984485744392,0.095527508861389,12,240
1,673,"P-GP",120,0.03111128427431,0.0806315184398166,12,240
1,674,"P-GP",120,0.03111128427431,0.0897373850142536,20,320
1,675,"P-GP",120,0.03111128427431,0.1134224806953,16,280
1,676,"P-GP",120,0.015555642137155,0.122980906089887,21,330
1,677,"P-GP",120,0,0.156115213593246,15,270
1,678,"P-GP",120,0.03111128427431,0.150407121923612,25,370
1,679,"P-GP",120,0.146775291687036,0.0997599924965082,16,280
1,680,"P-GP",120,0.015555642137155,0.0968390664592319,19,310
1,681,"P-GP",120,0.03111128427431,0.137485733773885,11,230
1,682,"P-GP",120,0,0.145087508349371,17,290
1,683,"P-GP",120,0.015555642137155,0.11564358799374,21,330
1,684,"P-GP",120,0.03111128427431,0.0777508492877218,15,270
1,685,"P-GP",120,0.503855360851789,0.498032013043763,12,240
1,686,"P-GP",120,0.03111128427431,0.0833163385639849,15,270
1,687,"P-GP",120,0.850344151802164,0.169771943152929,12,240
1,688,"P-GP",120,0.03111128427431,0.0991420202547261,20,320
1,689,"P-GP",120,0.03111128427431,0.122674618693719,18,300
1,690,"P-GP",120,0.03111128427431,0.139341703815849,17,290
1,691,"P-GP",120,0.170540127881547,0.148453920655188,22,340
1,692,"P-GP",120,0.03111128427431,0.0772729732692821,13,250
1,693,"P-GP",120,0.03111128427431,0.161258852308689,19,310
1,694,"P-GP",120,0.162330933824191,0.165744716692016,17,290
1,695,"P-GP",120,0.03111128427431,0.0654078079411009,16,280
1,696,"P-GP",120,0.015555642137155,0.145463440960207,14,260
1,697,"P-GP",120,0.015555642137155,0.129720051241286,19,310
1,698,"P-GP",120,0.154984485744392,0.155349766509142,15,270
1,699,"P-GP",120,0.015555642137155,0.194764720611042,13,250
1,700,"P-GP",120,0.015555642137155,0.112758451547789,17,290
1,701,"P-GP",120,0.03111128427431,0.104495943935993,20,320
1,702,"P-GP",120,0.03111128427431,0.150454852999355,13,250
1,703,"P-GP",120,0,0.129764230390862,17,290
1,704,"P-GP",120,0.015555642137155,0.108685515472535,15,270
1,705,"P-GP",120,0.015555642137155,0.12639693677699,16,280
1,706,"P-GP",120,0.03111128427431,0.067400413546845,12,240
1,707,"P-GP",120,0.015555642137155,0.1265115857225,17,290
1,708,"P-GP",120,0.03111128427431,0.0834053168067513,23,350
1,709,"P-GP",120,0.154984485744392,0.142606770243398,14,260
1,710,"P-GP",120,0.015555642137155,0.117870072585338,17,290
1,711,"P-GP",120,0.015555642137155,0.130427706270821,18,300
1,712,"P-GP",120,0.154984485744392,0.134226722038765,16,280
1,713,"P-GP",120,0.015555642137155,0.184390706105702,16,280
1,714,"P-GP",120,0.015555642137155,0.102270971703374,14,260
1,715,"P-GP",120,0.154984485744392,0.364994634224914,16,280
1,716,"P-GP",120,0.03111128427431,0.127132163454513,15,270
1,717,"P-GP",120,0.015555642137155,0.181290217106851,19,310
1,718,"P-GP",120,0.03111128427431,0.0883561346253008,19,310
1,719,"P-GP",120,0.154984485744392,0.15291929489777,17,290
1,720,"P-GP",120,0.03111128427431,0.0995056029079678,12,240
1,721,"P-GP",120,0.03111128427431,0.126140506944823,12,240
1,722,"P-GP",120,0.03111128427431,0.0650834693388914,17,290
1,723,"P-GP",120,0.154984485744392,0.201059812985251,17,290
1,724,"P-GP",120,0.03111128427431,0.0847490184758572,14,260
1,725,"P-GP",120,0.03111128427431,0.10888773726431,17,290
1,726,"P-GP",120,0.03111128427431,0.144895081005977,15,270
1,727,"P-GP",120,0.03111128427431,0.147945293776514,25,370
1,728,"P-GP",120,0.015555642137155,0.117077662531893,14,260
1,729,"P-GP",120,0.154984485744392,0.197710016053895,12,240
1,730,"P-GP",120,0.03111128427431,0.134512799801908,17,290
1,731,"P-GP",120,0.03111128427431,0.156455670188502,20,320
1,732,"P-GP",120,0.03111128427431,0.0957655057124956,12,240
1,733,"P-GP",120,0.03111128427431,0.1414738872237,18,300
1,734,"P-GP",120,0.03111128427431,0.125765926115186,24,360
1,735,"P-GP",120,0.015555642137155,0.211498167415641,12,240
1,736,"P-GP",120,0,0.161203460273058,25,370
1,737,"P-GP",120,0,0.172421463833973,20,320
1,738,"P-GP",120,0.154984485744392,0.705179526255485,12,240
1,739,"P-GP",120,0.015555642137155,0.139923558617351,18,300
1,740,"P-GP",120,0.03111128427431,0.111055960363142,16,280
1,741,"P-GP",120,0.03111128427431,0.129608414855256,12,240
1,742,"P-GP",120,0.03111128427431,0.0965781885437994,17,290
1,743,"P-GP",120,0.03111128427431,0.0841114090363432,14,260
1,744,"P-GP",120,0.03111128427431,0.119032623594476,13,250
1,745,"P-GP",120,0.015555642137155,0.105330125401523,17,290
1,746,"P-GP",120,0.03111128427431,0.164087416084784,14,260
1,747,"P-GP",120,0.03111128427431,0.107996951427255,25,370
1,748,"P-GP",120,0.03111128427431,0.0867696972866413,20,320
1,749,"P-GP",120,0.015555642137155,0.107796292411103,19,310
1,750,"P-GP",120,0.03111128427431,0.0984095016372702,16,280
1,751,"P-GP",120,0.015555642137155,0.106556184840463,16,280
1,752,"P-GP",120,0.015555642137155,0.136793196813986,20,320
1,753,"P-GP",120,0.03111128427431,0.090336048676575,19,310
1,754,"P-GP",120,0,0.157914202714155,19,310
1,755,"P-GP",120,0.03111128427431,0.0887839879466576,17,290
1,756,"P-GP",120,0,0.143881723516451,16,280
1,757,"P-GP",120,0.03111128427431,0.287614492711671,12,240
1,758,"P-GP",120,0.015555642137155,0.117719055253329,18,300
1,759,"P-GP",120,0.015555642137155,0.099163357981636,17,290
1,760,"P-GP",120,0.03111128427431,0.0839666493655294,14,260
1,761,"P-GP",120,0.03111128427431,0.124197296494245,18,300
1,762,"P-GP",120,0.015555642137155,0.0960119641577378,16,280
1,763,"P-GP",120,0.03111128427431,0.070211282745316,25,370
1,764,"P-GP",120,0.154984485744392,0.159902052518738,13,250
1,765,"P-GP",120,0.015555642137155,0.110840268803863,18,300
1,766,"P-GP",120,0.03111128427431,0.125699479922121,13,250
1,767,"P-GP",120,0.015555642137155,0.152143475096793,18,300
1,768,"P-GP",120,0.03111128427431,0.0706975052040615,14,260
1,769,"P-GP",120,0.03111128427431,0.0680151396281221,13,250
1,770,"P-GP",120,0.03111128427431,0.103065712057918,20,320
1,771,"P-GP",120,0.03111128427431,0.0929634866128506,14,260
1,772,"P-GP",120,0,0.178503184938395,20,320
1,773,"P-GP",120,0.015555642137155,0.148280429322604,12,240
1,774,"P-GP",120,0,0.0967975915022197,12,240
1,775,"P-GP",120,0.015555642137155,0.111059318991471,15,270
1,776,"P-GP",120,0.03111128427431,0.0931600638235847,17,290
1,777,"P-GP",120,0,0.224766542773167,25,370
1,778,"P-GP",120,0.154984485744392,0.170313450746952,18,300
1,779,"P-GP",120,0.03111128427431,0.320115573469,12,240
1,780,"P-GP",120,0,0.0818417034329311,15,270
1,781,"P-GP",120,0.03111128427431,0.0771719855268979,18,300
1,782,"P-GP",120,0.015555642137155,0.110639217168704,21,330
1,783,"P-GP",120,0.154984485744392,0.306333140910336,18,300
1,784,"P-GP",120,0,0.130522309072155,15,270
1,785,"P-GP",120,0.03111128427431,0.0803042506274473,18,300
1,786,"P-GP",120,0.03111128427431,0.106521479781814,19,310
1,787,"P-GP",120,0.03111128427431,0.127563747654405,19,310
1,788,"P-GP",120,0.03111128427431,0.0803355508388105,16,280
1,789,"P-GP",120,0.015555642137155,0.157642703077288,21,330
1,790,"P-GP",120,0.03111128427431,0.155854517197543,25,370
1,791,"P-GP",120,0.03111128427431,0.182051125784457,12,240
1,792,"P-GP",120,0.03111128427431,0.0952114817695102,19,310
1,793,"P-GP",120,0.015555642137155,0.106833444020998,20,320
1,794,"P-GP",120,0,0.130131766091806,15,270
1,795,"P-GP",120,0.015555642137155,0.120682042208987,17,290
1,796,"P-GP",120,0.015555642137155,0.129254304975069,15,270
1,797,"P-GP",120,0.154984485744392,0.356983456231795,16,280
1,798,"P-GP",120,0.015555642137155,0.119600590731922,18,300
1,799,"P-GP",120,0.03111128427431,0.0904313684038711,16,280
1,800,"P-GP",120,0.03111128427431,0.235945278007127,13,250
1,801,"P-GP",120,0.03111128427431,0.123947047026043,13,250
1,802,"P-GP",120,0.03111128427431,0.120674614720903,15,270
1,803,"P-GP",120,0.03111128427431,0.116116075691777,16,280
1,804,"P-GP",120,0.03111128427431,0.0675560964167444,16,280
1,805,"P-GP",120,0.03111128427431,0.114756743075254,18,300
1,806,"P-GP",120,0.03111128427431,0.0926514668610403,12,240
1,807,"P-GP",120,0.03111128427431,0.141510286837819,13,250
1,808,"P-GP",120,0.03111128427431,0.0709603230999922,16,280
1,809,"P-GP",120,0.03111128427431,0.0958468608872272,22,340
1,810,"P-GP",120,0.03111128427431,0.121358126230097,18,300
1,811,"P-GP",120,0.03111128427431,0.10441807704379,25,370
1,812,"P-GP",120,0,0.105266935568371,15,270
1,813,"P-GP",120,0.03111128427431,0.078319150560231,13,250
1,814,"P-GP",120,0.015555642137155,0.176371668007102,21,330
1,815,"P-GP",120,0.03111128427431,0.0789781132516582,17,290
1,816,"P-GP",120,0.015555642137155,0.12179606683779,13,250
1,817,"P-GP",120,0.03111128427431,0.076503441234789,20,320
1,818,"P-GP",120,0.585445372779064,0.321765853064509,11,230
1,819,"P-GP",120,0.850344151802164,0.0893871450419853,11,230
1,820,"P-GP",120,0,0.0905666052577151,11,230
1,821,"P-GP",120,0,0.150201499753484,17,290
1,822,"P-GP",120,0.015555642137155,0.113768521311993,15,270
1,823,"P-GP",120,0.015555642137155,0.102772565698383,13,250
1,824,"P-GP",120,0.03111128427431,0.0933926399976606,20,320
1,825,"P-GP",120,0.154984485744392,0.164604863918843,16,280
1,826,"P-GP",120,0.03111128427431,0.107246191192879,12,240
1,827,"P-GP",120,0.03111128427431,0.0926206521432894,12,240
1,828,"P-GP",120,0.03111128427431,0.0711986359016661,17,290
1,829,"P-GP",120,0.015555642137155,0.120327118285621,20,320
1,830,"P-GP",120,0.03111128427431,0.100989542797541,13,250
1,831,"P-GP",120,0.03111128427431,0.0926431982911107,11,230
1,832,"P-GP",120,0.03111128427431,0.120398902688824,19,310
1,833,"P-GP",120,0.03111128427431,0.123304138620863,17,290
1,834,"P-GP",120,0.015555642137155,0.0861176038998112,12,240
1,835,"P-GP",120,0.154984485744392,0.144917437487816,12,240
1,836,"P-GP",120,0,0.132491812299194,20,320
1,837,"P-GP",120,0.015555642137155,0.152171179772324,13,250
1,838,"P-GP",120,0.03111128427431,0.0778894636229554,16,280
1,839,"P-GP",120,0.03111128427431,0.104040383607885,25,370
1,840,"P-GP",120,0.015555642137155,0.113368218001948,20,320
1,841,"P-GP",120,0,0.129368074201001,16,280
1,842,"P-GP",120,0.03111128427431,0.0951848452100883,19,310
1,843,"P-GP",120,0.015555642137155,0.100207389427248,14,260
1,844,"P-GP",120,0,0.12610710873557,20,320
1,845,"P-GP",120,0.015555642137155,0.108579118464619,14,260
1,846,"P-GP",120,0.015555642137155,0.115302979886369,16,280
1,847,"P-GP",120,0.015555642137155,0.117524501210266,25,370
1,848,"P-GP",120,0.015555642137155,0.121553555025384,19,310
1,849,"P-GP",120,0.03111128427431,0.159152789366878,13,250
1,850,"P-GP",120,0,0.166655609041559,17,290
1,851,"P-GP",120,0.03111128427431,0.0824286733089608,18,300
1,852,"P-GP",120,0.03111128427431,0.093183021873312,16,280
1,853,"P-GP",120,0.015555642137155,0.133014994383804,18,300
1,854,"P-GP",120,0.146775291687036,0.118730426325641,19,310
1,855,"P-GP",120,0.03111128427431,0.13731069149063,12,240
1,856,"P-GP",120,0.03111128427431,0.0678186745094921,13,250
1,857,"P-GP",120,0.03111128427431,0.113370676157302,25,370
1,858,"P-GP",120,0.03111128427431,0.0907294566238899,18,300
1,859,"P-GP",120,0.03111128427431,0.0769650300813018,16,280
1,860,"P-GP",120,0.03111128427431,0.073783723967057,20,320
1,861,"P-GP",120,0.03111128427431,0.139898274516851,13,250
1,862,"P-GP",120,0.015555642137155,0.129426738178231,18,300
1,863,"P-GP",120,0,0.184376409975447,17,290
1,864,"P-GP",120,0.03111128427431,0.0872534489308649,14,260
1,865,"P-GP",120,0.03111128427431,0.0699118228252921,18,300
1,866,"P-GP",120,0.015555642137155,0.128698315299251,18,300
1,867,"P-GP",120,0.015555642137155,0.106784104909901,14,260
1,868,"P-GP",120,0.015555642137155,0.110615310888884,17,290
1,869,"P-GP",120,0.015555642137155,0.12229634977951,20,320
1,870,"P-GP",120,0,0.105647009989591,16,280
1,871,"P-GP",120,0.03111128427431,0.096882236276819,13,250
1,872,"P-GP",120,0.154984485744392,0.230258923325029,14,260
1,873,"P-GP",120,0.03111128427431,0.0829191340597712,18,300
1,874,"P-GP",120,0,0.0988619921708793,19,310
1,875,"P-GP",120,0,0.167555799917531,17,290
1,876,"P-GP",120,0.015555642137155,0.133689833553871,17,290
1,877,"P-GP",120,0.03111128427431,0.10134868446694,25,370
1,878,"P-GP",120,0.293550583374071,0.186733703899094,19,310
1,879,"P-GP",120,0,0.0999765908020856,15,270
1,880,"P-GP",120,0.03111128427431,0.0935841092093566,12,240
1,881,"P-GP",120,0.015555642137155,0.123515869763445,18,300
1,882,"P-GP",120,0,0.173335713092706,14,260
1,883,"P-GP",120,0,0.119122051230629,19,310
1,884,"P-GP",120,0,0.118992704060041,20,320
1,885,"P-GP",120,0.03111128427431,0.103172409963786,12,240
1,886,"P-GP",120,0,0.107790645648456,14,260
1,887,"P-GP",120,0.015555642137155,0.112952995773612,17,290
1,888,"P-GP",120,0.03111128427431,0.0699572722777008,13,250
1,889,"P-GP",120,0.015555642137155,0.109211374939227,12,240
1,890,"P-GP",120,1.20409798646133,0.159137689858455,11,230
1,891,"P-GP",120,0.03111128427431,0.0856477835137676,24,360
1,892,"P-GP",120,0,0.129842579361203,15,270
1,893,"P-GP",120,0.015555642137155,0.196215093571757,17,290
1,894,"P-GP",120,0.015555642137155,0.10503182857941,13,250
1,895,"P-GP",120,0.03111128427431,0.0957127562319587,16,280
1,896,"P-GP",120,0,0.100045247569421,12,240
1,897,"P-GP",120,0,0.186118448160965,15,270
1,898,"P-GP",120,0.015555642137155,0.241614398861915,16,280
1,899,"P-GP",120,0.015555642137155,0.10079605116805,17,290
1,900,"P-GP",120,0.03111128427431,0.154418990444384,14,260
1,901,"P-GP",120,0.03111128427431,0.112058436897426,22,340
1,902,"P-GP",120,0.015555642137155,0.120349590524618,17,290
1,903,"P-GP",120,0,0.151293189865829,25,370
1,904,"P-GP",120,0.03111128427431,0.131074959569853,17,290
1,905,"P-GP",120,0,0.104892313467255,15,270
1,906,"P-GP",120,0.03111128427431,0.0674907695654539,11,230
1,907,"P-GP",120,0.03111128427431,0.105845379171478,16,280
1,908,"P-GP",120,0.03111128427431,0.0856636372357442,23,350
1,909,"P-GP",120,0.015555642137155,0.135052653553509,16,280
1,910,"P-GP",120,0.015555642137155,0.101809683396758,12,240
1,911,"P-GP",120,0.03111128427431,0.0754579626335857,20,320
1,912,"P-GP",120,0.03111128427431,0.110639798627209,19,310
1,913,"P-GP",120,0.03111128427431,0.0977929283185257,20,320
1,914,"P-GP",120,0.154984485744392,0.150507190718088,13,250
1,915,"P-GP",120,0.03111128427431,0.105561252823989,19,310
1,916,"P-GP",120,0.03111128427431,0.172656092354631,21,330
1,917,"P-GP",120,0.154984485744392,0.152583742037048,20,320
1,918,"P-GP",120,0,0.187661336625498,16,280
1,919,"P-GP",120,0.03111128427431,0.130960729732691,19,310
1,920,"P-GP",120,0.015555642137155,0.164287408544025,25,370
1,921,"P-GP",120,0.03111128427431,0.126263605938642,14,260
1,922,"P-GP",120,0.03111128427431,0.114493480919372,22,340
1,923,"P-GP",120,0.03111128427431,0.0812609173252807,25,370
1,924,"P-GP",120,0.847581054605956,0.119476510567277,11,230
1,925,"P-GP",120,0.03111128427431,0.0708188257531257,14,260
1,926,"P-GP",120,0.03111128427431,0.116764665651437,25,370
1,927,"P-GP",120,0,0.147144153095271,17,290
1,928,"P-GP",120,0,0.102070841440895,16,280
1,929,"P-GP",120,0.03111128427431,0.0863940446470218,15,270
1,930,"P-GP",120,0.03111128427431,0.0828523956245902,13,250
1,931,"P-GP",120,0.03111128427431,0.116467647897877,19,310
1,932,"P-GP",120,0.015555642137155,0.147830989731687,16,280
1,933,"P-GP",120,0.03111128427431,0.123469642903212,19,310
1,934,"P-GP",120,0.03111128427431,0.0819126276097028,18,300
1,935,"P-GP",120,0.03111128427431,0.103846381820271,16,280
1,936,"P-GP",120,0.03111128427431,0.0711860598758766,12,240
1,937,"P-GP",120,0.015555642137155,0.206572090719011,17,290
1,938,"P-GP",120,0.146775291687036,0.167469250274017,13,250
1,939,"P-GP",120,0.015555642137155,0.0878618865622186,12,240
1,940,"P-GP",120,0.03111128427431,0.106472940166156,13,250
1,941,"P-GP",120,0.293550583374071,0.561732430734813,18,300
1,942,"P-GP",120,0.03111128427431,0.115476784947215,13,250
1,943,"P-GP",120,0.03111128427431,0.152964583398321,13,250
1,944,"P-GP",120,0.03111128427431,0.0977982716632591,17,290
1,945,"P-GP",120,0,0.133031768040359,22,340
1,946,"P-GP",120,0,0.0821311099936306,13,250
1,947,"P-GP",120,0.03111128427431,0.240539877954099,12,240
1,948,"P-GP",120,0.015555642137155,0.124650996211246,21,330
1,949,"P-GP",120,0.015555642137155,0.11490748076716,16,280
1,950,"P-GP",120,0.03111128427431,0.0715320828295115,16,280
1,951,"P-GP",120,0.03111128427431,0.130225862368003,13,250
1,952,"P-GP",120,0.03111128427431,0.0942159627895252,25,370
1,953,"P-GP",120,0.146775291687036,0.182561943102448,19,310
1,954,"P-GP",120,0.170540127881547,0.145442086920504,18,300
1,955,"P-GP",120,0.015555642137155,0.1088126316034,16,280
1,956,"P-GP",120,0.850344151802164,0.118995937410574,11,230
1,957,"P-GP",120,0.03111128427431,0.0749126592087448,16,280
1,958,"P-GP",120,0.03111128427431,0.0682273172182591,14,260
1,959,"P-GP",120,0.015555642137155,0.0934273088702299,17,290
1,960,"P-GP",120,0.03111128427431,0.078058833194566,13,250
1,961,"P-GP",120,0.03111128427431,0.0703478096300553,16,280
1,962,"P-GP",120,0.03111128427431,0.0881855684992891,25,370
1,963,"P-GP",120,0,0.164625193411412,16,280
1,964,"P-GP",120,0.015555642137155,0.148785257467338,18,300
1,965,"P-GP",120,0.03111128427431,0.0881407926283986,19,310
1,966,"P-GP",120,0.154984485744392,0.204310181947538,25,370
1,967,"P-GP",120,0.015555642137155,0.112828173579282,12,240
1,968,"P-GP",120,0.03111128427431,0.183953849391219,13,250
1,969,"P-GP",120,0,0.130740794217055,16,280
1,970,"P-GP",120,0.03111128427431,0.0822006625628802,16,280
1,971,"P-GP",120,0.015555642137155,0.174037697407974,24,360
1,972,"P-GP",120,0.03111128427431,0.0796524460893045,12,240
1,973,"P-GP",120,0.154984485744392,0.441050149170172,13,250
1,974,"P-GP",120,0.03111128427431,0.0816588551772097,14,260
1,975,"P-GP",120,0.03111128427431,0.105182409658804,18,300
1,976,"P-GP",120,0.154984485744392,0.294030143839797,12,240
1,977,"P-GP",120,0.03111128427431,0.924174410667132,10,220
1,978,"P-GP",120,0.03111128427431,0.153529368518523,11,230
1,979,"P-GP",120,0.03111128427431,0.115854801465429,13,250
1,980,"P-GP",120,0.03111128427431,0.126827043828688,18,300
1,981,"P-GP",120,0.015555642137155,0.135114129192155,18,300
1,982,"P-GP",120,0.03111128427431,0.0723786497834973,14,260
1,983,"P-GP",120,0.154984485744392,0.139942701154853,12,240
1,984,"P-GP",120,0,0.228200972314589,25,370
1,985,"P-GP",120,0.015555642137155,0.0884983761836816,12,240
1,986,"P-GP",120,0,0.109990791054201,16,280
1,987,"P-GP",120,0.03111128427431,0.0859540665998419,15,270
1,988,"P-GP",120,0.015555642137155,0.12087378906356,25,370
1,989,"P-GP",120,0.015555642137155,0.105873597894623,12,240
1,990,"P-GP",120,0.03111128427431,0.0906014748722097,12,240
1,991,"P-GP",120,0.03111128427431,0.0839401743017328,25,370
1,992,"P-GP",120,0.03111128427431,0.0779300913051282,11,230
1,993,"P-GP",120,0,0.181251434898528,25,370
1,994,"P-GP",120,0.03111128427431,0.089201920788999,16,280
1,995,"P-GP",120,0.154984485744392,0.211685600035993,19,310
1,996,"P-GP",120,0.03111128427431,0.0941653644759856,18,300
1,997,"P-GP",120,0.015555642137155,0.184172887402931,25,370
1,998,"P-GP",120,0.03111128427431,0.0761753511800265,18,300
1,999,"P-GP",120,0.03111128427431,0.091467763979447,25,370
1,1000,"P-GP",120,0.015555642137155,0.127292978067316,17,290
1,1,"S-GP",120,0.03111128427431,0.0674819210866107,13,250
1,2,"S-GP",120,0.03111128427431,0.0830911914514428,20,320
1,3,"S-GP",120,0.03111128427431,0.0923878041570454,14,260
1,4,"S-GP",120,0.03111128427431,0.0725441829958949,12,240
1,5,"S-GP",120,0.03111128427431,0.164699137589836,18,300
1,6,"S-GP",120,0.03111128427431,0.108058873538705,12,240
1,7,"S-GP",120,0.03111128427431,0.0676905080793144,17,290
1,8,"S-GP",120,0.03111128427431,0.0755320457959358,25,370
1,9,"S-GP",120,0.03111128427431,0.0639005980438089,22,340
1,10,"S-GP",120,0.03111128427431,0.0793203224740127,15,270
1,11,"S-GP",120,0.03111128427431,0.0773917951662404,13,250
1,12,"S-GP",120,0.03111128427431,0.0751873448683459,25,370
1,13,"S-GP",120,0.03111128427431,0.0920235634772125,19,310
1,14,"S-GP",120,0.154984485744392,0.693750992774691,10,220
1,15,"S-GP",120,0.03111128427431,0.11905081594336,15,270
1,16,"S-GP",120,0.03111128427431,0.114133175647801,14,260
1,17,"S-GP",120,0.03111128427431,0.0816580497643194,16,280
1,18,"S-GP",120,0.03111128427431,0.0849126562900924,19,310
1,19,"S-GP",120,0.03111128427431,0.076287307658299,20,320
1,20,"S-GP",120,0.03111128427431,0.0529153183623277,12,240
1,21,"S-GP",120,0.03111128427431,0.0880357669583581,23,350
1,22,"S-GP",120,0.03111128427431,0.0695067042195654,12,240
1,23,"S-GP",120,0.03111128427431,0.070901800635786,14,260
1,24,"S-GP",120,0.03111128427431,0.0884909324240559,25,370
1,25,"S-GP",120,0.03111128427431,0.0543044744890865,14,260
1,26,"S-GP",120,0.03111128427431,0.12931294417112,18,300
1,27,"S-GP",120,0.03111128427431,0.0661337922026396,17,290
1,28,"S-GP",120,0.03111128427431,0.0908221664387876,14,260
1,29,"S-GP",120,0.154984485744392,0.195069069926484,22,340
1,30,"S-GP",120,0.03111128427431,0.0693321355825021,14,260
1,31,"S-GP",120,0.03111128427431,0.105269782435464,12,240
1,32,"S-GP",120,0.850344151802164,0.16882994843648,10,220
1,33,"S-GP",120,0.03111128427431,0.109657429695779,15,270
1,34,"S-GP",120,0.03111128427431,0.0678120520455691,14,260
1,35,"S-GP",120,0.03111128427431,0.0724441001443236,19,310
1,36,"S-GP",120,0.03111128427431,0.26414439648118,12,240
1,37,"S-GP",120,0.03111128427431,0.0664525470649397,19,310
1,38,"S-GP",120,0.03111128427431,0.0958169521614739,24,360
1,39,"S-GP",120,0.03111128427431,0.082730534112549,17,290
1,40,"S-GP",120,0.03111128427431,0.0776033112831861,19,310
1,41,"S-GP",120,0.03111128427431,0.0989044459645842,21,330
1,42,"S-GP",120,0.03111128427431,0.0977442747120619,19,310
1,43,"S-GP",120,0.03111128427431,0.101943411157785,15,270
1,44,"S-GP",120,0.03111128427431,0.0591559422862103,25,370
1,45,"S-GP",120,0.03111128427431,0.0649172071925597,16,280
1,46,"S-GP",120,0.154984485744392,0.170170986568735,14,260
1,47,"S-GP",120,0.03111128427431,0.115863777867018,18,300
1,48,"S-GP",120,0.03111128427431,0.0550430891051822,14,260
1,49,"S-GP",120,0.03111128427431,0.0884427992719093,18,300
1,50,"S-GP",120,0.03111128427431,0.102577282111487,13,250
1,51,"S-GP",120,0.03111128427431,0.0670685747988887,21,330
1,52,"S-GP",120,0.03111128427431,0.124134811349903,25,370
1,53,"S-GP",120,0.03111128427431,0.108632766501107,19,310
1,54,"S-GP",120,0.03111128427431,0.100488234404643,13,250
1,55,"S-GP",120,0.03111128427431,0.0991780399711184,19,310
1,56,"S-GP",120,0.154984485744392,0.180064202378383,18,300
1,57,"S-GP",120,0.03111128427431,0.0984190407588828,12,240
1,58,"S-GP",120,0.03111128427431,0.12227217114571,18,300
1,59,"S-GP",120,0.03111128427431,0.0683162841774276,11,230
1,60,"S-GP",120,0.03111128427431,0.0585379695832494,14,260
1,61,"S-GP",120,0.03111128427431,0.0790259382797948,16,280
1,62,"S-GP",120,0.154984485744392,0.171403039185722,15,270
1,63,"S-GP",120,0.03111128427431,0.117445365943862,25,370
1,64,"S-GP",120,0.03111128427431,0.064366732203732,20,320
1,65,"S-GP",120,0.154984485744392,0.730131326141505,11,230
1,66,"S-GP",120,0.03111128427431,0.0532943959524561,18,300
1,67,"S-GP",120,0.03111128427431,0.0678642792592033,12,240
1,68,"S-GP",120,0.154984485744392,0.174359629737869,17,290
1,69,"S-GP",120,0.03111128427431,0.0912176336877742,19,310
1,70,"S-GP",120,0.03111128427431,0.0627772416797123,16,280
1,71,"S-GP",120,0.03111128427431,0.0772473973318292,23,350
1,72,"S-GP",120,0.928975040051745,0.131783491858174,10,220
1,73,"S-GP",120,0.154984485744392,0.178180094810747,13,250
1,74,"S-GP",120,0.154984485744392,0.191320582855532,17,290
1,75,"S-GP",120,0.154984485744392,0.512498198295565,16,280
1,76,"S-GP",120,0.154984485744392,0.184896420204934,13,250
1,77,"S-GP",120,0.03111128427431,0.109839026515122,15,270
1,78,"S-GP",120,0.03111128427431,0.206150312751864,12,240
1,79,"S-GP",120,0.03111128427431,0.113060240229719,11,230
1,80,"S-GP",120,0.928975040051745,0.125498691056989,11,230
1,81,"S-GP",120,0.03111128427431,0.0825403500428092,25,370
1,82,"S-GP",120,0.03111128427431,0.117657822238708,18,300
1,83,"S-GP",120,0.03111128427431,0.253150196557652,11,230
1,84,"S-GP",120,0.03111128427431,0.108104493947969,18,300
1,85,"S-GP",120,0.154984485744392,0.192312112216251,25,370
1,86,"S-GP",120,0.03111128427431,0.0610762947429592,15,270
1,87,"S-GP",120,0.03111128427431,0.109231704396084,25,370
1,88,"S-GP",120,0.154984485744392,0.170100154748138,17,290
1,89,"S-GP",120,0.03111128427431,0.0588520334299269,19,310
1,90,"S-GP",120,0.03111128427431,0.119073665084857,18,300
1,91,"S-GP",120,0.03111128427431,0.14797009614898,14,260
1,92,"S-GP",120,0.03111128427431,0.0895350289456522,12,240
1,93,"S-GP",120,0.154984485744392,0.200526694133372,25,370
1,94,"S-GP",120,0.03111128427431,0.0687729541188658,17,290
1,95,"S-GP",120,0.154984485744392,0.163325414005897,13,250
1,96,"S-GP",120,0.03111128427431,0.0863482840951209,23,350
1,97,"S-GP",120,0.03111128427431,0.0726978491672095,19,310
1,98,"S-GP",120,0.03111128427431,0.120023511264611,15,270
1,99,"S-GP",120,0.154984485744392,0.323187649932079,17,290
1,100,"S-GP",120,0.03111128427431,0.0543943167570625,17,290
1,101,"S-GP",120,0.154984485744392,0.171766755873859,12,240
1,102,"S-GP",120,0.03111128427431,0.0615425947710752,16,280
1,103,"S-GP",120,0.154984485744392,0.208191482030532,25,370
1,104,"S-GP",120,0.03111128427431,0.073321473210424,19,310
1,105,"S-GP",120,0.03111128427431,0.120957088742568,21,330
1,106,"S-GP",120,0.03111128427431,0.11390499308304,25,370
1,107,"S-GP",120,0.03111128427431,0.0549331842437349,14,260
1,108,"S-GP",120,0.03111128427431,0.0711519968026778,20,320
1,109,"S-GP",120,0.154984485744392,0.17427532843618,21,330
1,110,"S-GP",120,0.03111128427431,0.0739544324673632,25,370
1,111,"S-GP",120,0.154984485744392,0.164099738043988,12,240
1,112,"S-GP",120,0.03111128427431,0.112263724931509,15,270
1,113,"S-GP",120,0.03111128427431,0.0613322757807767,15,270
1,114,"S-GP",120,0.03111128427431,0.0845028700315349,17,290
1,115,"S-GP",120,0.154984485744392,0.186253164572422,18,300
1,116,"S-GP",120,0.154984485744392,0.194716672125064,21,330
1,117,"S-GP",120,0.03111128427431,0.114808337585439,11,230
1,118,"S-GP",120,0.03111128427431,0.0636562409057224,14,260
1,119,"S-GP",120,0.154984485744392,0.172868159287353,20,320
1,120,"S-GP",120,0.03111128427431,0.112046008453342,13,250
1,121,"S-GP",120,0.03111128427431,0.0763074377740921,15,270
1,122,"S-GP",120,0.03111128427431,0.0563349646126505,16,280
1,123,"S-GP",120,0.03111128427431,0.147743460118001,12,240
1,124,"S-GP",120,0.03111128427431,0.0662735017241409,19,310
1,125,"S-GP",120,0.154984485744392,0.18724707327137,17,290
1,126,"S-GP",120,0.03111128427431,0.0597259725027728,16,280
1,127,"S-GP",120,0.03111128427431,0.0591700017008544,13,250
1,128,"S-GP",120,0.154984485744392,0.177318067715509,18,300
1,129,"S-GP",120,0.03111128427431,0.146327474191786,20,320
1,130,"S-GP",120,0.154984485744392,0.273382089972099,11,230
1,131,"S-GP",120,0.03111128427431,0.0810219133973145,17,290
1,132,"S-GP",120,0.154984485744392,0.201317218273441,18,300
1,133,"S-GP",120,0.154984485744392,0.172974943824208,25,370
1,134,"S-GP",120,0.03111128427431,0.0872120351393788,25,370
1,135,"S-GP",120,0.03111128427431,0.0591309848735511,14,260
1,136,"S-GP",120,0.03111128427431,0.11188380484543,13,250
1,137,"S-GP",120,0.03111128427431,0.074734309509304,19,310
1,138,"S-GP",120,0.850344151802164,0.170385982769129,11,230
1,139,"S-GP",120,0.03111128427431,0.0921841149524326,11,230
1,140,"S-GP",120,0.03111128427431,0.10868234109061,11,230
1,141,"S-GP",120,0.03111128427431,0.077328812859277,15,270
1,142,"S-GP",120,0.154984485744392,0.171788680583468,12,240
1,143,"S-GP",120,0.03111128427431,0.0975699142059983,14,260
1,144,"S-GP",120,0.03111128427431,0.0814695019731102,15,270
1,145,"S-GP",120,0.154984485744392,0.198242799199653,25,370
1,146,"S-GP",120,0.03111128427431,0.306671489151314,10,220
1,147,"S-GP",120,0.03111128427431,0.0696885879203694,14,260
1,148,"S-GP",120,0.03111128427431,0.0701780138066333,20,320
1,149,"S-GP",120,0.154984485744392,0.171938776170902,16,280
1,150,"S-GP",120,0.03111128427431,0.0694176887130664,25,370
1,151,"S-GP",120,0.03111128427431,0.104033032900485,13,250
1,152,"S-GP",120,0.03111128427431,0.158594074349349,13,250
1,153,"S-GP",120,0.03111128427431,0.0807702552491463,25,370
1,154,"S-GP",120,0.03111128427431,0.140593547037779,25,370
1,155,"S-GP",120,0.154984485744392,0.191293678839834,16,280
1,156,"S-GP",120,0.03111128427431,0.0728360227842436,19,310
1,157,"S-GP",120,0.03111128427431,0.0750645416583071,17,290
1,158,"S-GP",120,0.03111128427431,0.196604308556392,11,230
1,159,"S-GP",120,0.03111128427431,0.084407172242663,16,280
1,160,"S-GP",120,0.03111128427431,0.0834942164471281,12,240
1,161,"S-GP",120,0.03111128427431,0.114027306003444,13,250
1,162,"S-GP",120,0.03111128427431,0.110412768768978,18,300
1,163,"S-GP",120,0.03111128427431,0.13802640306959,25,370
1,164,"S-GP",120,0.03111128427431,0.0922876025303745,21,330
1,165,"S-GP",120,0.03111128427431,0.0569707287264375,12,240
1,166,"S-GP",120,0.03111128427431,0.0908760958416186,17,290
1,167,"S-GP",120,0.03111128427431,0.0875910576824485,19,310
1,168,"S-GP",120,0.03111128427431,0.149012020218674,12,240
1,169,"S-GP",120,0.03111128427431,0.120852787688211,19,310
1,170,"S-GP",120,0.03111128427431,0.117950131803918,19,310
1,171,"S-GP",120,0.03111128427431,0.126904888876103,19,310
1,172,"S-GP",120,0.03111128427431,0.0731493579088724,20,320
1,173,"S-GP",120,0.03111128427431,0.0609088585742471,16,280
1,174,"S-GP",120,0.154984485744392,0.175966094449517,22,340
1,175,"S-GP",120,0.03111128427431,0.150240594606625,18,300
1,176,"S-GP",120,0.154984485744392,0.170617518385698,17,290
1,177,"S-GP",120,0.154984485744392,0.185238363664136,25,370
1,178,"S-GP",120,0.03111128427431,0.0604015481134626,14,260
1,179,"S-GP",120,0.03111128427431,0.167252559195501,16,280
1,180,"S-GP",120,0.03111128427431,0.0851822676367771,25,370
1,181,"S-GP",120,0.154984485744392,0.168095165021883,13,250
1,182,"S-GP",120,0.03111128427431,0.050655619205473,14,260
1,183,"S-GP",120,0.03111128427431,0.117119506757114,18,300
1,184,"S-GP",120,0.03111128427431,0.0613767367140349,13,250
1,185,"S-GP",120,0.03111128427431,0.147571510833376,12,240
1,186,"S-GP",120,0.03111128427431,0.145424885648426,12,240
1,187,"S-GP",120,0.154984485744392,0.200427428791255,17,290
1,188,"S-GP",120,0.03111128427431,0.0680149526849938,25,370
1,189,"S-GP",120,0.03111128427431,0.0925458093319862,19,310
1,190,"S-GP",120,0.03111128427431,0.0652571656872529,14,260
1,191,"S-GP",120,0.03111128427431,0.0626008628591013,16,280
1,192,"S-GP",120,0.154984485744392,0.17206722131993,13,250
1,193,"S-GP",120,0.03111128427431,0.0985348134312999,25,370
1,194,"S-GP",120,0.03111128427431,0.0607884410965497,14,260
1,195,"S-GP",120,0.03111128427431,0.0945247292249553,20,320
1,196,"S-GP",120,0.03111128427431,0.106152997200199,13,250
1,197,"S-GP",120,0.154984485744392,0.173240399705235,25,370
1,198,"S-GP",120,0.03111128427431,0.0948212896965275,20,320
1,199,"S-GP",120,0.03111128427431,0.141282436984353,18,300
1,200,"S-GP",120,0.03111128427431,0.121708575346921,25,370
1,201,"S-GP",120,0.03111128427431,0.0659784347309946,15,270
1,202,"S-GP",120,0.03111128427431,0.126166629786122,13,250
1,203,"S-GP",120,0.03111128427431,0.0879275353895977,22,340
1,204,"S-GP",120,0.03111128427431,0.0900379803822664,25,370
1,205,"S-GP",120,0.03111128427431,0.0548241041492472,13,250
1,206,"S-GP",120,0.154984485744392,0.17354427666475,13,250
1,207,"S-GP",120,0.03111128427431,0.0970868310527332,13,250
1,208,"S-GP",120,0.03111128427431,0.124280519623271,16,280
1,209,"S-GP",120,0.154984485744392,0.187067003944437,16,280
1,210,"S-GP",120,0.154984485744392,0.182961543083266,16,280
1,211,"S-GP",120,0.03111128427431,0.151584047678177,20,320
1,212,"S-GP",120,0.03111128427431,0.0595347956453469,19,310
1,213,"S-GP",120,0.03111128427431,0.0730053293315777,12,240
1,214,"S-GP",120,0.03111128427431,0.105138060461028,25,370
1,215,"S-GP",120,0.03111128427431,0.0756849449573049,18,300
1,216,"S-GP",120,0.03111128427431,0.0829339921430968,21,330
1,217,"S-GP",120,0.03111128427431,0.111621703817328,19,310
1,218,"S-GP",120,0.03111128427431,0.118571919177105,17,290
1,219,"S-GP",120,0.03111128427431,0.136418128849485,20,320
1,220,"S-GP",120,0.154984485744392,0.182834182446542,20,320
1,221,"S-GP",120,0.03111128427431,0.0893723913917731,15,270
1,222,"S-GP",120,0.03111128427431,0.0643746385344929,15,270
1,223,"S-GP",120,0.03111128427431,0.0692011202950121,12,240
1,224,"S-GP",120,0.03111128427431,0.0776794670676158,14,260
1,225,"S-GP",120,0.03111128427431,0.252577901616359,18,300
1,226,"S-GP",120,0.03111128427431,0.198740314705886,21,330
1,227,"S-GP",120,0.03111128427431,0.16736940233456,22,340
1,228,"S-GP",120,0.03111128427431,0.0604028636083545,20,320
1,229,"S-GP",120,0.03111128427431,0.0662238266921273,13,250
1,230,"S-GP",120,0.03111128427431,0.100686683769456,12,240
1,231,"S-GP",120,0.03111128427431,0.062196211238015,13,250
1,232,"S-GP",120,0.154984485744392,0.168850275152204,18,300
1,233,"S-GP",120,0.03111128427431,0.0691887244613216,20,320
1,234,"S-GP",120,0.03111128427431,0.0971540499508978,17,290
1,235,"S-GP",120,0.03111128427431,0.15098605453354,17,290
1,236,"S-GP",120,0.03111128427431,0.102333280298808,16,280
1,237,"S-GP",120,0.03111128427431,0.0730746203819874,13,250
1,238,"S-GP",120,0.03111128427431,0.0639812042250669,13,250
1,239,"S-GP",120,0.03111128427431,0.202796179790224,25,370
1,240,"S-GP",120,0.03111128427431,0.169536315040775,18,300
1,241,"S-GP",120,0.03111128427431,0.0931946710975302,12,240
1,242,"S-GP",120,0.03111128427431,0.0728970170774213,13,250
1,243,"S-GP",120,0.03111128427431,0.116445248202714,15,270
1,244,"S-GP",120,0.03111128427431,0.0658428663163876,17,290
1,245,"S-GP",120,0.03111128427431,0.069171931485656,12,240
1,246,"S-GP",120,0.850344151802164,0.169227069377979,9,210
1,247,"S-GP",120,0.03111128427431,0.108992810217112,13,250
1,248,"S-GP",120,0.154984485744392,0.188391043518512,18,300
1,249,"S-GP",120,0.03111128427431,0.0676538612483654,13,250
1,250,"S-GP",120,0.03111128427431,0.0712728012373174,14,260
1,251,"S-GP",120,0.03111128427431,0.0675683009665954,18,300
1,252,"S-GP",120,0.928975040051745,0.0899436251121636,11,230
1,253,"S-GP",120,0.03111128427431,0.141901696135794,11,230
1,254,"S-GP",120,0.03111128427431,0.0697151658565107,19,310
1,255,"S-GP",120,0.03111128427431,0.115553626553571,19,310
1,256,"S-GP",120,0.03111128427431,0.155912294663752,19,310
1,257,"S-GP",120,0.03111128427431,0.0653978323902256,19,310
1,258,"S-GP",120,0.03111128427431,0.0640517513461348,15,270
1,259,"S-GP",120,0.03111128427431,0.190674694643773,12,240
1,260,"S-GP",120,0.03111128427431,0.0664011636004968,16,280
1,261,"S-GP",120,0.03111128427431,0.0643294956412455,25,370
1,262,"S-GP",120,0.03111128427431,0.0760574954761196,14,260
1,263,"S-GP",120,0.03111128427431,0.103937744832702,17,290
1,264,"S-GP",120,0.154984485744392,0.174987571587578,13,250
1,265,"S-GP",120,0.154984485744392,0.168612595187781,16,280
1,266,"S-GP",120,0.03111128427431,0.118440365679266,17,290
1,267,"S-GP",120,0.03111128427431,0.0729970150714195,14,260
1,268,"S-GP",120,0.03111128427431,0.0887052703656359,19,310
1,269,"S-GP",120,0.03111128427431,0.0753633106783549,13,250
1,270,"S-GP",120,0.03111128427431,0.0625123226103092,11,230
1,271,"S-GP",120,0.03111128427431,0.0975698269687502,18,300
1,272,"S-GP",120,0.03111128427431,0.0894730036850901,13,250
1,273,"S-GP",120,0.154984485744392,0.178358525120095,25,370
1,274,"S-GP",120,0.03111128427431,0.0832086987534965,14,260
1,275,"S-GP",120,0.03111128427431,0.0655918032824061,19,310
1,276,"S-GP",120,0.03111128427431,0.107671717875122,19,310
1,277,"S-GP",120,0.03111128427431,0.12858561892665,13,250
1,278,"S-GP",120,0.850344151802164,0.171959262746737,11,230
1,279,"S-GP",120,0.03111128427431,0.0612969771711509,13,250
1,280,"S-GP",120,0.03111128427431,0.30661318531188,11,230
1,281,"S-GP",120,0.03111128427431,0.0807647072821393,18,300
1,282,"S-GP",120,0.03111128427431,0.119228849967327,12,240
1,283,"S-GP",120,0.03111128427431,0.0765326829553556,16,280
1,284,"S-GP",120,0.154984485744392,0.180157880723739,20,320
1,285,"S-GP",120,0.03111128427431,0.0726563706675141,13,250
1,286,"S-GP",120,0.03111128427431,0.105957039036606,10,220
1,287,"S-GP",120,0.03111128427431,0.0634268363605767,15,270
1,288,"S-GP",120,0.03111128427431,0.0835474739374796,25,370
1,289,"S-GP",120,0.03111128427431,0.0636883434618297,17,290
1,290,"S-GP",120,0.03111128427431,0.144627088960906,12,240
1,291,"S-GP",120,0.03111128427431,0.080584850426549,25,370
1,292,"S-GP",120,0.03111128427431,0.0757342482112468,20,320
1,293,"S-GP",120,0.154984485744392,0.179807631006931,15,270
1,294,"S-GP",120,0.03111128427431,0.0870505779335443,17,290
1,295,"S-GP",120,0.154984485744392,0.18330659883884,13,250
1,296,"S-GP",120,0.03111128427431,0.086470462703222,12,240
1,297,"S-GP",120,0.154984485744392,0.176935703766421,18,300
1,298,"S-GP",120,0.03111128427431,0.0945761958866401,12,240
1,299,"S-GP",120,0.03111128427431,0.0874799745610561,14,260
1,300,"S-GP",120,0.03111128427431,0.35735958801637,13,250
1,301,"S-GP",120,0.03111128427431,0.145911857205546,18,300
1,302,"S-GP",120,0.03111128427431,0.082065861527049,20,320
1,303,"S-GP",120,0.154984485744392,0.208771158486839,19,310
1,304,"S-GP",120,0.03111128427431,0.103831091131957,14,260
1,305,"S-GP",120,0.03111128427431,0.0823966850814947,17,290
1,306,"S-GP",120,0.03111128427431,0.175954664241306,11,230
1,307,"S-GP",120,0.03111128427431,0.278913110563462,12,240
1,308,"S-GP",120,0.03111128427431,0.054386491001161,14,260
1,309,"S-GP",120,0.154984485744392,0.490777907962204,13,250
1,310,"S-GP",120,0.03111128427431,0.0707989412598969,16,280
1,311,"S-GP",120,0.03111128427431,0.0688508321708186,21,330
1,312,"S-GP",120,0.154984485744392,0.180489820997171,19,310
1,313,"S-GP",120,0.03111128427431,0.070731998227612,18,300
1,314,"S-GP",120,0.154984485744392,0.191462293989575,21,330
1,315,"S-GP",120,0.03111128427431,0.0698048074524966,15,270
1,316,"S-GP",120,0.03111128427431,0.0882400663380058,25,370
1,317,"S-GP",120,0.03111128427431,0.0688828927547745,17,290
1,318,"S-GP",120,0.03111128427431,0.127148728452647,12,240
1,319,"S-GP",120,0.03111128427431,0.075969853000336,12,240
1,320,"S-GP",120,0.03111128427431,0.1434655648657,12,240
1,321,"S-GP",120,0.03111128427431,0.0757762368964734,17,290
1,322,"S-GP",120,0.03111128427431,0.0945733849614052,19,310
1,323,"S-GP",120,0.03111128427431,0.081523227626245,19,310
1,324,"S-GP",120,0.03111128427431,0.0804606404484627,18,300
1,325,"S-GP",120,0.03111128427431,0.189095282134454,12,240
1,326,"S-GP",120,0.03111128427431,0.0919810723852527,14,260
1,327,"S-GP",120,0.03111128427431,0.0808418356359231,13,250
1,328,"S-GP",120,0.03111128427431,0.0838072457522018,25,370
1,329,"S-GP",120,0.928975040051745,0.0963140084887848,12,240
1,330,"S-GP",120,0.154984485744392,0.173494248207993,16,280
1,331,"S-GP",120,0.03111128427431,0.0720585097406451,14,260
1,332,"S-GP",120,0.03111128427431,0.11144100674615,13,250
1,333,"S-GP",120,0.03111128427431,0.0805788007011358,19,310
1,334,"S-GP",120,0.03111128427431,0.0586106087585118,15,270
1,335,"S-GP",120,0.03111128427431,0.0721040763521627,11,230
1,336,"S-GP",120,0.850344151802164,0.16925018213152,11,230
1,337,"S-GP",120,0.03111128427431,0.150844525305723,21,330
1,338,"S-GP",120,0.03111128427431,0.0849893740186303,15,270
1,339,"S-GP",120,0.154984485744392,0.165782470848434,13,250
1,340,"S-GP",120,0.03111128427431,0.102435887754559,18,300
1,341,"S-GP",120,0.03111128427431,0.0779153965775706,25,370
1,342,"S-GP",120,0.03111128427431,0.0552720852664046,18,300
1,343,"S-GP",120,0.03111128427431,0.0776880918432765,20,320
1,344,"S-GP",120,0.154984485744392,0.174338349949087,18,300
1,345,"S-GP",120,0.03111128427431,0.10616157526169,12,240
1,346,"S-GP",120,0.03111128427431,0.0639042631263342,14,260
1,347,"S-GP",120,0.03111128427431,0.140984584492625,14,260
1,348,"S-GP",120,0.03111128427431,0.0691288466795609,22,340
1,349,"S-GP",120,0.154984485744392,0.170855884273713,17,290
1,350,"S-GP",120,0.03111128427431,0.0752166263366867,13,250
1,351,"S-GP",120,0.154984485744392,0.172833093164713,13,250
1,352,"S-GP",120,0.154984485744392,0.175414493336566,20,320
1,353,"S-GP",120,0.154984485744392,0.203801261442438,22,340
1,354,"S-GP",120,0.154984485744392,0.189832126715877,25,370
1,355,"S-GP",120,0.03111128427431,0.0792965885490342,20,320
1,356,"S-GP",120,0.03111128427431,0.0564093495420419,18,300
1,357,"S-GP",120,0.03111128427431,0.0977935520114312,13,250
1,358,"S-GP",120,0.154984485744392,0.170050054873984,12,240
1,359,"S-GP",120,0.03111128427431,0.0895258769236243,18,300
1,360,"S-GP",120,0.03111128427431,0.0523768110545139,14,260
1,361,"S-GP",120,0.03111128427431,0.068311011284003,19,310
1,362,"S-GP",120,0.154984485744392,0.179111358332427,25,370
1,363,"S-GP",120,0.03111128427431,0.0664315684593,19,310
1,364,"S-GP",120,0.154984485744392,0.195036650755302,21,330
1,365,"S-GP",120,0.03111128427431,0.0957779816551433,12,240
1,366,"S-GP",120,0.03111128427431,0.239390841016823,12,240
1,367,"S-GP",120,0.03111128427431,0.113633474641115,18,300
1,368,"S-GP",120,0.850344151802164,0.166683596435421,11,230
1,369,"S-GP",120,0.03111128427431,0.123698469484318,18,300
1,370,"S-GP",120,0.03111128427431,0.0954418727126078,20,320
1,371,"S-GP",120,0.03111128427431,0.0952798815401658,13,250
1,372,"S-GP",120,0.03111128427431,0.0684874602303112,13,250
1,373,"S-GP",120,0.154984485744392,0.185323201124174,19,310
1,374,"S-GP",120,0.154984485744392,0.176936996502042,14,260
1,375,"S-GP",120,0.03111128427431,0.105205236709123,20,320
1,376,"S-GP",120,0.928975040051745,0.313140969432369,9,210
1,377,"S-GP",120,0.03111128427431,0.100369462593683,13,250
1,378,"S-GP",120,0.03111128427431,0.161119173387575,12,240
1,379,"S-GP",120,0.03111128427431,0.049726259651467,14,260
1,380,"S-GP",120,0.03111128427431,0.0991992467020795,12,240
1,381,"S-GP",120,0.03111128427431,0.103216315995424,20,320
1,382,"S-GP",120,0.03111128427431,0.0657412961474147,16,280
1,383,"S-GP",120,0.850344151802164,0.184107154947194,9,210
1,384,"S-GP",120,0.03111128427431,0.0789468798035065,16,280
1,385,"S-GP",120,0.03111128427431,0.0598467644700504,14,260
1,386,"S-GP",120,0.03111128427431,0.0845705914487832,19,310
1,387,"S-GP",120,0.03111128427431,0.0718208892378618,12,240
1,388,"S-GP",120,0.03111128427431,0.0637090572912153,14,260
1,389,"S-GP",120,0.03111128427431,0.0688396420924641,18,300
1,390,"S-GP",120,0.154984485744392,0.285526364520764,20,320
1,391,"S-GP",120,0.03111128427431,0.0753701724191834,17,290
1,392,"S-GP",120,0.03111128427431,0.0971909420269794,18,300
1,393,"S-GP",120,0.03111128427431,0.112971438926105,18,300
1,394,"S-GP",120,0.03111128427431,0.0646926617673531,13,250
1,395,"S-GP",120,0.03111128427431,0.115238861813469,16,280
1,396,"S-GP",120,0.03111128427431,0.0651361720583718,18,300
1,397,"S-GP",120,0.03111128427431,0.0672289203713951,25,370
1,398,"S-GP",120,0.03111128427431,0.0708390264480669,21,330
1,399,"S-GP",120,0.03111128427431,0.0635050002159483,13,250
1,400,"S-GP",120,0.03111128427431,0.0767188195738251,14,260
1,401,"S-GP",120,0.154984485744392,0.174277145156913,12,240
1,402,"S-GP",120,0.03111128427431,0.0737717411101136,17,290
1,403,"S-GP",120,0.03111128427431,0.0621256032945722,17,290
1,404,"S-GP",120,0.03111128427431,0.115152638561116,17,290
1,405,"S-GP",120,0.03111128427431,0.121160352375964,14,260
1,406,"S-GP",120,0.928975040051745,0.104478600547826,9,210
1,407,"S-GP",120,0.03111128427431,0.105348031477749,14,260
1,408,"S-GP",120,0.154984485744392,0.16858001998166,14,260
1,409,"S-GP",120,0.03111128427431,0.0619434673705991,17,290
1,410,"S-GP",120,0.03111128427431,0.0976618885102609,13,250
1,411,"S-GP",120,0.154984485744392,0.173528403915297,14,260
1,412,"S-GP",120,0.154984485744392,0.190260997711003,15,270
1,413,"S-GP",120,0.03111128427431,0.0583467445250965,14,260
1,414,"S-GP",120,0.154984485744392,0.165648717676343,13,250
1,415,"S-GP",120,0.03111128427431,0.107039712271526,11,230
1,416,"S-GP",120,0.03111128427431,0.0950235604783445,20,320
1,417,"S-GP",120,0.03111128427431,0.10454575248382,25,370
1,418,"S-GP",120,0.03111128427431,0.122744527172576,11,230
1,419,"S-GP",120,0.154984485744392,0.166862629173821,13,250
1,420,"S-GP",120,0.03111128427431,0.0684106015582708,12,240
1,421,"S-GP",120,0.154984485744392,0.188444125734361,17,290
1,422,"S-GP",120,0.154984485744392,0.250729233611243,12,240
1,423,"S-GP",120,0.03111128427431,0.0844546439767603,16,280
1,424,"S-GP",120,0.154984485744392,0.723438820563794,11,230
1,425,"S-GP",120,0.03111128427431,0.0623123897825431,15,270
1,426,"S-GP",120,0.03111128427431,0.0737349436853617,13,250
1,427,"S-GP",120,0.03111128427431,0.0600926633287349,14,260
1,428,"S-GP",120,0.154984485744392,0.240110502505147,17,290
1,429,"S-GP",120,0.03111128427431,0.126793371554455,13,250
1,430,"S-GP",120,0.03111128427431,0.0894212257547488,18,300
1,431,"S-GP",120,0.03111128427431,0.075797193882995,14,260
1,432,"S-GP",120,0.03111128427431,0.15699130972027,17,290
1,433,"S-GP",120,0.03111128427431,0.0866320861970245,14,260
1,434,"S-GP",120,0.154984485744392,0.182696310368753,18,300
1,435,"S-GP",120,0.154984485744392,0.170415203288841,16,280
1,436,"S-GP",120,0.928975040051745,0.134648728582076,9,210
1,437,"S-GP",120,0.03111128427431,0.0770116949690276,20,320
1,438,"S-GP",120,0.03111128427431,0.0819120502628524,18,300
1,439,"S-GP",120,0.03111128427431,0.130923575082722,19,310
1,440,"S-GP",120,0.154984485744392,0.166048798478072,17,290
1,441,"S-GP",120,0.03111128427431,0.0957781204659623,18,300
1,442,"S-GP",120,0.03111128427431,0.103601914564947,22,340
1,443,"S-GP",120,0.03111128427431,0.0679660085907865,20,320
1,444,"S-GP",120,0.03111128427431,0.0798190114803884,17,290
1,445,"S-GP",120,0.03111128427431,0.058903979151025,21,330
1,446,"S-GP",120,0.03111128427431,0.0847901867117139,14,260
1,447,"S-GP",120,0.03111128427431,0.132974252962222,12,240
1,448,"S-GP",120,0.03111128427431,0.0761701199318539,12,240
1,449,"S-GP",120,0.154984485744392,0.176351246105774,18,300
1,450,"S-GP",120,0.154984485744392,0.168336545558609,13,250
1,451,"S-GP",120,0.154984485744392,0.197906712798628,21,330
1,452,"S-GP",120,0.03111128427431,0.117631325819031,10,220
1,453,"S-GP",120,0.154984485744392,0.183002707976909,13,250
1,454,"S-GP",120,0.03111128427431,0.15617962951544,23,350
1,455,"S-GP",120,0.154984485744392,0.184851832825312,21,330
1,456,"S-GP",120,0.03111128427431,0.0840073653580307,19,310
1,457,"S-GP",120,0.03111128427431,0.0629742258823136,13,250
1,458,"S-GP",120,0.03111128427431,0.0922818663255393,17,290
1,459,"S-GP",120,0.03111128427431,0.125917036917872,23,350
1,460,"S-GP",120,0.03111128427431,0.061080360844335,13,250
1,461,"S-GP",120,0.03111128427431,0.0890450210254027,18,300
1,462,"S-GP",120,0.154984485744392,0.186165590070582,22,340
1,463,"S-GP",120,0.03111128427431,0.12163213401279,17,290
1,464,"S-GP",120,0.03111128427431,0.0764674774110969,14,260
1,465,"S-GP",120,0.03111128427431,0.0604587977328003,19,310
1,466,"S-GP",120,0.03111128427431,0.0731749178840159,19,310
1,467,"S-GP",120,0.03111128427431,0.0658380368143657,18,300
1,468,"S-GP",120,0.154984485744392,0.184417642082336,25,370
1,469,"S-GP",120,0.03111128427431,0.0887022681721514,11,230
1,470,"S-GP",120,0.03111128427431,0.107819985391672,19,310
1,471,"S-GP",120,0.03111128427431,0.0648383009256666,20,320
1,472,"S-GP",120,0.03111128427431,0.142438671299415,13,250
1,473,"S-GP",120,0.154984485744392,0.231738131829072,15,270
1,474,"S-GP",120,0.03111128427431,0.0510991109251142,15,270
1,475,"S-GP",120,0.03111128427431,0.146492636700345,12,240
1,476,"S-GP",120,0.154984485744392,0.166451552236755,15,270
1,477,"S-GP",120,0.154984485744392,0.171338508703496,20,320
1,478,"S-GP",120,0.03111128427431,0.0616600859885221,17,290
1,479,"S-GP",120,0.03111128427431,0.0975632451741524,17,290
1,480,"S-GP",120,0.03111128427431,0.0897125349374511,15,270
1,481,"S-GP",120,0.03111128427431,0.151717780300559,21,330
1,482,"S-GP",120,0.03111128427431,0.0788460378043689,12,240
1,483,"S-GP",120,0.03111128427431,0.0598822558659403,16,280
1,484,"S-GP",120,0.03111128427431,0.0742377779324804,13,250
1,485,"S-GP",120,0.03111128427431,0.120265448554245,14,260
1,486,"S-GP",120,0.03111128427431,0.102878950521948,19,310
1,487,"S-GP",120,0.03111128427431,0.122403534227412,15,270
1,488,"S-GP",120,0.03111128427431,0.0726938251154813,16,280
1,489,"S-GP",120,0.03111128427431,0.107018438789108,15,270
1,490,"S-GP",120,0.03111128427431,0.177511673444358,16,280
1,491,"S-GP",120,0.03111128427431,0.0914268385636343,19,310
1,492,"S-GP",120,0.154984485744392,0.202777489719655,20,320
1,493,"S-GP",120,0.03111128427431,0.114467774736037,15,270
1,494,"S-GP",120,0.03111128427431,0.148667502211489,12,240
1,495,"S-GP",120,0.03111128427431,0.0763236330781019,25,370
1,496,"S-GP",120,0.03111128427431,0.0529433991181254,13,250
1,497,"S-GP",120,0.154984485744392,0.177642820618452,25,370
1,498,"S-GP",120,0.03111128427431,0.0711561039948894,15,270
1,499,"S-GP",120,0.154984485744392,0.167721679253758,18,300
1,500,"S-GP",120,0.03111128427431,0.138450389651492,14,260
1,501,"S-GP",120,0.03111128427431,0.0643501856884338,21,330
1,502,"S-GP",120,0.154984485744392,0.36684701682216,15,270
1,503,"S-GP",120,0.03111128427431,0.0723092958441245,12,240
1,504,"S-GP",120,0.03111128427431,0.172640142476871,22,340
1,505,"S-GP",120,0.154984485744392,0.1698929257942,16,280
1,506,"S-GP",120,0.03111128427431,0.116830451410084,15,270
1,507,"S-GP",120,0.154984485744392,0.168863877330496,15,270
1,508,"S-GP",120,0.03111128427431,0.11359051773209,11,230
1,509,"S-GP",120,0.03111128427431,0.0564138244055367,21,330
1,510,"S-GP",120,0.03111128427431,0.0839105859408682,19,310
1,511,"S-GP",120,0.03111128427431,0.116331151272832,13,250
1,512,"S-GP",120,0.03111128427431,0.0637315764682217,20,320
1,513,"S-GP",120,0.03111128427431,0.0790799347150365,20,320
1,514,"S-GP",120,0.03111128427431,0.228652295660134,13,250
1,515,"S-GP",120,0.03111128427431,0.0720816694507421,17,290
1,516,"S-GP",120,0.154984485744392,0.169840270659146,17,290
1,517,"S-GP",120,0.03111128427431,0.124029312209224,15,270
1,518,"S-GP",120,0.154984485744392,0.18398709274828,25,370
1,519,"S-GP",120,0.03111128427431,0.176645689283305,19,310
1,520,"S-GP",120,0.03111128427431,0.0842638368566489,18,300
1,521,"S-GP",120,0.03111128427431,0.0604702494423346,12,240
1,522,"S-GP",120,0.03111128427431,0.166574270211701,11,230
1,523,"S-GP",120,0.03111128427431,0.0773929512580369,15,270
1,524,"S-GP",120,0.03111128427431,0.241647520473065,12,240
1,525,"S-GP",120,0.03111128427431,0.116125839466882,17,290
1,526,"S-GP",120,0.03111128427431,0.0767806510595557,18,300
1,527,"S-GP",120,0.03111128427431,0.0833528639727722,14,260
1,528,"S-GP",120,0.154984485744392,0.172675675364701,19,310
1,529,"S-GP",120,0.03111128427431,0.109113078764051,12,240
1,530,"S-GP",120,0.03111128427431,0.113326873273256,16,280
1,531,"S-GP",120,0.03111128427431,0.0538865858866516,13,250
1,532,"S-GP",120,0.03111128427431,0.0889064206629291,18,300
1,533,"S-GP",120,0.154984485744392,0.171752908486034,18,300
1,534,"S-GP",120,0.03111128427431,0.0825187346132707,12,240
1,535,"S-GP",120,0.03111128427431,0.0951935954098772,14,260
1,536,"S-GP",120,0.03111128427431,0.149470952927916,11,230
1,537,"S-GP",120,0.03111128427431,0.110128172970403,12,240
1,538,"S-GP",120,0.03111128427431,0.114703930383709,25,370
1,539,"S-GP",120,0.03111128427431,0.0609090013853878,14,260
1,540,"S-GP",120,0.03111128427431,0.150087687871343,14,260
1,541,"S-GP",120,0.154984485744392,0.168466063718031,13,250
1,542,"S-GP",120,0.03111128427431,0.060872675888976,16,280
1,543,"S-GP",120,0.03111128427431,0.0911382550085304,13,250
1,544,"S-GP",120,0.03111128427431,0.0630346068707635,17,290
1,545,"S-GP",120,0.03111128427431,0.0748203686393255,13,250
1,546,"S-GP",120,0.03111128427431,0.166740843431023,19,310
1,547,"S-GP",120,0.03111128427431,0.191181327663638,25,370
1,548,"S-GP",120,0.03111128427431,0.0936266875465677,16,280
1,549,"S-GP",120,0.03111128427431,0.131680716223676,15,270
1,550,"S-GP",120,0.03111128427431,0.155814417218318,25,370
1,551,"S-GP",120,0.850344151802164,0.168994382431557,11,230
1,552,"S-GP",120,0.154984485744392,0.178940826741649,13,250
1,553,"S-GP",120,0.03111128427431,0.0613017753454226,25,370
1,554,"S-GP",120,0.850344151802164,0.189761181246191,11,230
1,555,"S-GP",120,0.03111128427431,0.0702684953532646,12,240
1,556,"S-GP",120,0.154984485744392,0.167367208429914,15,270
1,557,"S-GP",120,0.03111128427431,0.0672088706239635,13,250
1,558,"S-GP",120,0.03111128427431,0.0783755666845416,11,230
1,559,"S-GP",120,0.03111128427431,0.0723823420091566,15,270
1,560,"S-GP",120,0.928975040051745,0.0876464355989885,11,230
1,561,"S-GP",120,0.03111128427431,0.0756792280109462,19,310
1,562,"S-GP",120,0.03111128427431,0.0899574731801269,11,230
1,563,"S-GP",120,0.03111128427431,0.122390706451512,16,280
1,564,"S-GP",120,0.154984485744392,0.175705179867005,16,280
1,565,"S-GP",120,0.03111128427431,0.13876692893773,19,310
1,566,"S-GP",120,0.03111128427431,0.0702596377785409,17,290
1,567,"S-GP",120,0.03111128427431,0.0749852242683231,18,300
1,568,"S-GP",120,0.154984485744392,0.17119487008452,14,260
1,569,"S-GP",120,0.03111128427431,0.0818178852161685,18,300
1,570,"S-GP",120,0.03111128427431,0.131889729216789,13,250
1,571,"S-GP",120,0.03111128427431,0.119487373790207,12,240
1,572,"S-GP",120,0.154984485744392,0.171213100404088,16,280
1,573,"S-GP",120,0.03111128427431,0.0857705830416662,20,320
1,574,"S-GP",120,0.03111128427431,0.12534060209213,25,370
1,575,"S-GP",120,0.03111128427431,0.0753764044921601,18,300
1,576,"S-GP",120,0.03111128427431,0.065277994830348,18,300
1,577,"S-GP",120,0.03111128427431,0.0639078313400112,16,280
1,578,"S-GP",120,0.03111128427431,0.0711899610689338,16,280
1,579,"S-GP",120,0.03111128427431,0.0638711498441584,19,310
1,580,"S-GP",120,0.03111128427431,0.0645613639105797,13,250
1,581,"S-GP",120,0.03111128427431,0.0607611312536014,25,370
1,582,"S-GP",120,0.154984485744392,0.181577838973099,25,370
1,583,"S-GP",120,0.03111128427431,0.0753205402498736,20,320
1,584,"S-GP",120,0.03111128427431,0.0765735160899951,17,290
1,585,"S-GP",120,0.154984485744392,0.193322031204631,25,370
1,586,"S-GP",120,0.03111128427431,0.0628376308080783,14,260
1,587,"S-GP",120,0.03111128427431,0.0510422894017161,17,290
1,588,"S-GP",120,0.03111128427431,0.0700564661199288,17,290
1,589,"S-GP",120,0.03111128427431,0.0602754349832882,11,230
1,590,"S-GP",120,0.928975040051745,0.112134902534689,11,230
1,591,"S-GP",120,0.154984485744392,0.181830259191762,17,290
1,592,"S-GP",120,0.03111128427431,0.0599875867312781,15,270
1,593,"S-GP",120,0.03111128427431,0.125886763603507,18,300
1,594,"S-GP",120,0.03111128427431,0.0634173519712525,14,260
1,595,"S-GP",120,0.850344151802164,0.178072662830969,10,220
1,596,"S-GP",120,0.03111128427431,0.125480892799009,14,260
1,597,"S-GP",120,0.850344151802164,0.181948629917215,10,220
1,598,"S-GP",120,0.03111128427431,0.15611389247937,18,300
1,599,"S-GP",120,0.03111128427431,0.137370529764796,16,280
1,600,"S-GP",120,0.03111128427431,0.0736561039872245,20,320
1,601,"S-GP",120,0.03111128427431,0.093048708631855,25,370
1,602,"S-GP",120,0.03111128427431,0.113892381582517,14,260
1,603,"S-GP",120,0.03111128427431,0.0830042159525278,12,240
1,604,"S-GP",120,0.03111128427431,0.0955716138815929,20,320
1,605,"S-GP",120,0.03111128427431,0.0579057036835974,15,270
1,606,"S-GP",120,0.03111128427431,0.0888688883097974,25,370
1,607,"S-GP",120,0.03111128427431,0.0736642575123284,20,320
1,608,"S-GP",120,0.03111128427431,0.0913384427602319,25,370
1,609,"S-GP",120,0.03111128427431,0.123305794549765,21,330
1,610,"S-GP",120,0.03111128427431,0.113397587433648,11,230
1,611,"S-GP",120,0.03111128427431,0.607113651199397,10,220
1,612,"S-GP",120,0.03111128427431,0.0697496796882316,19,310
1,613,"S-GP",120,0.03111128427431,0.0591375556822714,14,260
1,614,"S-GP",120,0.03111128427431,0.15600712615055,25,370
1,615,"S-GP",120,0.154984485744392,0.182237446898199,16,280
1,616,"S-GP",120,0.154984485744392,0.164616020780268,16,280
1,617,"S-GP",120,0.03111128427431,0.0848771186606597,25,370
1,618,"S-GP",120,0.03111128427431,0.112427639248435,19,310
1,619,"S-GP",120,0.154984485744392,0.176229290776457,18,300
1,620,"S-GP",120,0.03111128427431,0.0771730304948679,25,370
1,621,"S-GP",120,0.03111128427431,0.0997377883657551,13,250
1,622,"S-GP",120,0.03111128427431,0.0977180584358106,14,260
1,623,"S-GP",120,0.03111128427431,0.0657579290296675,16,280
1,624,"S-GP",120,0.03111128427431,0.0840409814711309,19,310
1,625,"S-GP",120,0.154984485744392,0.176352622828297,25,370
1,626,"S-GP",120,0.03111128427431,0.0672916199915245,12,240
1,627,"S-GP",120,0.03111128427431,0.0856047456831523,13,250
1,628,"S-GP",120,0.03111128427431,0.0945454943063152,12,240
1,629,"S-GP",120,0.03111128427431,0.0671385472882414,12,240
1,630,"S-GP",120,0.03111128427431,0.0635236873860935,12,240
1,631,"S-GP",120,0.03111128427431,0.0674712904728233,14,260
1,632,"S-GP",120,0.03111128427431,0.0860560255806594,25,370
1,633,"S-GP",120,0.03111128427431,0.068727652747974,12,240
1,634,"S-GP",120,0.154984485744392,0.168566532972378,13,250
1,635,"S-GP",120,0.03111128427431,0.0672691585124594,20,320
1,636,"S-GP",120,0.03111128427431,0.155784373070207,18,300
1,637,"S-GP",120,0.03111128427431,0.108103653676839,19,310
1,638,"S-GP",120,0.03111128427431,0.117681848585294,19,310
1,639,"S-GP",120,0.850344151802164,0.176775989832909,11,230
1,640,"S-GP",120,0.03111128427431,0.0612753336868695,16,280
1,641,"S-GP",120,0.293550583374071,0.127932656005077,16,280
1,642,"S-GP",120,0.154984485744392,0.167957814596295,12,240
1,643,"S-GP",120,0.850344151802164,0.167227403358203,12,240
1,644,"S-GP",120,0.03111128427431,0.0553893267384883,14,260
1,645,"S-GP",120,0.03111128427431,0.0637086362666673,16,280
1,646,"S-GP",120,0.03111128427431,0.0519953903759745,14,260
1,647,"S-GP",120,0.03111128427431,0.0813155848866327,15,270
1,648,"S-GP",120,0.154984485744392,0.170972100911165,18,300
1,649,"S-GP",120,0.03111128427431,0.0897881534706702,18,300
1,650,"S-GP",120,0.03111128427431,0.0707282800530694,17,290
1,651,"S-GP",120,0.03111128427431,0.063976857869744,19,310
1,652,"S-GP",120,0.03111128427431,0.0708253748254429,18,300
1,653,"S-GP",120,0.03111128427431,0.120226376082572,18,300
1,654,"S-GP",120,0.03111128427431,0.0635793529762192,16,280
1,655,"S-GP",120,0.03111128427431,0.0756745706381166,23,350
1,656,"S-GP",120,0.03111128427431,0.100770220754987,21,330
1,657,"S-GP",120,0.03111128427431,0.0719823232021474,15,270
1,658,"S-GP",120,0.03111128427431,0.0629624311616892,15,270
1,659,"S-GP",120,0.03111128427431,0.0894473213944106,12,240
1,660,"S-GP",120,0.03111128427431,0.054748385047552,16,280
1,661,"S-GP",120,0.03111128427431,0.066463818744041,16,280
1,662,"S-GP",120,0.154984485744392,0.168545821465247,12,240
1,663,"S-GP",120,0.03111128427431,0.0819871058995603,15,270
1,664,"S-GP",120,0.03111128427431,0.080464616837177,25,370
1,665,"S-GP",120,0.154984485744392,0.174577296140431,14,260
1,666,"S-GP",120,0.03111128427431,0.102988171750179,14,260
1,667,"S-GP",120,0.03111128427431,0.117016828913208,18,300
1,668,"S-GP",120,0.154984485744392,0.165981580697747,14,260
1,669,"S-GP",120,0.03111128427431,0.0936136226767992,17,290
1,670,"S-GP",120,0.03111128427431,0.0627382318133692,17,290
1,671,"S-GP",120,0.03111128427431,0.0808358304242464,16,280
1,672,"S-GP",120,0.850344151802164,0.168724658189331,10,220
1,673,"S-GP",120,0.03111128427431,0.0868511146759582,25,370
1,674,"S-GP",120,0.03111128427431,0.0626165554768313,18,300
1,675,"S-GP",120,0.154984485744392,0.1860837453966,25,370
1,676,"S-GP",120,0.03111128427431,0.0841167476042017,15,270
1,677,"S-GP",120,0.154984485744392,0.172025140329592,14,260
1,678,"S-GP",120,0.03111128427431,0.0855656582616443,18,300
1,679,"S-GP",120,0.293550583374071,0.146137625689451,25,370
1,680,"S-GP",120,0.03111128427431,0.0829667458805097,12,240
1,681,"S-GP",120,0.03111128427431,0.128162450700917,11,230
1,682,"S-GP",120,0.03111128427431,0.250843459911305,11,230
1,683,"S-GP",120,0.03111128427431,0.0913579822054796,25,370
1,684,"S-GP",120,0.03111128427431,0.065698198920924,14,260
1,685,"S-GP",120,0.03111128427431,0.0734712359150305,11,230
1,686,"S-GP",120,0.03111128427431,0.0891675378694127,13,250
1,687,"S-GP",120,0.03111128427431,0.204701637161881,14,260
1,688,"S-GP",120,0.03111128427431,0.0763586007086649,20,320
1,689,"S-GP",120,0.03111128427431,0.151002150669017,18,300
1,690,"S-GP",120,0.03111128427431,0.177237444865286,25,370
1,691,"S-GP",120,0.850344151802164,0.183306516702117,11,230
1,692,"S-GP",120,0.03111128427431,0.0634701491294927,14,260
1,693,"S-GP",120,0.03111128427431,0.0620577053037712,11,230
1,694,"S-GP",120,0.03111128427431,0.0921760078869575,18,300
1,695,"S-GP",120,0.03111128427431,0.0544324314689874,21,330
1,696,"S-GP",120,0.154984485744392,0.169659659340316,13,250
1,697,"S-GP",120,0.03111128427431,0.0864419587525429,14,260
1,698,"S-GP",120,0.154984485744392,0.169440094860652,17,290
1,699,"S-GP",120,0.03111128427431,0.176302819910599,19,310
1,700,"S-GP",120,0.154984485744392,0.165867269258155,15,270
1,701,"S-GP",120,0.03111128427431,0.112424226024824,14,260
1,702,"S-GP",120,0.03111128427431,0.121226702194256,16,280
1,703,"S-GP",120,0.293550583374071,0.160444545844835,25,370
1,704,"S-GP",120,0.154984485744392,0.171901750451356,13,250
1,705,"S-GP",120,0.03111128427431,0.0773786207448615,13,250
1,706,"S-GP",120,0.03111128427431,0.0573357777345154,25,370
1,707,"S-GP",120,0.03111128427431,0.0646701557070566,18,300
1,708,"S-GP",120,0.03111128427431,0.0751723852172599,14,260
1,709,"S-GP",120,0.154984485744392,0.169519659337327,13,250
1,710,"S-GP",120,0.154984485744392,0.182308654347794,25,370
1,711,"S-GP",120,0.03111128427431,0.119806655203202,17,290
1,712,"S-GP",120,0.154984485744392,0.208653704552474,25,370
1,713,"S-GP",120,0.03111128427431,0.0974123936200469,11,230
1,714,"S-GP",120,0.154984485744392,0.184048860549693,25,370
1,715,"S-GP",120,0.03111128427431,0.0780187136150704,25,370
1,716,"S-GP",120,0.03111128427431,0.0821107006439644,18,300
1,717,"S-GP",120,0.03111128427431,0.128126574253019,19,310
1,718,"S-GP",120,0.03111128427431,0.0763119037666184,25,370
1,719,"S-GP",120,0.154984485744392,0.17422877401567,11,230
1,720,"S-GP",120,0.03111128427431,0.065717178649258,12,240
1,721,"S-GP",120,0.850344151802164,0.172468875999233,11,230
1,722,"S-GP",120,0.03111128427431,0.0623321540270953,19,310
1,723,"S-GP",120,0.154984485744392,0.186594333087923,18,300
1,724,"S-GP",120,0.03111128427431,0.0790005872361393,15,270
1,725,"S-GP",120,0.03111128427431,0.0969481674612554,14,260
1,726,"S-GP",120,0.03111128427431,0.102161647128571,20,320
1,727,"S-GP",120,0.03111128427431,0.148687751070989,17,290
1,728,"S-GP",120,0.03111128427431,0.0643220142038695,21,330
1,729,"S-GP",120,0.850344151802164,0.169789857847358,11,230
1,730,"S-GP",120,0.03111128427431,0.0592386899357613,13,250
1,731,"S-GP",120,0.03111128427431,0.069374302747333,12,240
1,732,"S-GP",120,0.03111128427431,0.0857465466900942,16,280
1,733,"S-GP",120,0.03111128427431,0.0757171033599137,13,250
1,734,"S-GP",120,0.03111128427431,0.0578306478451933,17,290
1,735,"S-GP",120,0.03111128427431,0.17197590528948,12,240
1,736,"S-GP",120,0.154984485744392,0.19657699742313,20,320
1,737,"S-GP",120,0.154984485744392,0.169211973097494,17,290
1,738,"S-GP",120,1.1768994853279,0.198638853742681,11,230
1,739,"S-GP",120,0.03111128427431,0.114577846355503,16,280
1,740,"S-GP",120,0.03111128427431,0.08522332736548,19,310
1,741,"S-GP",120,0.03111128427431,0.147608963667871,20,320
1,742,"S-GP",120,0.03111128427431,0.0499895496740197,12,240
1,743,"S-GP",120,0.03111128427431,0.0593437091014189,20,320
1,744,"S-GP",120,0.154984485744392,0.167068035845934,13,250
1,745,"S-GP",120,0.03111128427431,0.126573557512253,22,340
1,746,"S-GP",120,0.03111128427431,0.131840052436762,12,240
1,747,"S-GP",120,0.154984485744392,0.187602666939924,25,370
1,748,"S-GP",120,0.03111128427431,0.0805249146142136,12,240
1,749,"S-GP",120,0.03111128427431,0.108961571728357,20,320
1,750,"S-GP",120,0.03111128427431,0.0865486030931766,17,290
1,751,"S-GP",120,0.03111128427431,0.0763964009263758,15,270
1,752,"S-GP",120,0.03111128427431,0.141332387122257,20,320
1,753,"S-GP",120,0.03111128427431,0.0742169684657797,20,320
1,754,"S-GP",120,0.03111128427431,0.103915083493537,19,310
1,755,"S-GP",120,0.03111128427431,0.0634773912215843,16,280
1,756,"S-GP",120,0.03111128427431,0.100724017925555,12,240
1,757,"S-GP",120,0.03111128427431,0.0757740300584881,23,350
1,758,"S-GP",120,0.03111128427431,0.0766405862678077,19,310
1,759,"S-GP",120,0.03111128427431,0.105094073427482,16,280
1,760,"S-GP",120,0.03111128427431,0.0799432289998009,17,290
1,761,"S-GP",120,0.03111128427431,0.0843416014546331,25,370
1,762,"S-GP",120,0.154984485744392,0.178374350478683,19,310
1,763,"S-GP",120,0.293550583374071,0.277070351400189,25,370
1,764,"S-GP",120,0.154984485744392,0.178390379577369,14,260
1,765,"S-GP",120,0.03111128427431,0.0740027999849737,19,310
1,766,"S-GP",120,0.03111128427431,0.0648477357406114,15,270
1,767,"S-GP",120,0.154984485744392,0.173842325153447,20,320
1,768,"S-GP",120,0.03111128427431,0.0793095440620591,18,300
1,769,"S-GP",120,0.03111128427431,0.137980909467872,18,300
1,770,"S-GP",120,0.03111128427431,0.0942455770170035,18,300
1,771,"S-GP",120,0.03111128427431,0.068987381093333,12,240
1,772,"S-GP",120,0.154984485744392,0.170995978901337,21,330
1,773,"S-GP",120,0.03111128427431,0.073618251359817,12,240
1,774,"S-GP",120,0.03111128427431,0.0922659022554515,11,230
1,775,"S-GP",120,0.03111128427431,0.0775024946388931,21,330
1,776,"S-GP",120,0.03111128427431,0.110322242740994,17,290
1,777,"S-GP",120,0.03111128427431,0.0747513844171075,17,290
1,778,"S-GP",120,0.154984485744392,0.186444663387947,25,370
1,779,"S-GP",120,0.03111128427431,0.13919060450582,15,270
1,780,"S-GP",120,0.154984485744392,0.173733809150956,18,300
1,781,"S-GP",120,0.03111128427431,0.0654921022189013,19,310
1,782,"S-GP",120,0.03111128427431,0.0911104052560661,25,370
1,783,"S-GP",120,0.03111128427431,0.0647423056981176,19,310
1,784,"S-GP",120,0.03111128427431,0.0990727068529102,12,240
1,785,"S-GP",120,0.03111128427431,0.0772790292026927,20,320
1,786,"S-GP",120,0.03111128427431,0.118767212306914,25,370
1,787,"S-GP",120,0.03111128427431,0.122959093378295,18,300
1,788,"S-GP",120,0.03111128427431,0.113860046304678,18,300
1,789,"S-GP",120,0.03111128427431,0.0815982031056224,19,310
1,790,"S-GP",120,0.03111128427431,0.0993697836188165,14,260
1,791,"S-GP",120,0.154984485744392,0.179967558727132,12,240
1,792,"S-GP",120,0.03111128427431,0.0823197584520681,19,310
1,793,"S-GP",120,0.03111128427431,0.0749673588485743,14,260
1,794,"S-GP",120,0.154984485744392,0.191321706429188,25,370
1,795,"S-GP",120,0.03111128427431,0.134497269379516,25,370
1,796,"S-GP",120,0.293550583374071,0.131518620954822,13,250
1,797,"S-GP",120,0.154984485744392,0.351981335429828,17,290
1,798,"S-GP",120,0.03111128427431,0.0947795443054758,19,310
1,799,"S-GP",120,0.03111128427431,0.103376334787149,18,300
1,800,"S-GP",120,0.850344151802164,0.16802945319212,10,220
1,801,"S-GP",120,0.03111128427431,0.109137355665232,25,370
1,802,"S-GP",120,0.03111128427431,0.133555592493133,14,260
1,803,"S-GP",120,0.03111128427431,0.0864433055056354,15,270
1,804,"S-GP",120,0.03111128427431,0.0525523650874372,16,280
1,805,"S-GP",120,0.03111128427431,0.12767098491505,19,310
1,806,"S-GP",120,0.03111128427431,0.0877082306550746,16,280
1,807,"S-GP",120,0.03111128427431,0.0790461566960796,14,260
1,808,"S-GP",120,0.154984485744392,0.171928848896019,25,370
1,809,"S-GP",120,0.03111128427431,0.067689782503884,13,250
1,810,"S-GP",120,0.03111128427431,0.0832385372560912,14,260
1,811,"S-GP",120,0.03111128427431,0.12627745339337,19,310
1,812,"S-GP",120,0.154984485744392,0.172639134139063,14,260
1,813,"S-GP",120,0.03111128427431,0.15078711548974,11,230
1,814,"S-GP",120,0.154984485744392,0.279128487606869,15,270
1,815,"S-GP",120,0.03111128427431,0.0615519635721072,19,310
1,816,"S-GP",120,0.154984485744392,0.168674959710256,11,230
1,817,"S-GP",120,0.03111128427431,0.0712620383122406,20,320
1,818,"S-GP",120,0.03111128427431,0.085143119772688,14,260
1,819,"S-GP",120,0.850344151802164,0.166416894555983,11,230
1,820,"S-GP",120,0.03111128427431,0.118556325669729,15,270
1,821,"S-GP",120,0.154984485744392,0.175149642028019,13,250
1,822,"S-GP",120,0.154984485744392,0.173461894921076,16,280
1,823,"S-GP",120,0.154984485744392,0.241085612702016,19,310
1,824,"S-GP",120,0.03111128427431,0.0710575844203443,19,310
1,825,"S-GP",120,0.293550583374071,0.138460839609111,25,370
1,826,"S-GP",120,0.03111128427431,0.146809661918761,25,370
1,827,"S-GP",120,0.03111128427431,0.0859973191311526,12,240
1,828,"S-GP",120,0.03111128427431,0.0742669679385793,25,370
1,829,"S-GP",120,0.03111128427431,0.0638097820754042,19,310
1,830,"S-GP",120,0.03111128427431,0.0569265586266871,16,280
1,831,"S-GP",120,0.03111128427431,0.0946743129259194,19,310
1,832,"S-GP",120,0.03111128427431,0.0640361048832946,18,300
1,833,"S-GP",120,0.154984485744392,0.775313418221242,10,220
1,834,"S-GP",120,0.03111128427431,0.0653592464270266,12,240
1,835,"S-GP",120,0.154984485744392,0.165933797015027,12,240
1,836,"S-GP",120,0.03111128427431,0.12927484078132,14,260
1,837,"S-GP",120,0.03111128427431,0.103970245241834,23,350
1,838,"S-GP",120,0.03111128427431,0.0790899197751303,17,290
1,839,"S-GP",120,0.03111128427431,0.0673045138036785,17,290
1,840,"S-GP",120,0.03111128427431,0.0748054735046937,19,310
1,841,"S-GP",120,0.03111128427431,0.081316295133444,15,270
1,842,"S-GP",120,0.03111128427431,0.0779100712045713,23,350
1,843,"S-GP",120,0.03111128427431,0.107080777831478,19,310
1,844,"S-GP",120,0.154984485744392,0.179756908251374,25,370
1,845,"S-GP",120,0.03111128427431,0.0650264022305423,20,320
1,846,"S-GP",120,0.03111128427431,0.0855331330602635,17,290
1,847,"S-GP",120,0.03111128427431,0.100614129272895,25,370
1,848,"S-GP",120,0.03111128427431,0.0911919694757227,12,240
1,849,"S-GP",120,0.154984485744392,0.175398707562499,21,330
1,850,"S-GP",120,0.03111128427431,0.069467161601898,16,280
1,851,"S-GP",120,0.03111128427431,0.0699725780288698,17,290
1,852,"S-GP",120,0.154984485744392,0.188569302296953,15,270
1,853,"S-GP",120,0.03111128427431,0.159608656103436,18,300
1,854,"S-GP",120,0.03111128427431,0.107635545248979,14,260
1,855,"S-GP",120,0.03111128427431,0.0773087138353512,12,240
1,856,"S-GP",120,0.03111128427431,0.078298583048438,16,280
1,857,"S-GP",120,0.03111128427431,0.0636086495616554,17,290
1,858,"S-GP",120,0.03111128427431,0.0678477734038445,19,310
1,859,"S-GP",120,0.03111128427431,0.0651715701861023,16,280
1,860,"S-GP",120,0.03111128427431,0.0721137264149555,25,370
1,861,"S-GP",120,0.03111128427431,0.141018496921988,20,320
1,862,"S-GP",120,0.03111128427431,0.0959700322310632,20,320
1,863,"S-GP",120,0.154984485744392,0.217073646645674,20,320
1,864,"S-GP",120,0.03111128427431,0.081357021845656,19,310
1,865,"S-GP",120,0.03111128427431,0.0618176038420021,18,300
1,866,"S-GP",120,0.03111128427431,0.0584663956456848,12,240
1,867,"S-GP",120,0.154984485744392,0.172262218501876,17,290
1,868,"S-GP",120,0.850344151802164,0.175496487015721,10,220
1,869,"S-GP",120,0.03111128427431,0.0846826863474778,18,300
1,870,"S-GP",120,0.03111128427431,0.202926619864103,19,310
1,871,"S-GP",120,0.03111128427431,0.151801943553734,25,370
1,872,"S-GP",120,0.154984485744392,0.245112689446016,18,300
1,873,"S-GP",120,0.03111128427431,0.0630544537785371,19,310
1,874,"S-GP",120,0.03111128427431,0.0737295629172701,14,260
1,875,"S-GP",120,0.154984485744392,0.167934776919736,12,240
1,876,"S-GP",120,0.03111128427431,0.10487969144368,20,320
1,877,"S-GP",120,0.03111128427431,0.0726922641848818,12,240
1,878,"S-GP",120,0.03111128427431,0.075364118573419,12,240
1,879,"S-GP",120,0.03111128427431,0.10729009767773,16,280
1,880,"S-GP",120,0.03111128427431,0.097935310674982,13,250
1,881,"S-GP",120,0.03111128427431,0.0945682131665119,18,300
1,882,"S-GP",120,0.154984485744392,0.212301440515747,16,280
1,883,"S-GP",120,0.03111128427431,0.144160110238284,20,320
1,884,"S-GP",120,0.03111128427431,0.0849607132078312,16,280
1,885,"S-GP",120,0.03111128427431,0.107036587948736,18,300
1,886,"S-GP",120,0.03111128427431,0.166429430652119,16,280
1,887,"S-GP",120,0.03111128427431,0.096099281854616,25,370
1,888,"S-GP",120,0.03111128427431,0.0613450764818887,15,270
1,889,"S-GP",120,0.03111128427431,0.127832254415525,17,290
1,890,"S-GP",120,0.850344151802164,0.196627138882362,11,230
1,891,"S-GP",120,0.03111128427431,0.0650182213779135,15,270
1,892,"S-GP",120,0.850344151802164,0.166007137410745,12,240
1,893,"S-GP",120,0.03111128427431,0.078507943204625,19,310
1,894,"S-GP",120,0.03111128427431,0.0546887509286207,14,260
1,895,"S-GP",120,0.154984485744392,0.182503836629292,15,270
1,896,"S-GP",120,0.03111128427431,0.143250730092328,20,320
1,897,"S-GP",120,0.03111128427431,0.155120755034374,12,240
1,898,"S-GP",120,0.154984485744392,0.212961814713158,15,270
1,899,"S-GP",120,0.03111128427431,0.0652963830095026,15,270
1,900,"S-GP",120,0.03111128427431,0.0821747919726809,17,290
1,901,"S-GP",120,0.154984485744392,0.204136334152315,25,370
1,902,"S-GP",120,0.03111128427431,0.066563202940828,25,370
1,903,"S-GP",120,0.154984485744392,0.167462439118699,16,280
1,904,"S-GP",120,0.03111128427431,0.127393566090459,21,330
1,905,"S-GP",120,0.03111128427431,0.0747992221752982,12,240
1,906,"S-GP",120,0.03111128427431,0.0563000269913429,17,290
1,907,"S-GP",120,0.03111128427431,0.0992777448049072,21,330
1,908,"S-GP",120,0.850344151802164,0.175778127462906,11,230
1,909,"S-GP",120,0.03111128427431,0.144123088412938,18,300
1,910,"S-GP",120,0.03111128427431,0.0845920012026249,12,240
1,911,"S-GP",120,0.03111128427431,0.0600953968800739,18,300
1,912,"S-GP",120,0.03111128427431,0.0576353733722977,17,290
1,913,"S-GP",120,0.154984485744392,0.173436283506235,22,340
1,914,"S-GP",120,0.154984485744392,0.176212245364174,14,260
1,915,"S-GP",120,0.03111128427431,0.0796174932898073,25,370
1,916,"S-GP",120,0.03111128427431,0.129161954517183,16,280
1,917,"S-GP",120,0.154984485744392,0.166845251383695,12,240
1,918,"S-GP",120,0.03111128427431,0.0779533082031145,19,310
1,919,"S-GP",120,0.03111128427431,0.136994999700431,15,270
1,920,"S-GP",120,0.03111128427431,0.065108611811177,16,280
1,921,"S-GP",120,0.03111128427431,0.0645247178563797,19,310
1,922,"S-GP",120,0.03111128427431,0.0637484718671377,17,290
1,923,"S-GP",120,0.03111128427431,0.0773855981162293,11,230
1,924,"S-GP",120,0.03111128427431,0.111692010364284,12,240
1,925,"S-GP",120,0.03111128427431,0.0727676779789843,14,260
1,926,"S-GP",120,0.03111128427431,0.103627783392179,25,370
1,927,"S-GP",120,0.03111128427431,0.0581928480949314,19,310
1,928,"S-GP",120,0.03111128427431,0.0980040657513081,16,280
1,929,"S-GP",120,0.03111128427431,0.190772462619492,12,240
1,930,"S-GP",120,0.03111128427431,0.077974318624846,12,240
1,931,"S-GP",120,0.03111128427431,0.0827652752253797,22,340
1,932,"S-GP",120,0.03111128427431,0.130455572623243,18,300
1,933,"S-GP",120,0.03111128427431,0.119940161390779,19,310
1,934,"S-GP",120,0.03111128427431,0.0653583468438612,25,370
1,935,"S-GP",120,0.03111128427431,0.0781757672727422,25,370
1,936,"S-GP",120,0.03111128427431,0.0703588919142772,25,370
1,937,"S-GP",120,0.03111128427431,0.0938972726009164,18,300
1,938,"S-GP",120,0.154984485744392,0.186132504826037,15,270
1,939,"S-GP",120,0.03111128427431,0.0683283366722866,14,260
1,940,"S-GP",120,0.03111128427431,0.150620324771591,25,370
1,941,"S-GP",120,0.03111128427431,0.0836839848827976,19,310
1,942,"S-GP",120,0.03111128427431,0.141454393901867,12,240
1,943,"S-GP",120,0.03111128427431,0.132925219541708,14,260
1,944,"S-GP",120,0.154984485744392,0.182323525071594,25,370
1,945,"S-GP",120,0.154984485744392,0.173445386059749,25,370
1,946,"S-GP",120,0.03111128427431,0.0577527635842525,16,280
1,947,"S-GP",120,0.03111128427431,0.137473554932607,25,370
1,948,"S-GP",120,0.03111128427431,0.0791072207009293,13,250
1,949,"S-GP",120,0.03111128427431,0.0820904949676511,12,240
1,950,"S-GP",120,0.03111128427431,0.057603935903606,17,290
1,951,"S-GP",120,0.03111128427431,0.153400088251907,20,320
1,952,"S-GP",120,0.03111128427431,0.0977771944156585,18,300
1,953,"S-GP",120,0.03111128427431,0.0909907980999398,20,320
1,954,"S-GP",120,0.03111128427431,0.0804094149381258,17,290
1,955,"S-GP",120,0.03111128427431,0.0660906262970824,14,260
1,956,"S-GP",120,0.03111128427431,0.188847075370243,15,270
1,957,"S-GP",120,0.03111128427431,0.0542277715885013,12,240
1,958,"S-GP",120,0.03111128427431,0.0573783660987621,15,270
1,959,"S-GP",120,0.03111128427431,0.0639152442299174,19,310
1,960,"S-GP",120,0.03111128427431,0.0669628223639044,16,280
1,961,"S-GP",120,0.03111128427431,0.106848705966316,21,330
1,962,"S-GP",120,0.03111128427431,0.0870851755535152,25,370
1,963,"S-GP",120,0.03111128427431,0.0670750809124328,12,240
1,964,"S-GP",120,0.03111128427431,0.0656738919677395,14,260
1,965,"S-GP",120,0.03111128427431,0.0596622143272066,23,350
1,966,"S-GP",120,0.154984485744392,0.185164363194252,20,320
1,967,"S-GP",120,0.03111128427431,0.0948383254055563,13,250
1,968,"S-GP",120,0.03111128427431,0.160148570261858,13,250
1,969,"S-GP",120,0.03111128427431,0.0586189166443748,14,260
1,970,"S-GP",120,0.03111128427431,0.0744655998269124,15,270
1,971,"S-GP",120,0.03111128427431,0.140662761274967,12,240
1,972,"S-GP",120,0.03111128427431,0.0729681310680887,15,270
1,973,"S-GP",120,0.03111128427431,0.140439308843518,25,370
1,974,"S-GP",120,0.154984485744392,0.17633649425459,19,310
1,975,"S-GP",120,0.03111128427431,0.110906403005149,25,370
1,976,"S-GP",120,0.03111128427431,0.121035210372977,13,250
1,977,"S-GP",120,0.03111128427431,0.0874960103241976,25,370
1,978,"S-GP",120,0.03111128427431,0.101690055939635,14,260
1,979,"S-GP",120,0.03111128427431,0.116935297270862,18,300
1,980,"S-GP",120,0.154984485744392,0.178918651298971,10,220
1,981,"S-GP",120,0.03111128427431,0.0875526705066804,13,250
1,982,"S-GP",120,0.03111128427431,0.0723295382711681,25,370
1,983,"S-GP",120,0.154984485744392,0.166807822836832,12,240
1,984,"S-GP",120,0.154984485744392,0.226453736325354,25,370
1,985,"S-GP",120,0.850344151802164,0.175101350040279,11,230
1,986,"S-GP",120,0.03111128427431,0.0583015842975884,25,370
1,987,"S-GP",120,0.03111128427431,0.0723751759533615,15,270
1,988,"S-GP",120,0.03111128427431,0.0795567865106762,14,260
1,989,"S-GP",120,0.03111128427431,0.105055308041313,16,280
1,990,"S-GP",120,0.03111128427431,0.0980626968295244,24,360
1,991,"S-GP",120,0.03111128427431,0.0648324485005897,17,290
1,992,"S-GP",120,0.03111128427431,0.0512678908965099,12,240
1,993,"S-GP",120,0.154984485744392,0.185712505980739,25,370
1,994,"S-GP",120,0.03111128427431,0.106571203638025,13,250
1,995,"S-GP",120,0.154984485744392,0.178730356303874,18,300
1,996,"S-GP",120,0.03111128427431,0.0807926209865996,20,320
1,997,"S-GP",120,0.03111128427431,0.128328565114498,25,370
1,998,"S-GP",120,0.03111128427431,0.0625794611435682,18,300
1,999,"S-GP",120,0.03111128427431,0.0939969745024063,18,300
1,1000,"S-GP",120,0.03111128427431,0.0512880780372526,13,250
